Characters,Meaning,Pronunciation
发展,development; growth; to develop; to grow; to expand,fāzhǎn
政府,government,zhèngfǔ
社会,society,shèhuì
世界,world,shìjiè
国际,international,guójì
地区,"local; regional; district (not necessarily formal administrative unit); region; area; as suffix to city name, means prefecture or county (area administered by a prefecture-level city or county level city)",dìqū
政治,politics; political,zhèngzhì
历史,history,lìshǐ
组织,to organize; organization; (biology) tissue; (textiles) weave,zǔzhī
以及,as well as; too; and,yǐjí
人民,the people,rénmín
香港,Hong Kong,xiānggǎng
通过,by means of; through; via; to pass through; to get through; to adopt; to pass (a bill or inspection etc); to switch over,tōngguò
必须,to have to; must; compulsory; necessarily,bìxū
包括,to comprise; to include; to involve; to incorporate; to consist of,bāokuò
如何,how; what way; what,rúhé
全国,whole nation; nationwide; countrywide; national,quánguó
企业,company; firm; enterprise; corporation,qǐyè
影响,influence; effect; to influence; to affect (usually adversely); to disturb,yǐngxiǎng
提供,to offer; to supply; to provide; to furnish,tígōng
希望,to wish for; to desire; hope,xīwàng
技术,technology; technique; skill,jìshù
不同,different; distinct; not the same; not alike,bùtóng
研究,research; a study; to research; to look into,yánjiū
根据,according to; based on; basis; foundation,gēnjù
任何,any; whatever; whichever; whatsoever,rènhé
结果,to bear fruit,jiēguǒ
因此,thus; consequently; as a result,yīncǐ
游戏,game; to play,yóuxì
支持,to be in favor of; to support; to back; support; backing; to stand by,zhīchí
中心,center; heart; core,zhōngxīn
继续,to continue; to proceed with; to go on with,jìxù
市场,marketplace; market (also in abstract),shìchǎng
对于,regarding; as far as sth is concerned; with regards to,duìyú
获得,to obtain; to receive; to get,huòdé
由于,due to; as a result of; thanks to; owing to; since; because,yóuyú
内容,content; substance; details,nèiróng
许多,many; a lot of; much,xǔduō
目前,at the present time; currently,mùqián
资料,material; resources; data; information; profile (Internet),zīliào
关于,pertaining to; concerning; with regard to; about; a matter of,guānyú
部分,part; share; section; piece,bùfen
自由,freedom; free; liberty,zìyóu
台湾,Taiwan,táiwān
建设,to build; to construct; construction; constructive,jiànshè
参加,to participate; to take part; to join,cānjiā
有关,to have sth to do with; to relate to; related to; to concern; concerning,yǒuguān
建立,to establish; to set up; to found,jiànlì
单位,"unit (of measure); unit (group of people as a whole); work unit (place of employment, esp. in the PRC prior to economic reform)",dānwèi
生产,to produce; to manufacture; to give birth to a child,shēngchǎn
产品,goods; merchandise; product,chǎnpǐn
会议,meeting; conference,huìyì
委员会,committee,wěiyuánhuì
选择,to select; to pick; choice; option; alternative,xuǎnzé
无法,unable; incapable,wúfǎ
领导,lead; leading; to lead; leadership; leader,lǐngdǎo
管理,to supervise; to manage; to administer; management; administration,guǎnlǐ
进入,to enter; to join; to go into,jìnrù
个人,individual; personal; oneself,gèrén
环境,environment; circumstances; surroundings; ambient,huánjìng
一般,same; ordinary; so-so; common; general; generally; in general,yībān
网络,Internet,wǎngluò
提出,to raise (an issue); to propose; to put forward; to suggest; to post (on a website); to withdraw (cash),tíchū
民主,democracy,mínzhǔ
甚至,even; so much so that,shènzhì
保护,to protect; to defend; to safeguard; protection,bǎohù
机构,mechanism; structure; organization; agency; institution,jīgòu
过程,course of events; process,guòchéng
法律,law,fǎlǜ
视频,video,shìpín
事件,event; happening; incident,shìjiàn
设计,plan; design; to design; to plan,shèjì
直接,direct (opposite: indirect 間接|间接[jian4 jie1]); immediate; straightforward,zhíjiē
报告,to inform; to report; to make known; report; speech; talk; lecture,bàogào
战争,war; conflict,zhànzhēng
英国,United Kingdom 聯合王國|联合王国[Lian2 he2 wang2 guo2]; United Kingdom of Great Britain and Northern Ireland; abbr. for England 英格蘭|英格兰[Ying1 ge2 lan2],yīngguó
存在,to exist; to be; existence,cúnzài
人员,staff; crew; personnel,rényuán
成功,"Chenggong or Chengkung town in Taitung County 臺東縣|台东县[Tai2 dong1 Xian4], southeast Taiwan",chénggōng
科技,science and technology,kējì
时期,period; phase,shíqī
项目,item; project; (sports) event,xiàngmù
政策,policy,zhèngcè
故事,old practice,gùshì
资源,"Ziyuan county in Guilin 桂林[Gui4 lin2], Guangxi",zīyuán
集团,group; bloc; corporation; conglomerate,jítuán
不断,unceasing; uninterrupted; continuous; constant,bùduàn
合作,to cooperate; to collaborate; to work together; cooperation,hézuò
专业,specialty; specialized field; main field of study (at university); major; professional,zhuānyè
参与,to participate (in sth),cānyù
科学,science; scientific knowledge; scientific; rational,kēxué
任务,mission; assignment; task; duty; role,rènwu
是否,whether (or not); if; is or isn't,shìfǒu
成立,to establish; to set up; to be tenable; to hold water,chénglì
规定,provision; to fix; to set; to formulate; to stipulate; to provide; regulation; rule,guīdìng
时代,"Time, US weekly news magazine",shídài
艺术,art,yìshù
处理,to handle; to treat; to deal with; to process; to deal with a criminal case; to mete out punishment; to offer for sale at a reduced price; to punish,chǔlǐ
举行,"to hold (a meeting, ceremony etc)",jǔxíng
拥有,to have; to possess,yōngyǒu
独立,independent; independence; to stand alone,dúlì
全球,entire; total; global; the (whole) world; worldwide,quánqiú
传统,tradition; traditional; convention; conventional,chuántǒng
超过,to surpass; to exceed; to outstrip,chāoguò
韩国,"South Korea (Republic of Korea); Han, one of the Seven Hero States of the Warring States 戰國七雄|战国七雄[zhan4 guo2 qi1 xiong2]; Korea from the fall of the Joseon dynasty in 1897",hánguó
期间,period of time; time; time period; period,qījiān
分析,to analyze; analysis,fēnxī
目标,target; goal; objective,mùbiāo
调查,investigation; inquiry; to investigate; to survey; survey; (opinion) poll,diàochá
投资,investment; to invest,tóuzī
人类,humanity; human race; mankind,rénlèi
真正,genuine; real; true; genuinely,zhēnzhèng
产生,to arise; to come into being; to come about; to give rise to; to bring into being; to bring about; to produce; to engender; to generate; to appear; appearance; emergence; generation; production; yield,chǎnshēng
为人,to conduct oneself; behavior; conduct; personal character,wéirén
世纪,century,shìjì
行动,operation; action; to move about; mobile,xíngdòng
严重,grave; serious; severe; critical,yánzhòng
帮助,assistance; aid; to help; to assist,bāngzhù
造成,to bring about; to create; to cause,zàochéng
增加,to raise; to increase,zēngjiā
作品,work (of art); opus,zuòpǐn
家庭,family; household,jiātíng
工业,industry,gōngyè
基础,base; foundation; basis; underlying,jīchǔ
负责,to be in charge of; to take responsibility for; to be to blame; conscientious,fùzé
根本,fundamental; basic; root; simply; absolutely (not); (not) at all,gēnběn
具有,to have; to possess,jùyǒu
结束,termination; to finish; to end; to conclude; to close,jiéshù
控制,control; to exercise control over; to contain,kòngzhì
群众,mass; multitude; the masses,qúnzhòng
才能,talent; ability; capacity,cáinéng
选举,to elect; election,xuǎnjǔ
媒体,"media, esp. news media",méitǐ
努力,great effort; to strive; to try hard,nǔlì
整个,whole; entire; total,zhěnggè
如此,in this way; so,rúcǐ
利用,to exploit; to make use of; to use; to take advantage of; to utilize,lìyòng
欧洲,Europe; abbr. for 歐羅巴洲|欧罗巴洲[Ou1 luo2 ba1 Zhou1],ōuzhōu
比赛,competition (sports etc); match; to compete,bǐsài
达到,to reach; to achieve; to attain,dádào
制度,"system (e.g. political, adminstrative etc); institution",zhìdù
年代,a decade of a century (e.g. the Sixties); age; era; period,niándài
未来,future; tomorrow; approaching; coming; pending,wèilái
开发,to exploit (a resource); to open up (for development); to develop,kāifā
主席,chairperson; premier; chairman,zhǔxí
革命,revolution; revolutionary (politics),gémìng
以来,since (a previous event),yǐlái
成员,member,chéngyuán
离开,to depart; to leave,líkāi
基本,basic; fundamental; main; elementary,jīběn
导致,to lead to; to create; to cause; to bring about,dǎozhì
价值,"value; worth; fig. values (ethical, cultural etc)",jiàzhí
中年,middle age,zhōngnián
加入,to become a member; to join; to mix into; to participate in; to add in,jiārù
属于,to be classified as; to belong to; to be part of,shǔyú
数据,data; numbers; digital,shùjù
形成,to form; to take shape,xíngchéng
行政,administrative; executive (attributive),xíngzhèng
发布,to release; to issue; to announce; to distribute; also written 發布|发布[fa1 bu4],fābù
建筑,to construct; building,jiànzhù
经验,experience; to experience,jīngyàn
官方,government; official (approved or issued by an authority),guānfāng
增长,to grow; to increase,zēngzhǎng
德国,Germany; German,déguó
显示,to show; to illustrate; to display; to demonstrate,xiǎnshì
部门,department; branch; section; division,bùmén
建议,to propose; to suggest; to recommend; proposal; suggestion; recommendation,jiànyì
标准,(an official) standard; norm; criterion,biāozhǔn
权利,right (i.e. an entitlement to sth); (classical) power and wealth,quánlì
条件,condition; circumstances; term; factor; requirement; prerequisite; qualification,tiáojiàn
价格,price,jiàgé
指出,to indicate; to point out,zhǐchū
专家,expert; specialist,zhuānjiā
系列,series; set,xìliè
改革,reform; to reform,gǎigé
警察,police; police officer,jǐngchá
记录,to record; record (written account); note-taker; record (in sports etc),jìlù
用户,user; consumer; subscriber; customer,yònghù
确定,definite; certain; fixed; to fix (on sth); to determine; to be sure; to ensure; to make certain; to ascertain; to clinch; to recognize; to confirm; OK (on computer dialog box),quèdìng
机关,mechanism; gear; machine-operated; office; agency; organ; organization; establishment; institution; body; stratagem; scheme; intrigue; plot; trick,jīguān
不仅,not only (this one); not just (...) but also,bùjǐn
女性,woman; the female sex,nǚxìng
解释,explanation; to explain; to interpret; to resolve,jiěshì
人物,"person; character (in a play, novel etc); protagonist",rénwù
执行,to implement; to carry out; to execute; to run,zhíxíng
采用,to adopt; to employ; to use,cǎiyòng
证明,proof; certificate; identification; testimonial; to prove; to testify; to confirm the truth of,zhèngmíng
理论,theory; to argue; to take notice of,lǐlùn
讨论,to discuss; to talk over,tǎolùn
结构,structure; composition; makeup; architecture,jiégòu
区域,area; region; district,qūyù
俄罗斯,Russia,éluósī
综合,comprehensive; composite; synthesized; mixed; to sum up; to integrate; to synthesize,zōnghé
中央,central; middle; center; central authorities (of a state),zhōngyāng
分别,to part or leave each other; to distinguish; difference; in different ways; differently; separately or individually,fēnbié
工程,engineering; an engineering project; project; undertaking,gōngchéng
要不,otherwise; or else; how about...?; either... (or...),yàobù
全部,whole; entire; complete,quánbù
社区,community; neighborhood,shèqū
公开,public; to publish; to make public,gōngkāi
宣布,to declare; to announce; to proclaim,xuānbù
当地,local,dāngdì
坚持,to persevere with; to persist in; to insist on,jiānchí
范围,range; scope; limit; extent,fànwéi
功能,function; capability,gōngnéng
农业,agriculture; farming,nóngyè
力量,power; force; strength,lìliang
例如,for example; for instance; such as,lìrú
民族,nationality; ethnic group,mínzú
组成,to form; to make up; to constitute,zǔchéng
取得,to acquire; to get; to obtain,qǔdé
土地,land; soil; territory,tǔdì
大量,great amount; large quantity; bulk; numerous; generous; magnanimous,dàliàng
考虑,to think over; to consider; consideration,kǎolǜ
持续,to continue; to persist; sustainable; preservation,chíxù
保证,guarantee; to guarantee; to ensure; to safeguard; to pledge,bǎozhèng
开放,to bloom; to open; to be open (to the public); to open up (to the outside); to be open-minded; unrestrained by convention; unconstrained in one's sexuality,kāifàng
权力,power; authority,quánlì
健康,health; healthy,jiànkāng
精神,spirit; mind; consciousness; thought; mental; psychological; essence; gist,jīngshén
实际,reality; practice; practical; realistic; real; actual,shíjì
容易,easy; likely; liable (to),róngyì
领域,domain; sphere; field; territory; area,lǐngyù
设备,equipment; facilities; installations,shèbèi
免费,free (of charge),miǎnfèi
最终,final; ultimate,zuìzhōng
印度,India,yìndù
位于,to be located at; to be situated at; to lie,wèiyú
美元,American dollar; US dollar,měiyuán
终于,at last; in the end; finally; eventually,zhōngyú
来年,next year; the coming year,láinián
几乎,almost; nearly; practically,jīhū
生命,life (as the characteristic of living beings); living being; creature,shēngmìng
产业,industry; estate; property; industrial,chǎnyè
都会,city; metropolis,dūhuì
文章,article; essay; literary works; writings; hidden meaning,wénzhāng
面积,"area (of a floor, piece of land etc); surface area; tract of land",miànjī
意义,sense; meaning; significance; importance,yìyì
居民,resident; inhabitant,jūmín
肯定,to be certain; to be positive; assuredly; definitely; to give recognition; to affirm; affirmative (answer),kěndìng
所谓,so-called; what is called,suǒwèi
唯一,only; sole,wéiyī
曾经,once; already; former; previously; ever; (past tense marker used before verb or clause),céngjīng
结合,to combine; to link; to integrate; binding,jiéhé
亚洲,Asia; abbr. for 亞細亞洲|亚细亚洲[Ya4 xi4 ya4 Zhou1],yàzhōu
官员,official (in an organization or government); administrator,guānyuán
军队,army; troops,jūnduì
引起,to give rise to; to lead to; to cause; to arouse,yǐnqǐ
稳定,steady; stable; stability; to stabilize; to pacify,wěndìng
明显,clear; distinct; obvious,míngxiǎn
现场,"the scene (of a crime, accident etc); (on) the spot; (at) the site",xiànchǎng
确实,indeed; really; reliable; real; true,quèshí
人士,person; figure; public figure,rénshì
现象,phenomenon; appearance,xiànxiàng
大陆,mainland China (reference to the PRC),dàlù
模式,mode; method; pattern,móshì
死亡,to die; death,sǐwáng
强调,to emphasize (a statement); to stress,qiángdiào
职业,occupation; profession; vocation; professional,zhíyè
教师,teacher,jiàoshī
加强,to reinforce; to strengthen; to increase,jiāqiáng
联合,to combine; to join; unite; alliance,liánhé
更加,more (than sth else); even more,gèngjiā
平台,platform; terrace; flat-roofed building,píngtái
节目,program; item (on a program),jiémù
也许,perhaps; maybe,yěxǔ
好在,luckily; fortunately,hǎozài
军事,military affairs; military matters; military,jūnshì
宣传,to disseminate; to give publicity to; propaganda,xuānchuán
阅读,to read; reading,yuèdú
后人,later generation,hòurén
行业,industry; business,hángyè
现代,"Hyundai, South Korean company",xiàndài
责任,responsibility; blame; duty,zérèn
事实,fact,shìshí
公民,citizen,gōngmín
理解,to comprehend; to understand; comprehension; understanding,lǐjiě
实行,to implement; to carry out; to put into practice,shíxíng
长期,long term; long time; long range (of a forecast),chángqī
欢迎,to welcome; welcome,huānyíng
经历,experience; to experience; to go through,jīnglì
失去,to lose,shīqù
内部,"interior; inside (part, section); internal",nèibù
状态,state of affairs; state; mode; situation,zhuàngtài
减少,to lessen; to decrease; to reduce; to lower,jiǎnshǎo
真实,true; real,zhēnshí
报道,to report (news); report,bàodào
攻击,to attack; to accuse; to charge; an attack (terrorist or military),gōngjī
农民,peasant; farmer,nóngmín
保持,to keep; to maintain; to hold; to preserve,bǎochí
机场,airport; airfield; (slang) service provider for Shadowsocks or similar software for circumventing Internet censorship,jīchǎng
规模,scale; scope; extent,guīmó
形式,outer appearance; form; shape; formality,xíngshì
错误,error; mistake; mistaken; false; wrong,cuòwù
思想,thought; thinking; idea; ideology,sīxiǎng
动物,animal,dòngwù
苏联,"Soviet Union, 1922-1991; abbr. for Union of Soviet Socialist Republics (USSR) 蘇維埃社會主義共和國聯盟|苏维埃社会主义共和国联盟[Su1 wei2 ai1 She4 hui4 zhu3 yi4 Gong4 he2 guo2 Lian2 meng2]",sūlián
交易,(business) transaction; business deal,jiāoyì
此外,besides; in addition; moreover; furthermore,cǐwài
积极,active; energetic; vigorous; positive (outlook); proactive,jījí
仍然,still; yet,réngrán
绝对,absolute; unconditional,juéduì
清楚,clear; distinct; to understand thoroughly; to be clear about,qīngchu
采取,"to adopt or carry out (measures, policies, course of action); to take",cǎiqǔ
经营,to engage in (business etc); to run; to operate,jīngyíng
能人,"capable person; Homo habilis, extinct species of upright East African hominid",néngrén
后年,the year after next,hòunián
到底,finally; in the end; when all is said and done; after all; to the end; to the last,dàodǐ
方案,plan; program (for action etc); proposal; proposed bill,fāngàn
观点,point of view; viewpoint; standpoint,guāndiǎn
青年,youth; youthful years; young person; the young,qīngnián
农村,rural area; village,nóngcūn
和平,"Heping district of Shenyang city 瀋陽市|沈阳市, Liaoning; Hoping township in Taichung county 臺中縣|台中县[Tai2 zhong1 xian4], Taiwan",hépíng
分享,to share (let others have some of sth good),fēnxiǎng
尽管,"despite; although; even though; in spite of; unhesitatingly; do not hesitate (to ask, complain etc); (go ahead and do it) without hesitating",jǐnguǎn
资金,funds; funding; capital,zījīn
创造,to create; to bring about; to produce; to set (a record),chuàngzào
即使,even if; even though,jíshǐ
总理,premier; prime minister,zǒnglǐ
创新,innovation; to bring forth new ideas; to blaze new trails,chuàngxīn
公布,to announce; to make public; to publish,gōngbù
在于,to be in; to lie in; to consist in; to depend on; to rest with,zàiyú
工具,tool; instrument; utensil; means (to achieve a goal etc),gōngjù
设立,to set up; to establish,shèlì
类似,similar; analogous,lèisì
协议,agreement; pact; protocol,xiéyì
限制,to restrict; to limit; to confine; restriction; limit,xiànzhì
无论,no matter what or how; regardless of whether...,wúlùn
金融,banking; finance; financial,jīnróng
压力,pressure,yālì
利益,benefit; (in sb's) interest,lìyì
电脑,computer,diànnǎo
交通,to be connected; traffic; transportation; communications; liaison,jiāotōng
部长,head of a (government etc) department; section chief; section head; secretary; minister,bùzhǎng
规律,rule (e.g. of science); law of behavior; regular pattern; rhythm; discipline,guīlǜ
制作,to make; to manufacture,zhìzuò
宪法,constitution (of a country),xiànfǎ
突然,sudden; abrupt; unexpected,tūrán
方向,direction; orientation; path to follow,fāngxiàng
破坏,destruction; damage; to wreck; to break; to destroy,pòhuài
不再,no more; no longer,bùzài
逐渐,gradually,zhújiàn
主任,director; head,zhǔrèn
作者,author; writer,zuòzhě
同志,comrade; (slang) homosexual,tóngzhì
团体,group; organization; team,tuántǐ
委员,committee member; committee; council,wěiyuán
举办,to conduct; to hold,jǔbàn
制造,to manufacture; to make,zhìzào
附近,(in the) vicinity; nearby; neighboring; next to,fùjìn
医疗,medical treatment,yīliáo
训练,to train; to drill; training,xùnliàn
意识,consciousness; awareness; to be aware; to realize,yìshí
宗教,religion,zōngjiào
看来,apparently; it seems that,kànlai
版本,version; edition; release,bǎnběn
正确,correct; proper,zhèngquè
原则,principle; doctrine,yuánzé
销售,"to sell; to market; sales (representative, agreement etc)",xiāoshòu
战略,strategy,zhànlüè
阶段,stage; section; phase; period,jiēduàn
有效,effective; in effect; valid,yǒuxiào
推动,to push (for acceptance of a plan); to push forward; to promote; to actuate,tuīdòng
联盟,alliance; union; coalition,liánméng
失败,to be defeated; to lose; to fail (e.g. experiments); failure; defeat,shībài
程度,degree (level or extent); level,chéngdù
人数,number of people,rénshù
质量,quality; (physics) mass,zhìliàng
儿童,child,értóng
编辑,to edit; to compile; editor; compiler,biānjí
资本,capital (economics),zīběn
教授,professor; to instruct; to lecture on,jiàoshòu
允许,to permit; to allow,yǔnxǔ
出版,to publish,chūbǎn
申请,to apply for sth; application (form etc),shēnqǐng
武器,weapon; arms,wǔqì
协会,an association; a society,xiéhuì
政权,regime; political power,zhèngquán
调整,to adjust; adjustment; revision,tiáozhěng
需求,requirement; to require; (economics) demand,xūqiú
今日,today,jīnrì
态度,manner; bearing; attitude; approach,tàidu
数字,numeral; digit; number; figure; amount; digital (electronics etc),shùzì
业务,business; professional work; service,yèwù
双方,bilateral; both sides; both parties involved,shuāngfāng
检查,inspection; to examine; to inspect,jiǎnchá
状况,condition; state; situation,zhuàngkuàng
水平,level (of achievement etc); standard; horizontal,shuǐpíng
体系,system; setup,tǐxì
购买,to purchase; to buy,gòumǎi
困难,difficult; challenging; straitened circumstances; difficult situation,kùnnan
网址,website; web address; URL,wǎngzhǐ
拒绝,to refuse; to decline; to reject,jùjué
监督,to control; to supervise; to inspect,jiāndū
妇女,woman,fùnǚ
针对,to target; to focus on; to be aimed at or against; in response to,zhēnduì
大会,general assembly; general meeting; convention,dàhuì
规划,to plan (how to do sth); planning; plan; program,guīhuà
危险,danger; dangerous,wēixiǎn
治疗,to treat (an illness); medical treatment; therapy,zhìliáo
广场,public square; plaza,guǎngchǎng
速度,speed; rate; velocity; (music) tempo,sùdù
商业,business; trade; commerce,shāngyè
创作,to create; to produce; to write; creative work; creation,chuàngzuò
难道,don't tell me ...; could it be that...?,nándào
铁路,railroad; railway,tiělù
通常,regular; usual; normal; usually; normally,tōngcháng
再次,one more time; again; one more; once again,zàicì
数量,amount; quantity; quantitative,shùliàng
发行,"to publish; to issue (stocks, currency etc); to release; to distribute (a film)",fāxíng
召开,to convene (a conference or meeting); to convoke; to call together,zhàokāi
及其,(conjunction linking two nouns) and its ...; and their ...; and his ...; and her ...,jíqí
文件,document; file,wénjiàn
主题,theme; subject,zhǔtí
作家,author,zuòjiā
评论,to comment on; to discuss; comment; commentary,pínglùn
平均,average; on average; evenly; in equal proportions,píngjūn
软件,(computer) software,ruǎnjiàn
事业,"undertaking; project; activity; (charitable, political or revolutionary) cause; publicly funded institution, enterprise or foundation; career; occupation",shìyè
部队,army; armed forces; troops; force; unit,bùduì
重大,great; important; major; significant,zhòngdà
律师,lawyer,lǜshī
称为,called; to call sth (by a name); to name,chēngwéi
开展,to launch; to develop; to unfold; (of an exhibition etc) to open,kāizhǎn
妻子,wife and children,qīzǐ
似乎,apparently; to seem; to appear; as if; seemingly,sìhū
具体,concrete; definite; specific,jùtǐ
不管,not to be concerned; regardless of; no matter,bùguǎn
战斗,to fight; to engage in combat; struggle; battle,zhàndòu
角色,role; character in a novel; persona; also pr. [jiao3 se4],juésè
办公室,office; business premises; bureau,bàngōngshì
英语,English (language),yīngyǔ
好说,easy to deal with; not a problem; (polite answer) you flatter me,hǎoshuō
论坛,forum (for discussion),lùntán
维护,to defend; to safeguard; to protect; to uphold; to maintain,wéihù
道路,road; path; way,dàolù
人权,human rights,rénquán
广泛,extensive; wide range,guǎngfàn
各地,in all parts of (a country); various regions,gèdì
于是,thereupon; as a result; consequently; thus; hence,yúshì
直到,until,zhídào
促进,to promote (an idea or cause); to advance; boost,cùjìn
有限公司,limited company; corporation,yǒuxiàngōngsī
改善,to make better; to improve,gǎishàn
批评,to criticize; criticism,pīpíng
按照,according to; in accordance with; in the light of; on the basis of,ànzhào
效果,result; effect; efficacy; (theater) sound or visual effects,xiàoguǒ
地位,position; status; place,dìwèi
风险,risk; hazard,fēngxiǎn
担任,to hold a governmental office or post; to assume office of; to take charge of; to serve as,dānrèn
寻找,to seek; to look for,xúnzhǎo
先进,advanced (technology); to advance,xiānjìn
基地,base (of operations); industrial or military base; al-Qaeda,jīdì
成绩,achievement; performance records; grades,chéngjì
危机,crisis,wēijī
多数,majority; most,duōshù
更新,to replace the old with new; to renew; to renovate; to upgrade; to update; to regenerate,gēngxīn
文学,literature,wénxué
毕业,graduation; to graduate; to finish school,bìyè
推出,to push out; to release; to launch; to publish; to recommend,tuīchū
下载,to download; also pr. [xia4 zai4],xiàzǎi
统治,to rule (a country); to govern; rule; regime,tǒngzhì
朝鲜,North Korea; Korea as geographic term; Taiwan pr. [Chao2 xian1],cháoxiǎn
位置,position; place; seat,wèizhi
丰富,to enrich; rich; plentiful; abundant,fēngfù
为何,why,wèihé
威胁,to threaten; to menace,wēixié
必要,necessary; essential; indispensable; required,bìyào
恢复,to reinstate; to resume; to restore; to recover; to regain; to rehabilitate,huīfù
回答,to reply; to answer; the answer,huídá
值得,to be worth; to deserve,zhíde
设置,to set up; to install,shèzhì
或许,perhaps; maybe,huòxǔ
胜利,victory,shènglì
看中,to have a preference for; to fancy; to choose after consideration; to settle on,kànzhòng
要好,to be on good terms; to be close friends; striving for self-improvement,yàohǎo
规则,rule; regulation; rules and regulations,guīzé
面临,to face sth; to be confronted with,miànlín
本来,original; originally; at first; it goes without saying; of course,běnlái
贸易,(commercial) trade,màoyì
团队,team,tuánduì
本身,itself; in itself; per se,běnshēn
一部分,portion; part of; subset,yībùfen
毛泽东,"Mao Zedong (1893-1976), Chinese communist leader",máozédōng
主张,to advocate; to stand for; view; position; stand; proposition; viewpoint; assertion,zhǔzhāng
安排,to arrange; to plan; to set up; arrangements; plans,ānpái
普通,common; ordinary; general; average,pǔtōng
伟大,huge; great; grand; worthy of the greatest admiration; important (contribution etc),wěidà
扩大,to expand; to enlarge; to broaden one's scope,kuòdà
依据,according to; basis; foundation,yījù
秘密,secret,mìmì
程序,procedures; sequence; order; computer program,chéngxù
发出,"to issue (an order, decree etc); to send out; to dispatch; to produce (a sound); to let out (a laugh)",fāchū
劳动,work; toil; physical labor,láodòng
推荐,to recommend; recommendation,tuījiàn
适合,to fit; to suit,shìhé
避免,to avert; to prevent; to avoid; to refrain from,bìmiǎn
漂亮,pretty; beautiful,piàoliang
相对,relatively; opposite; to resist; to oppose; relative; vis-a-vis; counterpart,xiāngduì
关键,crucial point; crux; key; crucial; pivotal,guānjiàn
链接,link (on a website),liànjiē
著名,famous; noted; well-known; celebrated,zhùmíng
特色,characteristic; distinguishing feature or quality,tèsè
快速,fast; high-speed; rapid,kuàisù
分布,"to scatter; to distribute; to be distributed (over an area etc); (statistical, geographic) distribution",fēnbù
背景,background; backdrop; context; (fig.) powerful backer,bèijǐng
书记,secretary (chief official of a branch of a socialist or communist party); clerk; scribe,shūji
大型,large; large-scale,dàxíng
见到,to see,jiàndào
通知,to notify; to inform; notice; notification,tōngzhī
巨大,huge; immense; very large; tremendous; gigantic; enormous,jùdà
干部,cadre; official; officer; manager,gànbù
习惯,habit; custom; usual practice; to be used to,xíguàn
敌人,enemy,dírén
民众,populace; masses; the people,mínzhòng
公众,public,gōngzhòng
男子,a man; a male,nánzǐ
身份,identity; status; capacity; dignity; position; rank,shēnfèn
得了,all right!; that's enough!,déle
联合国,United Nations,liánhéguó
理由,reason; grounds; justification,lǐyóu
表演,play; show; performance; exhibition; to perform; to act; to demonstrate,biǎoyǎn
复杂,complicated; complex,fùzá
货币,currency; monetary; money,huòbì
邀请,to invite; invitation,yāoqǐng
结婚,to marry; to get married,jiéhūn
指导,to guide; to give directions; to direct; to coach; guidance; tuition,zhǐdǎo
犯罪,to commit a crime; crime; offense,fànzuì
缺乏,to lack; to be short of; lack; shortage,quēfá
法院,court of law; court,fǎyuàn
互联网,Internet,hùliánwǎng
兴趣,interest (desire to know about sth); interest (thing in which one is interested); hobby,xìngqù
明确,clear-cut; definite; explicit; to clarify; to specify; to make definite,míngquè
女子,woman; female,nǚzǐ
苹果,apple,píngguǒ
专门,specialist; specialized; customized,zhuānmén
少数,small number; few; minority,shǎoshù
不由,can't help (doing sth),bùyóu
特殊,special; particular; unusual; extraordinary,tèshū
移民,to immigrate; to migrate; emigrant; immigrant,yímín
争取,to fight for; to strive for; to win over,zhēngqǔ
传播,to disseminate; to propagate; to spread,chuánbō
学者,scholar,xuézhě
鼓励,to encourage,gǔlì
基金,fund,jījīn
体制,system; organization,tǐzhì
连续,continuous; in a row; serial; consecutive,liánxù
否则,if not; otherwise; else; or else,fǒuzé
材料,material; data; makings; stuff,cáiliào
类型,type; category; genre; form; style,lèixíng
核心,core; nucleus,héxīn
杂志,magazine,zázhì
显然,clear; evident; obvious(ly),xiǎnrán
评价,to evaluate; to assess,píngjià
从事,to go for; to engage in; to undertake; to deal with; to handle; to do,cóngshì
中华,China (alternate formal name),zhōnghuá
制定,to draw up; to formulate,zhìdìng
优秀,outstanding; excellent,yōuxiù
食品,foodstuff; food; provisions,shípǐn
距离,distance; to be apart from,jùlí
文明,civilized; civilization; culture,wénmíng
手段,method; means (of doing sth); strategy; trick,shǒuduàn
老婆,(coll.) wife,lǎopó
强烈,intense; (violently) strong,qiángliè
整体,"whole entity; entire body; synthesis; as a whole (situation, construction, team etc); global; macrocosm; integral; holistic; whole",zhěngtǐ
访问,to visit; to call on; to interview,fǎngwèn
英文,English (language),yīngwén
人生,life (one's time on earth),rénshēng
老板,Robam (brand),lǎobǎn
因素,element; factor,yīnsù
纽约,New York,niǔyuē
措施,measure; step,cuòshī
挑战,to challenge; challenge,tiǎozhàn
推进,to impel; to carry forward; to push on; to advance; to drive forward,tuījìn
概念,concept; idea,gàiniàn
美丽,beautiful,měilì
贡献,to contribute; to dedicate; to devote; contribution,gòngxiàn
财产,property; assets; estate,cáichǎn
警方,police,jǐngfāng
最佳,"optimum; optimal; peak; best (athlete, movie etc)",zuìjiā
设施,facilities; installation,shèshī
加上,plus; to put in; to add; to add on; to add into; in addition; on top of that,jiāshàng
投入,to throw into; to put into; to throw oneself into; to participate in; to invest in; absorbed; engrossed,tóurù
漫画,caricature; cartoon; Japanese manga,mànhuà
英雄,hero,yīngxióng
法规,legislation; statute,fǎguī
保障,to ensure; to guarantee; to safeguard,bǎozhàng
翻译,to translate; to interpret; translator; interpreter; translation; interpretation,fānyì
害怕,to be afraid; to be scared,hàipà
优势,superiority; dominance; advantage,yōushì
队伍,ranks; troops; queue; line; procession,duìwǔ
表达,to express; to convey,biǎodá
出口,an exit; to speak; to export; (of a ship) to leave port,chūkǒu
博士,doctor; court academician (in feudal China); Ph.D.,bóshì
移动,to move; movement; migration; mobile; portable,yídòng
感受,to sense; perception; to feel (through the senses); to experience; a feeling; an impression; an experience,gǎnshòu
生物,organism; living creature; life form; biological,shēngwù
伤害,to injure; to harm,shānghài
物质,matter; substance; material; materialistic,wùzhì
就地,locally; on the spot,jiùdì
福利,material benefit; benefit in kind; (social) welfare,fúlì
身边,at one's side; on hand,shēnbiān
路线,itinerary; route; political line (e.g. right revisionist road),lùxiàn
证据,evidence; proof; testimony,zhèngjù
案件,case; instance,ànjiàn
男性,the male sex; a male,nánxìng
遇到,to meet; to run into; to come across,yùdào
高级,high level; high grade; advanced; high-ranking,gāojí
迅速,rapid; speedy; fast,xùnsù
学会,to learn; to master; institute; learned society; (scholarly) association,xuéhuì
消费,to consume; to spend,xiāofèi
发挥,to display; to exhibit; to bring out implicit or innate qualities; to express (a thought or moral); to develop (an idea); to elaborate (on a theme),fāhuī
首次,first; first time; for the first time,shǒucì
资格,qualifications; seniority,zīgé
课程,course; academic program,kèchéng
海外,overseas; abroad,hǎiwài
享受,to enjoy; to live it up; pleasure,xiǎngshòu
主义,-ism; ideology,zhǔyì
超级,super-; ultra-; hyper-,chāojí
国民,nationals; citizens; people of a nation,guómín
受伤,to sustain injuries; wounded (in an accident etc); harmed,shòushāng
从而,thus; thereby,cóngér
境内,"within the borders; internal (to a country, province, city etc); domestic",jìngnèi
文字,character; script; writing; written language; writing style; phraseology,wénzì
冲突,conflict; to conflict; clash of opposing forces; collision (of interests); contention,chōngtū
一段,N/A,N/A
当年,in those days; then; in those years; during that time,dāngnián
商品,commodity; goods; merchandise,shāngpǐn
至今,so far; to this day; until now,zhìjīn
难以,"hard to (predict, imagine etc)",nányǐ
估计,to estimate; to reckon; (coll.) to suppose,gūjì
国民党,Guomindang or Kuomintang (KMT); Nationalist Party,guómíndǎng
大部分,in large part; the greater part; the majority,dàbùfen
人才,talent; talented person; looks; attractive looks,réncái
命令,order; command,mìnglìng
培训,to cultivate; to train; to groom; training,péixùn
提升,to promote; to upgrade,tíshēng
集中,to concentrate; to centralize; to focus; centralized; concentrated; to put together,jízhōng
社会主义,socialism,shèhuìzhǔyì
如今,nowadays; now,rújīn
留下,to leave behind; to stay behind; to remain; to keep; not to let (sb) go,liúxià
食物,food,shíwù
竞争,to compete; competition,jìngzhēng
机器,machine,jīqì
修改,to amend; to alter; to modify,xiūgǎi
紧张,nervous; keyed up; intense; tense; strained; in short supply; scarce,jǐnzhāng
机制,mechanism,jīzhì
新加坡,Singapore,xīnjiāpō
纪念,to commemorate; to remember,jìniàn
爆发,to break out; to erupt; to explode; to burst out,bàofā
帝国,empire; imperial,dìguó
推广,to extend; to spread; to popularize; generalization; promotion (of a product etc),tuīguǎng
自身,itself; oneself; one's own,zìshēn
打击,to hit; to strike; to attack; to crack down on sth; blow; (psychological) shock; percussion (music),dǎjī
运行,to move along one's course (of celestial bodies etc); (fig.) to function; to be in operation; (of a train service etc) to operate; to run; (of a computer) to run,yùnxíng
名称,name (of a thing); name (of an organization),míngchēng
机械,machine; machinery; mechanical; (old) cunning; scheming,jīxiè
实验,experiment; test; experimental; to experiment,shíyàn
符合,in keeping with; in accordance with; tallying with; in line with; to agree with; to accord with; to conform to; to correspond with; to manage; to handle,fúhé
粮食,foodstuff; cereals,liángshi
不足,insufficient; lacking; deficiency; not enough; inadequate; not worth; cannot; should not,bùzú
形象,image; form; figure; visualization; vivid,xíngxiàng
事务,"(political, economic etc) affairs; work; transaction (as in a computer database)",shìwù
支付,to pay (money),zhīfù
娱乐,to entertain; to amuse; entertainment; recreation; amusement; hobby; fun; joy,yúlè
斗争,a struggle; fight; battle,dòuzhēng
澳门,Macao; Aomen; Macau,àomén
教学,to teach; teaching and learning; education,jiàoxué
反映,to mirror; to reflect; mirror image; reflection; (fig.) to report; to make known; to render,fǎnyìng
处于,"to be in (some state, position, or condition)",chǔyú
给予,to accord; to give; to show (respect),jǐyǔ
维持,to keep; to maintain; to preserve,wéichí
吸引,"to attract (interest, investment etc)",xīyǐn
观众,spectators; audience; visitors (to an exhibition etc),guānzhòng
用于,use in; use on; use for,yòngyú
不知,"not to know; unaware; unknowingly; fig. not to admit (defeat, hardships, tiredness etc)",bùzhī
区别,difference; to distinguish; to discriminate; to make a distinction,qūbié
展开,to unfold; to carry out; to be in full swing; to launch,zhǎnkāi
由来,origin,yóulái
客户,client; customer,kèhù
想到,to think of; to call to mind; to anticipate,xiǎngdào
观察,to observe; to watch; to survey; to examine; observation; view; perspective,guānchá
规范,norm; standard; specification; regulation; rule; within the rules; to fix rules; to regulate; to specify,guīfàn
发动,to start; to launch; to unleash; to mobilize; to arouse,fādòng
彻底,thorough; thoroughly; complete,chèdǐ
强大,large; formidable; powerful; strong,qiángdà
运输,to transport; to carry; transportation,yùnshū
团结,to unite; unity; solidarity; united,tuánjié
生态,ecology,shēngtài
批准,to approve; to ratify,pīzhǔn
天津,"Tianjin, a municipality in northeast China, abbr. 津",tiānjīn
风格,style,fēnggé
比例,proportion; scale,bǐlì
武汉,"Wuhan city on Changjiang, subprovincial city and capital of Hubei province",wǔhàn
实际上,in fact; in reality; as a matter of fact; in practice,shíjìshàng
降低,to reduce; to lower; to bring down,jiàngdī
性质,nature; characteristic,xìngzhì
私人,private; personal; interpersonal; sb with whom one has a close personal relationship; a member of one's clique,sīrén
资产,property; assets,zīchǎn
中华人民共和国,People's Republic of China,zhōnghuárénmíngònghéguó
使得,usable; workable; feasible; doable; to make; to cause,shǐde
议员,member (of a legislative body); representative,yìyuán
正是,(emphasizes that sth is precisely or exactly as stated); precisely; exactly; even; if; just like; in the same way as,zhèngshì
怀疑,to doubt (sth); to be skeptical of; to have one's doubts; to harbor suspicions; to suspect that,huáiyí
培养,to cultivate; to breed; to foster; to nurture; to educate; to groom (for a position); education; fostering; culture (biology),péiyǎng
描述,to describe; description,miáoshù
测试,to test (machinery etc); to test (students); test; quiz; exam; beta (software),cèshì
成本,"(manufacturing, production etc) costs",chéngběn
并非,really isn't,bìngfēi
注册,to register; to enroll,zhùcè
各个,"every; various; separately, one by one",gègè
而已,that's all; nothing more,éryǐ
考试,to take an exam; exam,kǎoshì
操作,to work; to operate; to manipulate,cāozuò
各位,"everybody; all (guests, colleagues etc); all of you",gèwèi
天下,land under heaven; the whole world; the whole of China; realm; rule,tiānxià
领导人,leader,lǐngdǎorén
深圳,"Shenzhen subprovincial city in Guangdong, special economic zone close to Hong Kong",shēnzhèn
完整,complete; intact,wánzhěng
消失,to disappear; to fade away,xiāoshī
一旦,"in case (sth happens); if; once (sth happens, then...); when; in a short time; in one day",yīdàn
就业,to get a job; employment,jiùyè
禁止,to prohibit; to forbid; to ban,jìnzhǐ
升级,to escalate (in intensity); to go up by one grade; to be promoted; to upgrade (computing),shēngjí
直播,live broadcast (not recorded); direct Internet broadcasting; (agriculture) direct seeding,zhíbō
情绪,mood; state of mind; moodiness,qíngxù
游行,march; parade; demonstration,yóuxíng
审查,to examine; to investigate; to censor out; censorship,shěnchá
确保,to ensure; to guarantee,quèbǎo
众多,numerous,zhòngduō
高度,height; altitude; elevation; high degree; highly,gāodù
立即,immediately,lìjí
依然,still; as before,yīrán
接触,to touch; to contact; access; in touch with,jiēchù
民间,among the people; popular; folk; non-governmental; involving people rather than governments,mínjiān
道德,virtue; morality; ethics,dàodé
公平,fair; impartial,gōngpíng
自我,self-; ego (psychology),zìwǒ
或是,or; either one or the other,huòshì
构成,to constitute; to form; to compose; to make up; to configure (computing),gòuchéng
太阳,sun; abbr. for 太陽穴|太阳穴[tai4 yang2 xue2],tàiyang
国王,king,guówáng
投票,to vote; vote,tóupiào
卫生,health; hygiene; sanitation,wèishēng
实践,practice; to put into practice; to live up to (a promise); to carry out (a project),shíjiàn
少女,girl; young lady,shàonǚ
工厂,factory,gōngchǎng
石油,oil; petroleum,shíyóu
特征,characteristic; diagnostic property; distinctive feature; trait,tèzhēng
包含,to contain; to embody; to include,bāohán
心理,psychology; mentality,xīnlǐ
少年,early youth; youngster; (literary) youth; young man,shàonián
当局,authorities,dāngjú
普遍,universal; general; widespread; common,pǔbiàn
不敢,N/A,N/A
读者,reader,dúzhě
费用,cost; expenditure; expense,fèiyòng
违法,illegal; to break the law,wéifǎ
说法,to expound Buddhist teachings,shuōfǎ
平等,equal; equality,píngděng
监狱,prison,jiānyù
联邦,federal; federation; commonwealth; federal union; federal state; union,liánbāng
审判,a trial; to try sb,shěnpàn
用来,to be used for,yònglái
毕竟,after all; all in all; when all is said and done; in the final analysis,bìjìng
爸爸,(informal) father,bàba
巴黎,"Paris, capital of France",bālí
引发,to lead to; to trigger; to initiate; to cause; to evoke (emotions),yǐnfā
严格,strict; stringent; tight; rigorous,yángé
大概,roughly; probably; rough; approximate; about; general idea,dàgài
小组,group,xiǎozǔ
全世界,worldwide; entire world,quánshìjiè
出席,to attend; to participate; present,chūxí
正义,justice; righteousness; just; righteous,zhèngyì
转移,to shift; to divert or distract (attention etc); to change; to transform; metastasis (medicine); to evacuate (people),zhuǎnyí
关闭,to close; to shut,guānbì
广播,broadcast; broadcasting; to broadcast; (formal) to propagate; to publicize,guǎngbō
导演,to direct; director (film etc),dǎoyǎn
势力,power; (ability to) influence,shìli
冠军,champion,guànjūn
品牌,brand name; trademark,pǐnpái
共有,to have altogether; in all,gòngyǒu
疯狂,crazy; frantic; extreme popularity,fēngkuáng
代理,to act on behalf of sb in a responsible position; to act as an agent or proxy; surrogate; (computing) proxy,dàilǐ
趋势,trend; tendency,qūshì
判断,to judge; to determine; judgment,pànduàn
预算,budget,yùsuàn
年度,"year (e.g. school year, fiscal year); annual",niándù
拍摄,to film; to shoot (a picture),pāishè
城镇,town; cities and towns,chéngzhèn
标志,sign; mark; symbol; logo; to symbolize; to indicate; to mark,biāozhì
分类,classification,fēnlèi
进口,"to import; imported; entrance; inlet (for the intake of air, water etc)",jìnkǒu
损失,loss; damage; to lose; to suffer damage,sǔnshī
梦想,(fig.) to dream of; dream,mèngxiǎng
协助,to provide assistance; to aid,xiézhù
时刻,time; juncture; moment; period of time; constantly; always,shíkè
往往,usually; in many cases; more often than not,wǎngwǎng
抗议,to protest; protest,kàngyì
预测,to forecast; to predict,yùcè
确认,to confirm; to verify; confirmation,quèrèn
本人,the person himself; I (humble form used in speeches); oneself; myself; in person; personal,běnrén
的确,really; indeed,díquè
立场,position; standpoint,lìchǎng
频道,frequency; (television) channel,píndào
作出,"to put out; to come up with; to make (a choice, decision, proposal, response, comment etc); to issue (a permit, statement, explanation, apology, reassurance to the public etc); to draw (conclusion); to deliver (speech, judgment); to devise (explanation); to extract",zuòchū
网页,web page,wǎngyè
痛苦,pain; suffering; painful,tòngkǔ
了却,to resolve; to settle,liǎoquè
前年,the year before last,qiánnián
接近,to approach; to get close to,jiējìn
补充,to replenish; to supplement; to complement; additional; supplementary,bǔchōng
贷款,a loan; to provide a loan (e.g. bank); to raise a loan (from e.g. a bank),dàikuǎn
展示,to reveal; to display; to show; to exhibit sth,zhǎnshì
信号,signal,xìnhào
阻止,to prevent; to block,zǔzhǐ
涉及,to involve; to touch upon (a topic),shèjí
演员,actor or actress; performer,yǎnyuán
微信,Weixin or WeChat (mobile text and voice messaging service developed by Tencent 騰訊|腾讯[Teng2 xun4]),wēixìn
江苏,"Jiangsu province (Kiangsu) in southeast China, abbr. 蘇|苏, capital Nanjing 南京",jiāngsū
主动,to take the initiative; to do sth of one's own accord; spontaneous; active; opposite: passive 被動|被动[bei4 dong4]; drive (of gears and shafts etc),zhǔdòng
年龄,(a person's) age,niánlíng
地震,earthquake,dìzhèn
遭到,to suffer; to meet with (sth unfortunate),zāodào
成就,accomplishment; success; achievement; to achieve (a result); to create; to bring about,chéngjiù
森林,forest,sēnlín
广大,(of an area) vast or extensive; large-scale; widespread; (of people) numerous,guǎngdà
他人,another; sb else; other people,tārén
照顾,to take care of; to show consideration; to attend to; to look after,zhàogu
西部,western part,xībù
始终,from beginning to end; all along,shǐzhōng
上帝,God,shàngdì
颜色,color; countenance; appearance; facial expression; pigment; dyestuff,yánsè
澳洲,Australia; abbr. for 澳大利亞洲|澳大利亚洲[Ao4 da4 li4 ya4 Zhou1],àozhōu
临时,as the time draws near; at the last moment; temporary; interim; ad hoc,línshí
争议,controversy; dispute; to dispute,zhēngyì
新疆,Xinjiang; Uighur autonomous region 新疆維吾爾自治區|新疆维吾尔自治区,xīnjiāng
竟然,unexpectedly; to one's surprise; in spite of everything; in that crazy way; actually; to go as far as to,jìngrán
声明,to state; to declare; statement; declaration,shēngmíng
试图,to attempt; to try,shìtú
随后,soon after,suíhòu
古代,ancient times; olden times,gǔdài
因而,"therefore; as a result; thus; and as a result, ...",yīnér
演出,to act (in a play); to perform; to put on (a performance); performance; concert; show,yǎnchū
幸福,happiness; happy; blessed,xìngfú
命运,fate; destiny,mìngyùn
上述,aforementioned; above-mentioned,shàngshù
采访,to interview; to gather news; to hunt for and collect; to cover,cǎifǎng
实力,strength,shílì
角度,angle; point of view,jiǎodù
多次,many times; repeatedly,duōcì
股份,a share (in a company); stock,gǔfèn
做到,to accomplish; to achieve,zuòdào
体验,to experience for oneself,tǐyàn
交换,to exchange; to swap; to switch (telecom); commutative (math); to commute,jiāohuàn
大多数,(great) majority,dàduōshù
计算机,computer; (Tw) calculator,jìsuànjī
议会,parliament; legislative assembly,yìhuì
授权,to authorize,shòuquán
至于,as for; as to; to go so far as to,zhìyú
播放,to broadcast; to transmit,bōfàng
恐怖,terrible; frightful; frightening; terror; terrorist,kǒngbù
财富,wealth; riches,cáifù
爆炸,explosion; to explode; to blow up; to detonate,bàozhà
武装,arms; equipment; to arm; military; armed (forces),wǔzhuāng
经典,"the classics; scriptures; classical; classic (example, case etc); typical",jīngdiǎn
适当,suitable; appropriate,shìdàng
有趣,interesting; fascinating; amusing,yǒuqù
适应,to adapt; to fit; to suit,shìyìng
组合,to assemble; to combine; to compose; combination; association; set; compilation; (math.) combinatorial,zǔhé
等待,to wait; to wait for,děngdài
基于,because of; on the basis of; in view of; on account of,jīyú
参考,consultation; reference; to consult; to refer,cānkǎo
绿色,green,lǜsè
丈夫,husband,zhàngfu
思考,to reflect on; to ponder over,sīkǎo
咱们,we or us (including both the speaker and the person(s) spoken to); (dialect) I or me; (dialect) (in a coaxing or familiar way) you; also pr. [za2 men5],zánmen
动力,motive power; force; (fig.) motivation; impetus,dònglì
居住,to reside; to dwell; to live in a place; resident in,jūzhù
对待,to treat; treatment,duìdài
即将,on the eve of; to be about to; to be on the verge of,jíjiāng
指挥,to conduct; to command; to direct; conductor (of an orchestra),zhǐhuī
一群,N/A,N/A
南部,southern part,nánbù
尝试,to try; to attempt,chángshì
既然,since; as; this being the case,jìrán
周年,anniversary; annual,zhōunián
泰国,Thailand; Thai,tàiguó
事实上,in fact; in reality; actually; as a matter of fact; de facto; ipso facto,shìshíshàng
背后,behind; at the back; in the rear; behind sb's back,bèihòu
完善,"(of systems, facilities etc) comprehensive; well-developed; excellent; to refine; to improve",wánshàn
俱乐部,club (the organisation or its premises) (loanword),jùlèbù
出生,to be born,chūshēng
高中,senior high school; abbr. for 高級中學|高级中学[gao1 ji2 zhong1 xue2],gāozhōng
自杀,to kill oneself; to commit suicide; to attempt suicide,zìshā
答案,answer; solution,dáàn
详细,detailed; in detail; minute,xiángxì
上市,to hit the market (of a new product); to float (a company on the stock market),shàngshì
建造,to construct; to build,jiànzào
究竟,to go to the bottom of a matter; after all; when all is said and done; (in an interrogative sentence) finally; outcome; result,jiūjìng
讲话,a speech; to speak; to talk; to address,jiǎnghuà
司法,judicial; (administration of) justice,sīfǎ
定义,definition; to define,dìngyì
公路,highway; road,gōnglù
疾病,disease; sickness; ailment,jíbìng
互相,each other; mutually; mutual,hùxiāng
承诺,to promise; to undertake to do something; commitment,chéngnuò
会员,member,huìyuán
人民币,Renminbi (RMB); Chinese Yuan (CNY),rénmínbì
西藏,Tibet; Xizang or Tibetan autonomous region 西藏自治區|西藏自治区,xīzàng
污染,pollution; contamination,wūrǎn
当前,current; today's; modern; present; to be facing (us),dāngqián
领袖,leader,lǐngxiù
增强,to increase; to strengthen,zēngqiáng
乡村,rustic; village; countryside,xiāngcūn
决议,a resolution; to pass a resolution,juéyì
信仰,to believe in (a religion); firm belief; conviction,xìnyǎng
不久,not long (after); before too long; soon; soon after,bùjiǔ
可怕,awful; dreadful; fearful; formidable; frightful; scary; hideous; horrible; terrible; terribly,kěpà
地址,address,dìzhǐ
工资,wages; pay,gōngzī
生存,to exist; to survive,shēngcún
尚未,not yet; still not,shàngwèi
期待,to look forward to; to await; expectation,qīdài
东部,the east; eastern part,dōngbù
先后,early or late; priority; in succession; one after another,xiānhòu
掌握,"to grasp (often fig.); to control; to seize (initiative, opportunity, destiny); to master; to know well; to understand sth well and know how to use it; fluency",zhǎngwò
如下,as follows,rúxià
妹妹,younger sister; young woman,mèimei
合理,rational; reasonable; fair,hélǐ
收集,to gather; to collect,shōují
暴力,violence; force; violent,bàolì
成果,result; achievement; gain; profit,chéngguǒ
赢得,to win; to gain,yíngdé
下降,to decline; to drop; to fall; to go down; to decrease,xiàjiàng
突破,to break through; to make a breakthrough; to surmount or break the back of (a task etc); (of ball sports) to break through a defense,tūpò
逻辑,logic (loanword),luóji
植物,plant; vegetation,zhíwù
为主,to rely mainly on; to attach most importance to,wéizhǔ
证券,negotiable security (financial); certificate; stocks and bonds,zhèngquàn
达成,to reach (an agreement); to accomplish,dáchéng
地理,geography,dìlǐ
财政,finances (public); financial,cáizhèng
深入,to penetrate deeply; thorough,shēnrù
条例,regulations; rules; code of conduct; ordinances; statutes,tiáolì
航空,aviation,hángkōng
集体,collective (decision); joint (effort); a group; a team; en masse; as a group,jítǐ
简直,simply; at all; practically,jiǎnzhí
有着,to have; to possess,yǒuzhe
外交,diplomacy; diplomatic; foreign affairs,wàijiāo
总结,to sum up; to conclude; summary; résumé,zǒngjié
成熟,mature; ripe; to mature; to ripen; Taiwan pr. [cheng2 shou2],chéngshú
简称,to be abbreviated to; abbreviation; short form,jiǎnchēng
发射,to shoot (a projectile); to fire (a rocket); to launch; to emit (a particle); to discharge; emanation; emission,fāshè
启动,to start (a machine); (fig.) to set in motion; to launch (an operation); to activate (a plan),qǐdòng
动态,movement; motion; development; trend; dynamic (science),dòngtài
请求,to request; to ask; request,qǐngqiú
顺利,smoothly; without a hitch,shùnlì
将军,"Chiangchun township in Tainan county 台南縣|台南县[Tai2 nan2 xian4], Taiwan",jiāngjūn
走向,direction; strike (i.e. angle of inclination in geology); inclination; trend; to move towards; to head for,zǒuxiàng
政党,political party,zhèngdǎng
电力,electrical power; electricity,diànlì
追求,to pursue (a goal etc) stubbornly; to seek after; to woo,zhuīqiú
婚姻,matrimony; wedding; marriage,hūnyīn
在线,online,zàixiàn
科学家,scientist,kēxuéjiā
办理,to handle; to transact; to conduct,bànlǐ
麻烦,inconvenient; troublesome; annoying; to trouble or bother sb; to put sb to trouble,máfan
伦敦,"London, capital of United Kingdom",lúndūn
厉害,difficult to deal with; difficult to endure; ferocious; radical; serious; terrible; violent; tremendous; awesome,lìhai
暂时,temporary; provisional; for the time being,zànshí
周围,surroundings; environment; to encompass,zhōuwéi
菲律宾,the Philippines,fēilǜbīn
党员,party member,dǎngyuán
多久,how long?,duōjiǔ
违反,to violate (a law),wéifǎn
咨询,to consult; to seek advice; consultation; (sales) inquiry (formal),zīxún
具备,to possess; to have; equipped with; able to fulfill (conditions or requirements),jùbèi
人家,household; dwelling; family; sb else's house; household business; house of woman's husband-to-be,rénjiā
大众,Volkswagen (automobile manufacturer),dàzhòng
意大利,Italy; Italian,yìdàlì
沟通,to join; to connect; to link up; to communicate,gōutōng
释放,to release; to set free; to liberate (a prisoner); to discharge,shìfàng
预计,to forecast; to predict; to estimate,yùjì
转变,to change; to transform; shift; transformation,zhuǎnbiàn
策略,strategy; tactics; crafty; adroit,cèlüè
特定,special; specific; designated; particular,tèdìng
历史上,historical; in history,lìshǐshàng
退出,to withdraw; to abort; to quit; to log out (computing),tuìchū
差异,difference; discrepancy,chāyì
哲学,philosophy,zhéxué
警告,to warn; to admonish,jǐnggào
收费,to charge a fee,shōufèi
装备,equipment; to equip; to outfit,zhuāngbèi
收购,to purchase (from various places); to acquire (a company),shōugòu
日常,daily; everyday,rìcháng
消费者,consumer,xiāofèizhě
适用,to be applicable,shìyòng
幸运,fortunate; lucky; fortune; luck,xìngyùn
奇怪,strange; odd; to marvel; to be baffled,qíguài
大多,for the most part; many; most; the greater part; mostly,dàduō
市民,city resident,shìmín
一致,unanimous; identical (views or opinions),yīzhì
治理,to govern; to administer; to manage; to control; governance,zhìlǐ
理想,an ideal; a dream; ideal; perfect,lǐxiǎng
刺激,to provoke; to irritate; to upset; to stimulate; to excite; irritant,cìjī
传说,legend; folklore; to repeat from mouth to mouth; they say that...,chuánshuō
看起来,seemingly; apparently; looks as if; appear to be; gives the impression that; seems on the face of it to be,kànqǐlai
协调,to coordinate; to harmonize; to fit together; to match (colors etc); harmonious; concerted,xiétiáo
签署,to sign (an agreement),qiānshǔ
解放,to liberate; to emancipate; liberation; refers to the Communists' victory over the Nationalists in 1949,jiěfàng
全体,all; entire,quántǐ
国会,Parliament (UK); Congress (US); Diet (Japan); Legislative Yuan (Taiwan),guóhuì
士兵,soldier,shìbīng
相互,each other; mutual,xiānghù
法庭,court of law,fǎtíng
化学,chemistry; chemical,huàxué
同一,identical; the same,tóngyī
占领,to occupy (a territory); to hold,zhànlǐng
前进,to go forward; to forge ahead; to advance; onward,qiánjìn
明星,star; celebrity,míngxīng
皇帝,emperor,huángdì
当选,to be elected; to be selected,dāngxuǎn
日报,daily newspaper,rìbào
提到,to mention; to raise (a subject); to refer to,tídào
发起,"to originate; to initiate; to launch (an attack, an initiative etc); to start; to propose sth (for the first time)",fāqǐ
摄影,to take a photograph; photography; to shoot (a movie),shèyǐng
到处,everywhere,dàochù
博物馆,museum,bówùguǎn
相应,to correspond; answering (one another); to agree (among the part); corresponding; relevant; appropriate; (modify) accordingly,xiāngyìng
记忆,to remember; to recall; memory,jìyì
试验,experiment; test; to experiment; experimental,shìyàn
保险,insurance; to insure; safe; secure; be sure; be bound to,bǎoxiǎn
作战,combat; to fight,zuòzhàn
年底,the end of the year; year-end,niándǐ
立刻,forthwith; immediate; prompt; promptly; straightway; thereupon; at once,lìkè
结论,conclusion; verdict; to conclude; to reach a verdict,jiélùn
好啊,N/A,N/A
本地,local; this locality,běndì
海军,navy,hǎijūn
安装,to install; to erect; to fix; to mount; installation,ānzhuāng
股东,shareholder; stockholder,gǔdōng
连接,to link; to join; to attach; connection; a link (on web page),liánjiē
总部,general headquarters,zǒngbù
改造,to transform; to reform; to remodel; to remold,gǎizào
牺牲,to sacrifice one's life; to sacrifice (sth valued); beast slaughtered as a sacrifice,xīshēng
希腊,Greece,xīlà
分为,to divide sth into (parts); to subdivide,fēnwéi
街道,street; subdistrict; residential district,jiēdào
职务,post; position; job; duties,zhíwù
伊朗,Iran,yīlǎng
反而,instead; on the contrary; contrary (to expectations),fǎnér
事物,thing; object,shìwù
大规模,large scale; extensive; wide scale; broad scale,dàguīmó
事故,accident,shìgù
一生,all one's life; throughout one's life,yīshēng
浙江,"Zhejiang province (Chekiang) in east China, abbr. 浙, capital Hangzhou 杭州",zhèjiāng
袭击,attack (esp. surprise attack); raid; to attack,xíjī
主持,to take charge of; to manage or direct; to preside over; to uphold; to stand for (justice etc); to host (a TV or radio program etc); (TV) anchor,zhǔchí
环保,environmental protection; environmentally friendly; abbr. for 環境保護|环境保护[huan2 jing4 bao3 hu4],huánbǎo
欧盟,European Union; EU,ōuméng
垃圾,trash; refuse; garbage; (coll.) of poor quality; Taiwan pr. [le4 se4],lājī
对外,external; foreign; pertaining to external or foreign (affairs),duìwài
有所,somewhat; to some extent,yǒusuǒ
档案,file; record; archive,dàngàn
阶级,(social) class,jiējí
学术,learning; science; academic,xuéshù
美好,beautiful; fine,měihǎo
矛盾,contradiction; conflicting views; contradictory,máodùn
仅仅,barely; only; merely; only (this and nothing more),jǐnjǐn
一系列,a series of; a string of,yīxìliè
此次,this time,cǐcì
公主,princess,gōngzhǔ
紧急,urgent; emergency,jǐnjí
固定,to fix; to fasten; to set rigidly in place; fixed; set; regular,gùdìng
种种,all kinds of,zhǒngzhǒng
高速,high speed,gāosù
黑暗,dark; darkly; darkness,hēiàn
谈判,to negotiate; negotiation; talks; conference,tánpàn
卫星,satellite; moon,wèixīng
中国人民,N/A,N/A
回应,to respond; response,huíyìng
飞行,(of planes etc) to fly; flying; flight; aviation,fēixíng
患者,patient; sufferer,huànzhě
供应,to supply; to provide; to offer,gōngyìng
呼吁,to call on (sb to do sth); to appeal (to); an appeal,hūyù
探索,to explore; to probe,tànsuǒ
接着,to catch and hold on; to continue; to go on to do sth; to follow; to carry on; then; after that; subsequently; to proceed; to ensue; in turn; in one's turn,jiēzhe
指数,"(numerical, statistical) index; (math.) exponent; index; exponential (function, growth)",zhǐshù
奴隶,slave,núlì
独特,unique; distinct; having special characteristics,dútè
而言,with regard to (preceding phrase),éryán
情报,information; intelligence,qíngbào
优惠,privilege; favorable (terms); preferential (treatment); discount (price),yōuhuì
黄金,gold; golden (opportunity); prime (time),huángjīn
话题,subject (of a talk or conversation); topic,huàtí
真相,the truth about sth; the actual facts,zhēnxiàng
登记,to register (one's name),dēngjì
法官,judge (in court),fǎguān
夫人,lady; madam; Mrs.,fūren
能量,energy; capabilities,néngliàng
大师,great master; master,dàshī
选手,athlete; contestant,xuǎnshǒu
剩下,to remain; left over,shèngxià
发明,to invent; an invention,fāmíng
搜索,to search (a place); to search (a database etc),sōusuǒ
装置,to install; installation; equipment; system; unit; device,zhuāngzhì
预期,to expect; to anticipate,yùqī
可见,it can clearly be seen (that this is the case); it is (thus) clear; clear; visible,kějiàn
资讯,information,zīxùn
进攻,to attack; to assault; to go on the offensive; attack; assault; offense (sports),jìngōng
证实,to confirm (sth to be true); to verify,zhèngshí
各自,each; respective; apiece,gèzì
知名,well-known; famous,zhīmíng
透过,to pass through; to penetrate; by means of; via,tòuguò
必然,inevitable; certain; necessity,bìrán
呈现,to appear; to emerge; to present (a certain appearance); to demonstrate,chéngxiàn
电台,transmitter-receiver; broadcasting station; radio station,diàntái
纷纷,one after another; in succession; one by one; continuously; diverse; in profusion; numerous and confused; pell-mell,fēnfēn
运作,to operate; operations; workings; activities (usu. of an organization); thread (computing),yùnzuò
爱国,to love one's country; patriotic,àiguó
手术,(surgical) operation; surgery,shǒushù
灵魂,soul; spirit,línghún
纪录,,jìlù
利润,profits,lìrùn
澳大利亚,Australia,àodàlìyà
观看,to watch; to view,guānkàn
自从,since (a time); ever since,zìcóng
地铁,subway; metro,dìtiě
群体,community; colony,qúntǐ
有限,limited; finite,yǒuxiàn
好处,easy to get along with,hǎochǔ
荷兰,Holland; the Netherlands,hélán
谈话,to talk (with sb); to have a conversation; talk; conversation,tánhuà
股票,share certificate; stock (finance),gǔpiào
想象,to imagine; to fancy,xiǎngxiàng
上升,to rise; to go up; to ascend,shàngshēng
倾向,trend; tendency; orientation,qīngxiàng
印象,impression,yìnxiàng
秘书,secretary,mìshū
将来,in the future; future; the future,jiānglái
不必,need not; does not have to; not necessarily,bùbì
一面,one side; one aspect; simultaneously... (and...); one's whole face,yīmiàn
条约,treaty; pact,tiáoyuē
坚决,firm; resolute; determined,jiānjué
逮捕,to arrest; to apprehend; an arrest,dàibǔ
不如,not equal to; not as good as; inferior to; it would be better to,bùrú
加速,to speed up; to expedite,jiāsù
负责人,person in charge,fùzérén
产量,output,chǎnliàng
保留,to keep; to retain; to have reservations (about sth); to hold back (from saying sth); to put aside for later,bǎoliú
可惜,it is a pity; what a pity; unfortunately,kěxī
罗马,"Rome, capital of Italy",luómǎ
排名,"to rank (1st, 2nd etc); ranking",páimíng
本质,essence; nature; innate character; intrinsic quality,běnzhì
现有,currently existing; currently available,xiànyǒu
智慧,wisdom; knowledge; intelligent; intelligence,zhìhuì
欣赏,to appreciate; to enjoy; to admire,xīnshǎng
仪式,ceremony,yíshì
形势,circumstances; situation; terrain,xíngshì
皮肤,skin,pífū
发达,developed (country etc); flourishing; to develop,fādá
消灭,to put an end to; to annihilate; to cause to perish; to perish; annihilation (in quantum field theory),xiāomiè
观念,notion; thought; concept; sense; views; ideology; general impressions,guānniàn
舞台,stage; arena; fig. in the limelight,wǔtái
熟悉,to be familiar with; to know well,shúxī
领土,territory,lǐngtǔ
兴奋,excited; excitement; (physiology) excitation,xīngfèn
评估,to evaluate; to assess; assessment; evaluation,pínggū
此时,now; this moment,cǐshí
交给,to give; to deliver; to hand over,jiāogěi
厕所,toilet; lavatory,cèsuǒ
著作,to write; literary work; book; article; writings,zhùzuò
象征,emblem; symbol; token; badge; to symbolize; to signify; to stand for,xiàngzhēng
建成,to establish; to build,jiànchéng
彼此,each other; one another,bǐcǐ
重建,to rebuild; to reestablish; reconstruction; rebuilding,chóngjiàn
生长,to grow,shēngzhǎng
等级,grade; rank; status,děngjí
到达,to reach; to arrive,dàodá
日期,date,rìqī
房屋,house; building,fángwū
旁边,lateral; side; to the side; beside,pángbiān
思维,(line of) thought; thinking,sīwéi
腐败,corruption; to corrupt; to rot; rotten,fǔbài
认证,to authenticate; to approve,rènzhèng
视为,to view as; to see as; to consider to be; to deem,shìwéi
等于,to equal; to be tantamount to,děngyú
防止,to prevent; to guard against; to take precautions,fángzhǐ
决策,strategic decision; decision-making; policy decision; to determine policy,juécè
平衡,balance; equilibrium,pínghéng
记载,to write down; to record; written account,jìzǎi
经理,manager; director,jīnglǐ
混乱,confusion; chaos; disorder,hùnluàn
创建,to found; to establish,chuàngjiàn
主人,master; host; owner,zhǔrén
撤销,to repeal; to revoke; (computing) to undo,chèxiāo
学科,subject; branch of learning; course; academic discipline,xuékē
浪费,to waste; to squander,làngfèi
通讯,communications; news story; dispatch,tōngxùn
候选人,candidate,hòuxuǎnrén
失望,disappointed; to lose hope; to despair,shīwàng
祖国,motherland,zǔguó
医学,medicine; medical science; study of medicine,yīxué
模型,model; mold; matrix; pattern,móxíng
得以,able to; so that sb can; enabling; in order to; finally in a position to; with sth in view,déyǐ
早就,already at an earlier time,zǎojiù
教堂,church; chapel,jiàotáng
墨西哥,Mexico,mòxīgē
单独,alone; by oneself; on one's own,dāndú
显得,to seem; to look; to appear,xiǎnde
冲击,to attack; to batter; (of waves) to pound against; shock; impact,chōngjī
骗子,swindler; a cheat,piànzi
寻求,to seek; to look for,xúnqiú
庆祝,to celebrate,qìngzhù
金额,sum of money; monetary value,jīné
常见,commonly seen; common; to see sth frequently,chángjiàn
战士,fighter; soldier; warrior,zhànshì
激烈,(of competition or fighting) intense; fierce; (of pain) acute; (of an expression of opinion) impassioned; vehement; (of a course of action) drastic; extreme,jīliè
歌曲,song,gēqǔ
保存,to conserve; to preserve; to keep; to save (a file etc) (computing),bǎocún
细节,details; particulars,xìjié
一路,the whole journey; all the way; going the same way; going in the same direction; of the same kind,yīlù
大大,greatly; enormously; (dialect) dad; uncle,dàdà
各项,N/A,N/A
素质,inner quality; basic essence,sùzhì
轻松,light; gentle; relaxed; effortless; uncomplicated; to relax; to take things less seriously,qīngsōng
自行,voluntary; autonomous; by oneself; self-,zìxíng
贫困,impoverished; poverty,pínkùn
不论,"whatever; no matter what (who, how etc); regardless of; not to discuss",bùlùn
原始,first; original; primitive; original (document etc),yuánshǐ
途径,way; channel,tújìng
研发,research and development; to develop,yánfā
超越,to surpass; to exceed; to transcend,chāoyuè
强化,to strengthen; to intensify,qiánghuà
退休,to retire; retirement (from work),tuìxiū
赚钱,to earn money; moneymaking,zhuànqián
批判,to criticize; critique,pīpàn
毫无,not in the least; to completely lack,háowú
简介,summary; brief introduction,jiǎnjiè
品质,"character; intrinsic quality (of a person); quality (of a product or service, or as in ""quality of life"", ""air quality"" etc)",pǐnzhì
男女,male-female; male and female,nánnǚ
诗人,bard; poet,shīrén
算是,considered to be; at last,suànshì
经费,funds; expenditure,jīngfèi
准确,accurate; exact; precise,zhǔnquè
再也,(not) any more,zàiyě
宇宙,universe; cosmos,yǔzhòu
餐厅,dining hall; dining room; restaurant,cāntīng
当初,at that time; originally,dāngchū
实验室,laboratory,shíyànshì
礼物,gift; present,lǐwù
获取,to gain; to get; to acquire,huòqǔ
作业,school assignment; homework; work; task; operation; to operate,zuòyè
一带,region; district,yīdài
回忆,to recall; memories,huíyì
相似,to resemble; similar; like; resemblance; similarity,xiāngsì
当天,on that day,dāngtiān
可怜,pitiful; pathetic; to have pity on,kělián
起诉,to sue; to bring a lawsuit against; to prosecute,qǐsù
咖啡,coffee (loanword),kāfēi
北部,northern part,běibù
金属,metal,jīnshǔ
主管,in charge; responsible for; person in charge; manager,zhǔguǎn
拿到,N/A,N/A
强制,to enforce; enforcement; forcibly; compulsory,qiángzhì
整理,"to arrange; to tidy up; to sort out; to straighten out; to list systematically; to collate (data, files); to pack (luggage)",zhěnglǐ
外部,external part; external,wàibù
人为,artificial; man-made; having human cause or origin; human attempt or effort,rénwéi
加油,to add oil; to top up with gas; to refuel; to accelerate; to step on the gas; (fig.) to make an extra effort; to cheer sb on,jiāyóu
合适,suitable; fitting; appropriate,héshì
神秘,mysterious; mystery,shénmì
循环,to cycle; to circulate; circle; loop,xúnhuán
后果,consequences; aftermath,hòuguǒ
早已,long ago; for a long time,zǎoyǐ
年前,before the end of the year; before the new year,niánqián
深刻,profound; deep; deep-going,shēnkè
屁股,buttocks; bottom; butt; back part,pìgu
享有,"to enjoy (rights, privileges etc)",xiǎngyǒu
子女,children; sons and daughters,zǐnǚ
为止,until; (used in combination with words like 到[dao4] or 至[zhi4] in constructs of the form 到...為止|到...为止),wéizhǐ
尽快,as quickly as possible; as soon as possible; with all speed,jǐnkuài
怀孕,pregnant; to have conceived; gestation; pregnancy,huáiyùn
图书馆,library,túshūguǎn
障碍,barrier; obstruction; hindrance; impediment; obstacle,zhàngài
炸弹,bomb,zhàdàn
运营,"to be in operation; to do business; (of train, bus etc) to be in service; operation; service",yùnyíng
典型,model; typical case; archetype; typical; representative,diǎnxíng
自在,free; unrestrained; comfortable; at ease,zìzai
围绕,to revolve around; to center on (an issue),wéirào
继承,to inherit; to succeed to (the throne etc); to carry on (a tradition etc),jìchéng
答应,to answer; to respond; to answer positively; to agree; to accept; to promise,dāying
援助,to help; to support; to aid; aid; assistance,yuánzhù
对抗,to withstand; to resist; to stand off; antagonism; confrontation,duìkàng
舆论,public opinion,yúlùn
药物,medicaments; pharmaceuticals; medication; medicine; drug,yàowù
以色列,Israel,yǐsèliè
遗憾,regret; to regret; to be sorry that,yíhàn
到来,to arrive; arrival; advent,dàolái
情形,circumstances; situation,qíngxing
恐惧,to be frightened; fear; dread,kǒngjù
大道,main street; avenue,dàdào
脱离,to separate oneself from; to break away from; diastasis (medicine); abscission; abjunction (botany),tuōlí
密码,secret code; ciphertext; password; PIN,mìmǎ
职工,workers; staff,zhígōng
待遇,treatment; pay; salary; status; rank,dàiyù
聪明,intelligent; clever; bright; smart; acute (of sight and hearing),cōngming
突出,prominent; outstanding; to give prominence to; to protrude; to project,tūchū
转型,transformation; to transform,zhuǎnxíng
技能,technical ability; skill,jìnéng
干净,clean; neat,gānjìng
打破,to break; to smash,dǎpò
地下,underground; subterranean; covert,dìxià
企图,to attempt; to try; attempt,qǐtú
对付,to handle; to deal with; to cope; to get by with,duìfu
新型,new type; new kind,xīnxíng
号码,number,hàomǎ
大楼,"building (a relatively large, multi-storey one)",dàlóu
愤怒,angry; indignant; wrath; ire,fènnù
居然,unexpectedly; to one's surprise; go so far as to,jūrán
写作,to write; to compose; writing; written works,xiězuò
签订,to agree to and sign (a treaty etc),qiāndìng
房地产,real estate,fángdìchǎn
部署,to dispose; to deploy; deployment,bùshǔ
拯救,to save; to rescue,zhěngjiù
之类,and so on; and such,zhīlèi
华人,ethnic Chinese person or people,huárén
异常,exceptional; abnormal; an anomaly,yìcháng
许可,to allow; to permit,xǔkě
大使,ambassador; envoy,dàshǐ
工会,labor union; trade union,gōnghuì
穆斯林,Muslim,mùsīlín
道歉,to apologize,dàoqiàn
划分,to divide up; to partition; to differentiate,huàfēn
离婚,to divorce; divorced from (one's spouse),líhūn
加工,to process; processing; working (of machinery),jiāgōng
输入,to import; to input,shūrù
监管,to oversee; to take charge of; to supervise; to administer; supervisory; supervision,jiānguǎn
所在,place; location; (after a noun) place where it is located,suǒzài
色彩,tint; coloring; coloration; (fig.) flavor; character,sècǎi
做法,way of handling sth; method for making; work method; recipe; practice,zuòfǎ
合同,(business) contract,hétong
意味着,to signify; to mean; to imply,yìwèizhe
扩展,to extend; to expand; extension; expansion,kuòzhǎn
阳光,sunshine; transparent (open to public scrutiny),yángguāng
微软,Microsoft corporation,wēiruǎn
驾驶,"to pilot (ship, airplane etc); to drive",jiàshǐ
细胞,cell (biology),xìbāo
球队,"sports team (basketball, soccer, football etc)",qiúduì
带领,to guide; to lead,dàilǐng
多种,many kinds of; multiple; diverse; multi-,duōzhǒng
动画,animation; cartoon,dònghuà
和谐,harmonious; harmony; (euphemism) to censor,héxié
文献,document,wénxiàn
质疑,to call into question; to question (truth or validity),zhìyí
进展,to make headway; to make progress,jìnzhǎn
出售,to sell; to offer for sale; to put on the market,chūshòu
伙伴,partner; companion; comrade,huǒbàn
种族,race; ethnicity,zhǒngzú
球员,"sports club member; footballer, golfer etc",qiúyuán
不见,not to see; not to meet; to have disappeared; to be missing,bùjiàn
顾问,adviser; consultant,gùwèn
人体,human body,réntǐ
指标,(production) target; quota; index; indicator; sign; signpost; (computing) pointer,zhǐbiāo
创业,to begin an undertaking; to start a major task; to initiate; to venture; venture; entrepreneurship,chuàngyè
监控,to monitor,jiānkòng
依法,legal (proceedings); according to law,yīfǎ
内地,"mainland China (PRC excluding Hong Kong and Macau, but including islands such as Hainan); Japan (used in Taiwan during Japanese colonization)",nèidì
初期,initial stage; beginning period,chūqī
奥运,abbr. for 奧林匹克運動會|奥林匹克运动会; Olympic Games; the Olympics,àoyùn
主体,main part; bulk; body; subject; agent,zhǔtǐ
性格,nature; disposition; temperament; character,xìnggé
改进,to improve; to make better,gǎijìn
教训,lesson; moral; to chide sb; to lecture sb,jiàoxun
市区,urban district; downtown; city center,shìqū
个性,individuality; personality,gèxìng
局长,bureau chief,júzhǎng
电视剧,TV play; soap opera,diànshìjù
天堂,paradise; heaven,tiāntáng
重复,to repeat; to duplicate,chóngfù
接下来,to accept; to take; next; following,jiēxiàlái
从未,never,cóngwèi
失业,unemployment; to lose one's job,shīyè
博客,blog (loanword); weblog; blogger,bókè
福建,"Fujian province (Fukien) in east China, abbr. 福 or 閩|闽, capital Fuzhou 福州; Fujian province (Fukien) in Taiwan",fújiàn
懂得,to understand; to know; to comprehend,dǒngde
分离,to separate,fēnlí
基督教,Christianity; Christian,jīdūjiào
进程,process; course,jìnchéng
取代,to replace; to supersede; to supplant; (chemistry) substitution,qǔdài
与其,"rather than...; 與其|与其[yu3 qi2] A 不如[bu4 ru2] B (rather than A, better to B)",yǔqí
温度,temperature,wēndù
支援,to provide assistance; to support; to back,zhīyuán
道理,reason; argument; sense; principle; basis; justification,dàoli
改为,to change into,gǎiwéi
效应,effect (scientific phenomenon),xiàoyìng
被迫,to be compelled; to be forced,bèipò
味道,flavor; smell; hint of,wèidao
王国,kingdom; realm,wángguó
被捕,to be arrested; under arrest,bèibǔ
废除,to abolish; to abrogate; to repeal,fèichú
摧毁,to destroy; to wreck,cuīhuǐ
全都,all; without exception,quándōu
地面,floor; ground; surface,dìmiàn
大批,large quantities of,dàpī
奋斗,to strive; to struggle,fèndòu
配置,to deploy; to allocate; configuration; allocation,pèizhì
人群,crowd,rénqún
判决,judgment (by a court of law); to pass judgment on; to sentence,pànjué
合并,to merge; to annex,hébìng
深度,depth; (of a speech etc) profundity; advanced stage of development,shēndù
人性,human nature; humanity; human; the totality of human attributes,rénxìng
边界,boundary; border,biānjiè
名义,name; titular; nominal; in name; ostensible purpose,míngyì
例子,case; (for) instance; example,lìzi
军人,serviceman; soldier; military personnel,jūnrén
邪恶,sinister; vicious; wicked; evil,xiéè
无限,unlimited; unbounded,wúxiàn
互动,to interact; interactive,hùdòng
书籍,books; works,shūjí
内阁,(government) cabinet,nèigé
杭州,Hangzhou subprovincial city and capital of Zhejiang province in southeast China,hángzhōu
发言,to make a speech; statement; utterance,fāyán
人工,artificial; manpower; manual work,réngōng
极端,extreme,jíduān
舞蹈,dance (performance art); dancing,wǔdǎo
加以,"in addition; moreover; (used before a disyllabic verb to indicate that the action of the verb is applied to sth or sb previously mentioned); to apply (restrictions etc) to (sb); to give (support, consideration etc) to (sth)",jiāyǐ
回归,to return to; to retreat; regression (statistics),huíguī
啊啊,N/A,N/A
转化,to change; to transform; isomerization (chemistry),zhuǎnhuà
工程师,engineer,gōngchéngshī
埃及,Egypt,āijí
聊天,to chat; to gossip,liáotiān
街头,street,jiētóu
论文,paper; treatise; thesis; to discuss a paper or thesis (old),lùnwén
服装,dress; clothing; costume; clothes,fúzhuāng
天使,angel,tiānshǐ
外交部,Ministry of Foreign Affairs; foreign office; Dept. of State,wàijiāobù
顾客,client; customer,gùkè
检测,to detect; to test; detection; sensing,jiǎncè
公正,just; fair; equitable,gōngzhèng
言论,expression of opinion; views; remarks; arguments,yánlùn
导弹,guided missile; cruise missile; missile,dǎodàn
种子,seed,zhǒngzi
反抗,to resist; to rebel,fǎnkàng
近期,near in time; in the near future; very soon; recent,jìnqī
却是,nevertheless; actually; the fact is ...,quèshì
引用,to quote; to cite; to recommend; to appoint; (computing) reference,yǐnyòng
义务,duty; obligation; volunteer (work etc),yìwù
只不过,only; merely; nothing but; no more than; it's just that ...,zhǐbuguò
覆盖,to cover,fùgài
引导,to guide; to lead (around); to conduct; to boot; introduction; primer,yǐndǎo
荣誉,honor; credit; glory; (honorable) reputation; honorary,róngyù
抵达,to arrive; to reach (a destination),dǐdá
两岸,bilateral; both shores; both sides; both coasts; Taiwan and mainland,liǎngàn
最初,first; primary; initial; original; at first; initially; originally,zuìchū
陆续,in turn; successively; one after the other; bit by bit,lùxù
扩张,expansion; dilation; to expand (e.g. one's power or influence); to broaden,kuòzhāng
预防,to prevent; to take precautions against; to protect; to guard against; precautionary; prophylactic,yùfáng
场所,location; place,chǎngsuǒ
谁知道,God knows...; Who would have imagined...?,shéizhīdào
早期,early period; early phase; early stage,zǎoqī
客观,objective; impartial,kèguān
损害,harm; to damage; to impair,sǔnhài
加快,to accelerate; to speed up,jiākuài
代价,price; cost; consideration (in share dealing),dàijià
种植,to plant; to grow,zhòngzhí
付出,to pay; to invest (energy or time in a friendship etc),fùchū
所属,one's affiliation (i.e. the organization one is affiliated with); subordinate (i.e. those subordinate to oneself); belonging to; affiliated; under one's command,suǒshǔ
商店,store; shop,shāngdiàn
理念,idea; concept; philosophy; theory,lǐniàn
选民,voter; constituency; electorate,xuǎnmín
不幸,misfortune; adversity; unfortunate; sad; unfortunately,bùxìng
逐步,progressively; step by step,zhúbù
极为,extremely; exceedingly,jíwéi
优先,to have priority; to take precedence,yōuxiān
主权,sovereignty,zhǔquán
否认,to declare to be untrue; to deny,fǒurèn
失踪,to be missing; to disappear; unaccounted for,shīzōng
输出,to export; to output,shūchū
冒险,to take risks; to take chances; foray; adventure,màoxiǎn
遭遇,to meet with; to encounter; (bitter) experience,zāoyù
戏剧,drama; play; theater,xìjù
引进,to recommend; to introduce (from outside),yǐnjìn
通信,to correspond (by letter etc); to communicate; communication,tōngxìn
亲自,personally; in person; oneself,qīnzì
品种,breed; variety,pǐnzhǒng
删除,to delete; to cancel,shānchú
忽视,to neglect; to ignore,hūshì
公告,post; announcement,gōnggào
正面,front; obverse side; right side; positive; direct; open,zhèngmiàn
国防,national defense,guófáng
指定,to appoint; to assign; to indicate clearly and with certainty; designated,zhǐdìng
传递,to transmit; to pass on to sb else; (math.) transitive,chuándì
岛屿,island,dǎoyǔ
都市,city; metropolis,dūshì
查看,to look over; to examine; to check up; to ferret out,chákàn
上涨,to rise; to go up,shàngzhǎng
负担,burden; to bear a burden,fùdān
方针,policy; guidelines,fāngzhēn
陷入,to sink into; to get caught up in; to land in (a predicament),xiànrù
药品,medicaments; medicine; drug,yàopǐn
演讲,lecture; to make a speech,yǎnjiǎng
性别,gender; sex,xìngbié
日前,the other day; a few days ago,rìqián
奖励,to reward; reward (as encouragement),jiǎnglì
再说,to say again; to put off a discussion until later; moreover; what's more; besides,zàishuō
乘客,passenger,chéngkè
机器人,mechanical person; robot; android,jīqìrén
惩罚,penalty; punishment; to punish,chéngfá
今后,hereafter; henceforth; in the future; from now on,jīnhòu
再度,once more; once again; one more time,zàidù
婴儿,infant; baby; lead (Pb),yīngér
似的,seems as if; rather like; Taiwan pr. [si4 de5],shìde
战役,military campaign,zhànyì
活跃,active; lively; excited; to enliven; to brighten up,huóyuè
商人,merchant; businessman,shāngrén
仔细,careful; attentive; cautious,zǐxì
轨道,track (for trains etc); orbit (of a satellite); (fig.) a person's established path in life; desired trajectory (of a business or other endeavor); (audio engineering) track; (quantum mechanics) orbital,guǐdào
曝光,to expose (photography); (fig.) to expose (a scandal); (advertising) exposure; Taiwan pr. [pu4 guang1],bàoguāng
电信,telecommunications,diànxìn
认定,to maintain (that sth is true); to determine (a fact); determination (of an amount); of the firm opinion; to believe firmly; to set one's mind on; to identify with,rèndìng
股权,equity shares; stock right,gǔquán
权益,rights; interests; rights and benefits,quányì
画面,scene; tableau; picture; image; screen (displayed by a computer); (motion picture) frame; field of view,huàmiàn
宣言,declaration; manifesto,xuānyán
除非,"only if (..., or otherwise, ...); only when; only in the case that; unless",chúfēi
整合,to conform; to integrate,zhěnghé
不然,not so; no; or else; otherwise; if not; How about ...?,bùrán
平民,ordinary people; commoner; civilian,píngmín
转向,to change direction; fig. to change one's stance,zhuǎnxiàng
物资,goods; supplies,wùzī
住宅,residence; tenement,zhùzhái
摆脱,to break away from; to cast off (old ideas etc); to get rid of; to break away (from); to break out (of); to free oneself from; to extricate oneself,bǎituō
入侵,to invade,rùqīn
近日,in the past few days; recently; in the last few days,jìnrì
边境,frontier; border,biānjìng
工艺,arts and crafts; industrial arts,gōngyì
认同,to approve of; to endorse; to acknowledge; to recognize; to identify oneself with,rèntóng
莫斯科,"Moscow, capital of Russia",mòsīkē
执法,to enforce a law; law enforcement,zhífǎ
无关,unrelated; having nothing to do (with sth else),wúguān
恐怕,fear; to dread; I'm afraid that...; perhaps; maybe,kǒngpà
干嘛,what are you doing?; whatever for?; why on earth?,gànmá
解除,to remove; to sack; to get rid of; to relieve (sb of their duties); to free; to lift (an embargo); to rescind (an agreement),jiěchú
研究所,research institute; graduate studies; graduate school,yánjiūsuǒ
天然,natural,tiānrán
教练,instructor; sports coach; trainer,jiàoliàn
分裂,to split up; to divide; to break up; fission; schism,fēnliè
公寓,apartment building; block of flats,gōngyù
谋杀,to murder; to assassinate; intentional homicide,móushā
封锁,to blockade; to seal off,fēngsuǒ
专题,"specific topic (addressed by a book, lecture, TV program etc); article, report or program etc on a specific topic",zhuāntí
总之,in a word; in short; in brief,zǒngzhī
尸体,dead body; corpse; carcass,shītǐ
幻想,delusion; fantasy,huànxiǎng
世界杯,World Cup,shìjièbēi
迫害,to persecute; persecution,pòhài
纳入,to bring into; to channel into; to integrate into; to incorporate,nàrù
透露,to leak out; to divulge; to reveal,tòulù
皇家,royal; imperial household,huángjiā
强迫,to compel; to force,qiǎngpò
诞生,to be born,dànshēng
平时,ordinarily; in normal times; in peacetime,píngshí
总裁,chairman; director-general (of a company etc),zǒngcái
据说,it is said that; reportedly,jùshuō
认可,to approve; approval; acknowledgment; OK,rènkě
勇气,courage; valor,yǒngqì
一同,along; together,yītóng
得知,to find out; to know; to learn about,dézhī
吸收,to absorb; to assimilate; to ingest; to recruit,xīshōu
形态,shape; form; pattern; morphology,xíngtài
测量,survey; to measure; to gauge; to determine,cèliáng
尽量,as much as possible; to the greatest extent,jǐnliàng
外汇,foreign (currency) exchange,wàihuì
精彩,wonderful; marvelous; brilliant,jīngcǎi
联络,to get in touch with; to contact; to stay in contact (with); liaison; (math.) connection,liánluò
兴建,to build; to construct,xīngjiàn
激动,to move emotionally; to stir up (emotions); to excite,jīdòng
不停,incessant,bùtíng
布局,arrangement; composition; layout; opening (chess jargon),bùjú
焦点,focus; focal point,jiāodiǎn
屠杀,to massacre; massacre; bloodbath; carnage,túshā
青岛,"Qingdao, subprovincial city in Shandong",qīngdǎo
此后,after this; afterwards; hereafter,cǐhòu
效率,efficiency,xiàolǜ
在内,(included) in it; among them,zàinèi
伊拉克,Iraq,yīlākè
杀害,to murder,shāhài
竞选,to take part in an election; to run for office,jìngxuǎn
心灵,bright; smart; quick-witted; heart; thoughts; spirit,xīnlíng
性能,function; performance,xìngnéng
种类,kind; genus; type; category; variety; species; sort; class,zhǒnglèi
文物,cultural relic; historical relic,wénwù
无数,countless; numberless; innumerable,wúshù
依赖,to depend on; to be dependent on,yīlài
如一,N/A,N/A
无人,unmanned; uninhabited,wúrén
转换,to change; to switch; to convert; to transform,zhuǎnhuàn
洛杉矶,"Los Angeles, California",luòshānjī
列为,to be classified as,lièwéi
气氛,atmosphere; mood,qìfēn
事项,matter; item,shìxiàng
创立,to establish; to set up; to found,chuànglì
线路,line; circuit; wire; road; railway track; bus route,xiànlù
遗址,ruins; historic relics,yízhǐ
场景,scene; scenario; setting,chǎngjǐng
总体,completely; totally; total; entire; overall; population (statistics),zǒngtǐ
提名,to nominate,tímíng
无疑,no doubt; undoubtedly,wúyí
农场,farm,nóngchǎng
协定,agreement; accord; to reach an agreement,xiédìng
情感,feeling; emotion; to move (emotionally),qínggǎn
实体,"entity; substance; thing that has a material existence (as opposed to a conceptual, virtual or online existence); the real thing (as opposed to an image or model of it)",shítǐ
遭受,"to suffer; to sustain (loss, misfortune)",zāoshòu
主持人,TV or radio presenter; host; anchor,zhǔchírén
舒服,comfortable; feeling well,shūfu
登陆,to land; to come ashore; to make landfall (of typhoon etc); to log in (frequently used erroneous variant of 登錄|登录[deng1 lu4]),dēnglù
赶紧,hurriedly; without delay,gǎnjǐn
竞赛,race; competition,jìngsài
主办,to organize; to host (a conference or sports event),zhǔbàn
空中,in the sky; in the air,kōngzhōng
各类,all categories,gèlèi
回国,to return to one's home country,huíguó
依靠,to rely on sth (for support etc); to depend on,yīkào
前来,to come (formal); before; previously,qiánlái
争论,to argue; to debate; to contend; argument; contention; controversy; debate,zhēnglùn
太平洋,Pacific Ocean,tàipíngyáng
基层,basic level; grassroots unit; basement layer,jīcéng
口号,slogan; catchphrase,kǒuhào
标题,title; heading; headline; caption; subject,biāotí
辞职,to resign,cízhí
共享,to share; to enjoy together,gòngxiǎng
贵族,lord; nobility; nobleman; noblewoman; aristocrat; aristocracy,guìzú
微博,microblogging; microblog,wēibó
诉讼,lawsuit,sùsòng
社交,interaction; social contact,shèjiāo
骄傲,pride; arrogance; conceited; proud of sth,jiāoào
可靠,reliable,kěkào
从此,from now on; since then; henceforth,cóngcǐ
侵犯,to infringe on; to encroach on; to violate; to assault,qīnfàn
说道,to state; to say (the quoted words),shuōdào
国有,nationalized; public; government owned; state-owned,guóyǒu
性感,sex appeal; eroticism; sexuality; sexy,xìnggǎn
一批,N/A,N/A
当代,the present age; the contemporary era,dāngdài
蓝色,blue (color),lánsè
检验,to inspect; to examine; to test,jiǎnyàn
坦克,tank (military vehicle) (loanword),tǎnkè
赶快,at once; immediately,gǎnkuài
谴责,to denounce; to condemn; to criticize; condemnation; criticism,qiǎnzé
个别,individual; specific; respective; just one or two,gèbié
资助,to subsidize; to provide financial aid; subsidy,zīzhù
遵守,to comply with; to abide by; to respect (an agreement),zūnshǒu
自主,independent; to act for oneself; autonomous,zìzhǔ
当作,to treat as; to regard as,dàngzuò
基本上,basically; on the whole,jīběnshang
截至,up to (a time); by (a time),jiézhì
篮球,basketball,lánqiú
歧视,to discriminate against; discrimination,qíshì
愚蠢,silly; stupid,yúchǔn
清理,to clear up; to tidy up; to dispose of,qīnglǐ
悲剧,tragedy,bēijù
假设,to suppose; to presume; to assume; supposing that ...; if; hypothesis; conjecture,jiǎshè
采购,to procure (for an enterprise etc); to purchase,cǎigòu
推翻,to overthrow,tuīfān
设计师,designer; architect,shèjìshī
现任,"to occupy a post currently; current (president etc); incumbent; (coll.) current boyfriend (girlfriend, spouse)",xiànrèn
秩序,order (orderly); order (sequence); social order; the state (of society),zhìxù
技巧,skill; technique,jìqiǎo
依照,according to; in light of,yīzhào
层面,"aspect; facet; level (political, psychological, spiritual etc); (geology) bedding plane",céngmiàn
动员,to mobilize; to arouse; mobilization,dòngyuán
优质,excellent quality,yōuzhì
财务,financial affairs,cáiwù
好事,"good action, deed, thing or work (also sarcastic, ""a fine thing indeed""); charity; happy occasion; Daoist or Buddhist ceremony for the souls of the dead",hǎoshì
指示,to point out; to indicate; to instruct; directives; instructions,zhǐshì
小型,small scale; small size,xiǎoxíng
职责,duty; responsibility; obligation,zhízé
单纯,simple; pure; unsophisticated; merely; purely,dānchún
专用,special; dedicated,zhuānyòng
喜爱,to like; to love; to be fond of; favorite,xǐài
勇敢,brave; courageous,yǒnggǎn
购物,shopping,gòuwù
延长,"Yanchang county in Yan'an 延安[Yan2 an1], Shaanxi",yáncháng
差别,difference; distinction; disparity,chābié
询问,to inquire,xúnwèn
多元,poly-; multi-; multielement; multivariant; multivariate (math.),duōyuán
提议,proposal; suggestion; to propose; to suggest,tíyì
投诉,complaint; to complain; to register a complaint (esp. as a customer),tóusù
大选,general election,dàxuǎn
村民,villager,cūnmín
高层,high level; high class,gāocéng
周期,period; cycle,zhōuqī
混合,to mix; to blend; hybrid; composite,hùnhé
人道,"human sympathy; humanitarianism; humane; the ""human way"", one of the stages in the cycle of reincarnation (Buddhism); sexual intercourse",réndào
积累,to accumulate; accumulation; cumulative; cumulatively,jīlěi
主角,leading role; lead,zhǔjué
周边,periphery; rim; surroundings; all around; perimeter; peripheral (computing); spin-offs,zhōubiān
边缘,edge; fringe; verge; brink; periphery; marginal; borderline,biānyuán
赋予,to assign; to entrust (a task); to give; to bestow,fùyǔ
原理,principle; theory,yuánlǐ
影响力,influence; impact,yǐngxiǎnglì
揭露,to expose; to unmask; to ferret out; to disclose; disclosure,jiēlù
物品,articles; goods; materials,wùpǐn
亲爱,dear; beloved; darling,qīnài
镜头,camera lens; camera shot (in a movie etc); scene,jìngtóu
便是,(emphasizes that sth is precisely or exactly as stated); precisely; exactly; even; if; just like; in the same way as,biànshì
营销,marketing,yíngxiāo
青少年,adolescent; youth; teenager,qīngshàonián
当今,current; present; now; nowadays,dāngjīn
公务员,functionary; office-bearer,gōngwùyuán
变革,to transform; to change,biàngé
有机,organic,yǒujī
营业,to do business; to trade,yíngyè
返回,to return to; to come (or go) back,fǎnhuí
犹太人,Jew,yóutàirén
组建,to organize; to set up; to establish,zǔjiàn
敏感,sensitive; susceptible,mǐngǎn
特性,property; characteristic,tèxìng
时尚,fashion; fad; fashionable,shíshàng
以往,in the past; formerly,yǐwǎng
理性,reason; rationality; rational,lǐxìng
支撑,to prop up; to support; strut; brace,zhīchēng
举报,to report (malefactors to the police); to denounce,jǔbào
假如,if,jiǎrú
绑架,to kidnap; to abduct; to hijack; a kidnapping; abduction; staking,bǎngjià
金钱,money; currency,jīnqián
地狱,hell; infernal; underworld,dìyù
祈祷,to pray; to say one's prayers; prayer,qídǎo
局势,situation; state (of affairs),júshì
文艺,literature and art,wényì
全新,all new; completely new,quánxīn
编制,to establish (a unit or department); staffing structure (excluding temporary and casual staff),biānzhì
半岛,peninsula,bàndǎo
瑞典,Sweden,ruìdiǎn
决赛,finals (of a competition),juésài
开启,to open; to start; (computing) to enable,kāiqǐ
决心,determination; resolution; determined; firm and resolute; to make up one's mind,juéxīn
前提,premise; precondition; prerequisite,qiántí
一代,generation,yīdài
案例,case (law),ànlì
微笑,smile; to smile,wēixiào
送给,to send; to give as a present,sònggěi
日益,day by day; more and more; increasingly; more and more with each passing day,rìyì
依旧,as before; still,yījiù
草案,"draft (legislation, proposal etc)",cǎoàn
玻璃,glass; (slang) male homosexual,bōli
愿望,desire; wish,yuànwàng
极大,maximum; enormous,jídà
即可,equivalent to 就可以; can then (do sth); can immediately (do sth); (do sth) and that will suffice,jíkě
近年来,for the past few years,jìnniánlái
学位,academic degree; place in school,xuéwèi
遗产,heritage; legacy; inheritance; bequest,yíchǎn
队长,captain; team leader,duìzhǎng
优化,optimization; to optimize; to make superior,yōuhuà
粉丝,bean vermicelli; mung bean starch noodles; Chinese vermicelli; cellophane noodles; fan (loanword); enthusiast for sb or sth,fěnsī
火箭,rocket,huǒjiàn
此事,N/A,N/A
条款,clause (of contract or law),tiáokuǎn
运动员,athlete,yùndòngyuán
可能性,possibility; probability,kěnéngxìng
抓住,to grab; to capture,zhuāzhù
行使,to exercise (a right etc),xíngshǐ
恶心,nausea; to feel sick; disgust; nauseating; to embarrass (deliberately),ěxīn
打败,to defeat; to overpower; to beat; to be defeated,dǎbài
会见,to meet with (sb who is paying a visit),huìjiàn
局面,aspect; phase; situation,júmiàn
江泽民,"Jiang Zemin (1926-), politician, president of PRC 1993-2003",jiāngzémín
讲述,to talk about; to narrate; to give an account,jiǎngshù
夫妇,a (married) couple; husband and wife,fūfù
融合,a mixture; an amalgam; fusion; welding together; to be in harmony with (nature); to harmonize with; to fit in,rónghé
年纪,age,niánjì
主导,leading; dominant; prevailing; to lead; to direct; to dominate,zhǔdǎo
账号,account; username,zhànghào
职位,post; office; position,zhíwèi
好友,close friend; pal; (social networking website) friend,hǎoyǒu
去世,to pass away; to die,qùshì
资本主义,capitalism,zīběnzhǔyì
成分,composition; make-up; ingredient; element; component; one's social status,chéngfèn
任期,term of office; tenure (entire period in office),rènqī
定位,to orientate; to position; to categorize (as); to characterize (as); positioning; position; niche,dìngwèi
黄色,yellow (color); pornographic,huángsè
探讨,to investigate; to probe,tàntǎo
创办,to establish; to found; to launch,chuàngbàn
如同,like; as,rútóng
大事,major event; major political event (war or change of regime); major social event (wedding or funeral); (do sth) in a big way,dàshì
邻居,neighbor; next door,línjū
模拟,"imitation; to simulate; to imitate; analog (device, as opposed to digital)",mónǐ
沉默,taciturn; uncommunicative; silent,chénmò
短期,short term; short-term,duǎnqī
代替,to replace; to take the place of,dàitì
播出,to broadcast; to air (a TV program etc),bōchū
能否,whether or not; can it or can't it; is it possible?,néngfǒu
投资者,investor,tóuzīzhě
危害,to jeopardize; to harm; to endanger; harmful effect; damage,wēihài
展览,to put on display; to exhibit; exhibition; show,zhǎnlǎn
故意,deliberately; on purpose,gùyì
若干,a certain number or amount; how many?; how much?,ruògān
穿着,attire; clothes; dress,chuānzhuó
大臣,chancellor (of a monarchy); cabinet minister,dàchén
夫妻,husband and wife; married couple,fūqī
中部,middle part; central section,zhōngbù
协商,to consult with; to talk things over; agreement,xiéshāng
伦理,ethics,lúnlǐ
脑袋,head; skull; brains; mental capability,nǎodai
货物,goods; commodity; merchandise,huòwù
总额,total (amount or value),zǒngé
爷爷,(coll.) father's father; paternal grandfather,yéye
佛教,Buddhism,fójiào
战场,battlefield,zhànchǎng
权威,authority; authoritative; power and prestige,quánwēi
新人,"newcomer; fresh talent; newlywed, esp. new bride; bride and groom",xīnrén
美食,culinary delicacy; fine food; gourmet food,měishí
被告,defendant,bèigào
同步,synchronous; to synchronize; to keep step with,tóngbù
家属,family member; (family) dependent,jiāshǔ
参观,to look around; to tour; to visit,cānguān
隐藏,to hide; to conceal; to mask; to shelter; to harbor (i.e. keep sth hidden); to hide oneself; to lie low; to nestle; hidden; implicit; private; covert; recessed (lighting),yǐncáng
灾难,disaster; catastrophe,zāinàn
定期,at set dates; at regular intervals; periodic; limited to a fixed period of time; fixed term,dìngqī
审议,deliberation; pondering; due consideration,shěnyì
庞大,huge; enormous; tremendous,pángdà
毫米,millimeter,háomǐ
流量,flow rate; rate; throughput; site traffic (Internet),liúliàng
累计,to accumulate; cumulative,lěijì
心态,attitude (of the heart); state of one's psyche; way of thinking; mentality,xīntài
展现,to come out; to emerge; to reveal; to display,zhǎnxiàn
生意,life force; vitality,shēngyì
现状,current situation,xiànzhuàng
绝不,in no way; not in the least; absolutely not,juébù
太空,outer space,tàikōng
大赛,N/A,N/A
密切,close; familiar; intimate; closely (related); to foster close ties; to pay close attention,mìqiè
个体,individual,gètǐ
暂停,to suspend; time-out (e.g. in sports); stoppage; pause (media player),zàntíng
元素,element; element of a set; chemical element,yuánsù
日记,diary,rìjì
繁荣,prosperous; booming (economy),fánróng
奖金,premium; award money; bonus,jiǎngjīn
靠近,near; to approach,kàojìn
打造,to create; to build; to develop; to forge (of metal),dǎzào
智能,"intelligent; able; smart (phone, system, bomb etc)",zhìnéng
上级,higher authorities; superiors,shàngjí
制裁,to punish; punishment; sanctions (incl. economic),zhìcái
严肃,solemn; grave; serious; earnest; severe,yánsù
一辈子,(for) a lifetime,yībèizi
延续,to continue; to go on; to last,yánxù
建筑物,building; structure; edifice,jiànzhùwù
安徽,"Anhui Province (Anhwei) in south central China, abbr. 皖[Wan3], capital Hefei 合肥[He2 fei2]",ānhuī
护士,nurse,hùshi
授予,to award; to confer,shòuyǔ
目录,catalog; table of contents; directory (on computer hard drive); list; contents,mùlù
声称,to claim; to state; to proclaim; to assert,shēngchēng
年初,beginning of the year,niánchū
题材,subject matter,tícái
研究生,graduate student; postgraduate student; research student,yánjiūshēng
诗歌,poem,shīgē
关联,related; linked; affiliated,guānlián
领先,to lead; to be in front,lǐngxiān
装饰,to decorate; decoration; decorative; ornamental,zhuāngshì
劳动力,labor force; manpower,láodònglì
大胆,brazen; audacious; outrageous; bold; daring; fearless,dàdǎn
过度,excessive; over-; excess; going too far; extravagant; intemperate; overdue,guòdù
留言,to leave a message; to leave one's comments; message,liúyán
出门,to go out; to leave home; to go on a journey; away from home; (of a woman) to get married,chūmén
回顾,to look back; to review,huígù
延伸,to extend; to spread,yánshēn
美术,art; fine arts; painting,měishù
岗位,a post; a job,gǎngwèi
地产,estate,dìchǎn
初步,initial; preliminary; tentative,chūbù
出于,due to; to stem from,chūyú
排除,to eliminate; to remove; to exclude; to rule out,páichú
温暖,warm,wēnnuǎn
学员,student; member of an institution of learning; officer cadet,xuéyuán
发言人,spokesperson,fāyánrén
辽宁,"Liaoning province in northeast China, short name 遼|辽[Liao2], capital Shenyang 瀋陽|沈阳[Shen3 yang2]",liáoníng
考察,to inspect; to observe and study; on-the-spot investigation,kǎochá
住房,housing,zhùfáng
尊严,dignity; sanctity; honor; majesty,zūnyán
剥夺,to deprive; to expropriate; to strip (sb of his property),bōduó
环节,"(zoology) segment (of the body of a worm, centipede etc); (fig.) a part of an integrated whole: aspect (of a project), element (of a policy), sector (of the economy), stage (of a process), etc",huánjié
时光,time; era; period of time,shíguāng
风暴,"storm; violent commotion; fig. crisis (e.g. revolution, uprising, financial crisis etc)",fēngbào
正如,just as; precisely as,zhèngrú
节日,holiday; festival,jiérì
创意,creative; creativity,chuàngyì
果然,really; sure enough; as expected; if indeed,guǒrán
婚礼,wedding ceremony; wedding,hūnlǐ
抵制,to resist; to boycott; to refuse (to cooperate); to reject; resistance; refusal,dǐzhì
回报,(in) return; reciprocation; payback; retaliation; to report back; to reciprocate,huíbào
手里,in hand; (a situation is) in sb's hands,shǒulǐ
垄断,to enjoy market dominance; to monopolize,lǒngduàn
考核,to examine; to check up on; to assess; to review; appraisal; review; evaluation,kǎohé
含有,to contain; including,hányǒu
惊人,astonishing,jīngrén
正当,timely; just (when needed),zhèngdāng
玩具,plaything; toy,wánjù
桥梁,bridge (lit. and fig.),qiáoliáng
接到,to receive (letter etc),jiēdào
扮演,to play the role of; to act,bànyǎn
基因,gene (loanword),jīyīn
情节,plot; circumstances,qíngjié
期望,to have expectations; to earnestly hope; expectation; hope,qīwàng
分之,(indicating a fraction),fēnzhī
单一,single; only; sole,dānyī
结局,conclusion; ending,jiéjú
形容,to describe; description; appearance; look,xíngróng
设定,to set; to set up; to install; setting; preferences,shèdìng
指责,to criticize; to find fault with; to denounce,zhǐzé
对立,to oppose; to set sth against; to be antagonistic to; antithetical; relative opposite; opposing; diametrical,duìlì
疫情,epidemic situation,yìqíng
后期,late stage; later period,hòuqī
富有,rich; full of,fùyǒu
直升机,helicopter,zhíshēngjī
颁布,"to issue; to proclaim; to enact (laws, decrees etc)",bānbù
函数,function (math.),hánshù
神经,nerve; mental state; (coll.) unhinged; nutjob,shénjīng
账户,bank account; online account,zhànghù
饮食,food and drink; diet,yǐnshí
流通,to circulate; to distribute; circulation; distribution,liútōng
奥运会,abbr. for 奧林匹克運動會|奥林匹克运动会; Olympic Games; the Olympics,àoyùnhuì
透明,transparent; open (non-secretive),tòumíng
残酷,cruel; cruelty,cánkù
欧元,euro (currency),ōuyuán
愉快,cheerful; cheerily; delightful; pleasant; pleasantly; pleasing; happy; delighted,yúkuài
办事,to handle (affairs); to work,bànshì
自称,to call oneself; to claim to be; to profess; to claim a title,zìchēng
通报,to inform; to notify; to announce; circular; bulletin; (scientific) journal,tōngbào
维修,maintenance (of equipment); to protect and maintain,wéixiū
渐渐,gradually,jiànjiàn
手法,technique; trick; skill,shǒufǎ
全身,whole body; em (typography),quánshēn
大声,loud voice; in a loud voice; loudly,dàshēng
策划,to plot; to scheme; to bring about; to engineer; planning; producer; planner,cèhuà
凌晨,very early in the morning; in the wee hours,língchén
何时,when,héshí
巴士,bus (loanword); motor coach,bāshì
包装,to pack; to package; to wrap; packaging,bāozhuāng
糟糕,too bad; how terrible; what bad luck; terrible; bad,zāogāo
诸多,"(used for abstract things) a good deal, a lot of",zhūduō
列车,(railway) train,lièchē
收益,earnings; profit,shōuyì
贯彻,to implement; to put into practice; to carry out,guànchè
叙述,to relate (a story or information); to tell or talk about; to recount; narration; telling; narrative; account,xùshù
热爱,to love ardently; to adore,rèài
友谊,companionship; fellowship; friendship,yǒuyì
任职,to hold an office or post,rènzhí
外界,the outside world; external,wàijiè
号召,to call; to appeal,hàozhào
医药,medical care and medicines; medicine (drug); medical; pharmaceutical,yīyào
高等,"high-level; higher (animals, education etc); advanced (math etc)",gāoděng
示威,to demonstrate (as a protest); a demonstration; a military show of force,shìwēi
大厅,hall; lounge,dàtīng
青春,youth; youthfulness,qīngchūn
大奖,prize; award,dàjiǎng
刑事,criminal; penal,xíngshì
地质,geology,dìzhì
初中,junior high school; abbr. for 初級中學|初级中学[chu1 ji2 zhong1 xue2],chūzhōng
以便,so that; so as to; in order to,yǐbiàn
共识,common understanding; consensus,gòngshí
丧失,to lose; to forfeit,sàngshī
发放,to provide; to give; to grant,fāfàng
推行,to put into effect; to carry out,tuīxíng
后者,the latter,hòuzhě
阻碍,to obstruct; to hinder; to block; obstruction; hindrance,zǔài
进而,and then (what follows next),jìnér
要么,or; either one or the other,yàome
河流,river,héliú
面向,to face; to turn towards; to incline to; geared towards; catering for; -oriented; facial feature; appearance; aspect; facet,miànxiàng
辅助,to assist; to aid; supplementary; auxiliary; subsidiary,fǔzhù
集会,to gather; assembly; meeting,jíhuì
一道,together,yīdào
晚安,Good night!; Good evening!,wǎnān
包围,to surround; to encircle; to hem in,bāowéi
调节,to adjust; to regulate; to harmonize; to reconcile (accountancy etc),tiáojié
公安,(Ministry of) Public Security; public safety; public security,gōngān
带动,to spur; to provide impetus; to drive,dàidòng
传奇,legendary; fantasy saga; romance; short stories of the Tang and Song Dynasty,chuánqí
专辑,album; record (music); special collection of printed or broadcast material,zhuānjí
动手,to set about (a task); to hit; to punch; to touch,dòngshǒu
轻易,easily; lightly; rashly,qīngyì
任命,to appoint; (job) appointment,rènmìng
动机,motor; locomotive; motive; motivation; intention,dòngjī
下令,to give an order; to command,xiàlìng
命名,to give a name to; to dub; to christen; to designate; named after; naming,mìngmíng
传媒,media,chuánméi
高速公路,expressway; highway; freeway,gāosùgōnglù
助理,assistant,zhùlǐ
迫使,to force; to compel,pòshǐ
总数,total; sum; aggregate,zǒngshù
度过,to pass; to spend (time); to survive; to get through,dùguò
神话,legend; fairy tale; myth; mythology,shénhuà
过于,too much; excessively,guòyú
远离,to be far from; to keep away from,yuǎnlí
人均,per capita,rénjūn
管辖,to administer; to have jurisdiction (over),guǎnxiá
差距,disparity; gap,chājù
匿名,anonymous,nìmíng
不准,not to allow; to forbid; to prohibit,bùzhǔn
保守,conservative; to guard; to keep,bǎoshǒu
大力,energetically; vigorously,dàlì
生成,to generate; to produce; generated; produced,shēngchéng
干扰,to disturb; to interfere; perturbation; interference (physics),gānrǎo
干涉,to interfere; to meddle; interference,gānshè
政协,CPPCC (Chinese People's Political Consultative Conference); abbr. of 中國人民政治協商會議|中国人民政治协商会议[Zhong1 guo2 Ren2 min2 Zheng4 zhi4 Xie2 shang1 Hui4 yi4],zhèngxié
替代,to substitute for; to replace; to supersede,tìdài
开设,to offer (goods or services); to open (for business etc),kāishè
码头,dock; pier; wharf,mǎtóu
好奇,inquisitive; curious; inquisitiveness; curiosity,hàoqí
毒品,drugs; narcotics; poison,dúpǐn
过道,passageway; corridor; aisle,guòdào
通道,"Tongdao Dong autonomous county in Huaihua 懷化|怀化[Huai2 hua4], Hunan",tōngdào
欲望,desire; longing; appetite; craving,yùwàng
演变,to develop; to evolve; development; evolution,yǎnbiàn
注重,to pay attention to; to emphasize,zhùzhòng
带有,to have; to involve,dàiyǒu
频率,frequency,pínlǜ
奇迹,miracle; miraculous; wonder; marvel,qíjì
债务,debt; liability; amount due; indebtedness,zhàiwù
绝望,to despair; to give up all hope; desperate; desperation,juéwàng
压迫,to oppress; to repress; to constrict; oppression; stress (physics),yāpò
发布会,news conference; briefing,fābùhuì
山区,mountain area,shānqū
强奸,to rape,qiángjiān
辐射,radiation,fúshè
原料,raw material,yuánliào
职能,function; role,zhínéng
营养,nutrition; nourishment,yíngyǎng
聚集,to assemble; to gather,jùjí
控股,to own a controlling number of shares in a company,kònggǔ
应对,response; to answer; to reply,yìngduì
症状,symptom (of an illness),zhèngzhuàng
古老,ancient; old; age-old,gǔlǎo
出身,to be born of; to come from; family background; class origin,chūshēn
暴露,to expose; to reveal; to lay bare; also pr. [pu4 lu4],bàolù
通用,"to use anywhere, anytime (card, ticket etc); to be used by everyone (language, textbook etc); (of two or more things) interchangeable",tōngyòng
上下,up and down; top and bottom; old and new; length; about,shàngxià
渴望,to thirst for; to long for,kěwàng
央视,"China Central Television (CCTV), abbr. for 中國中央電視台|中国中央电视台[Zhong1 guo2 Zhong1 yang1 Dian4 shi4 tai2]",yāngshì
实质,substance; essence,shízhì
视觉,sight; vision; visual,shìjué
呼吸,to breathe,hūxī
普及,to spread extensively; to generalize; widespread; popular; universal; ubiquitous; pervasive,pǔjí
信用,to trust; credit (commerce); trustworthiness; creditworthiness,xìnyòng
首相,prime minister (of Japan or UK etc),shǒuxiàng
厨房,kitchen,chúfáng
即便,even if; even though; right away; immediately,jíbiàn
交往,to associate (with); to have contact (with); to hang out (with); to date; (interpersonal) relationship; association; contact,jiāowǎng
提交,to submit (a report etc); to refer (a problem) to sb,tíjiāo
渠道,irrigation ditch; (fig.) channel; means,qúdào
热烈,enthusiastic; ardent; warm,rèliè
为此,for this reason; with regards to this; in this respect; in order to do this; to this end,wèicǐ
随意,as one wishes; according to one's wishes; at will; voluntary; conscious,suíyì
笔者,the author; the writer,bǐzhě
惊讶,amazed; astonished; to surprise; amazing; astonishment; awe,jīngyà
死刑,death penalty,sǐxíng
对应,to correspond; a correspondence; corresponding; homologous; matching with sth; counterpart,duìyìng
一度,for a time; at one time; one time; once,yīdù
把握,to grasp (also fig.); to seize; to hold; assurance; certainty; sure (of the outcome),bǎwò
当成,to consider as; to take to be,dàngchéng
艰难,difficult; hard; challenging,jiānnán
看待,to look upon; to regard,kàndài
图像,image; picture; graphic,túxiàng
补偿,to compensate; to make up,bǔcháng
修正,to revise; to amend,xiūzhèng
阴谋,plot; conspiracy,yīnmóu
练习,to practice; exercise; drill; practice,liànxí
崩溃,to collapse; to crumble; to fall apart,bēngkuì
射击,to shoot; to fire (a gun),shèjī
抛弃,to abandon; to discard; to renounce; to dump (sb),pāoqì
拿出,to take out; to put out; to provide; to put forward (a proposal); to come up with (evidence),náchū
商务,commercial affairs; commercial; commerce; business,shāngwù
心脏,heart,xīnzàng
开幕,to open (a conference); to inaugurate,kāimù
证书,credentials; certificate,zhèngshū
丹麦,Denmark,dānmài
旅馆,hotel,lǚguǎn
坚强,staunch; strong,jiānqiáng
意志,will; willpower; determination,yìzhì
等到,to wait until; by the time when (sth is ready etc),děngdào
委托,to entrust; to trust; to commission,wěituō
同年,the same year,tóngnián
罪犯,criminal,zuìfàn
大门,"the Doors, US rock band",dàmén
毁灭,to perish; to ruin; to destroy,huǐmiè
起点,starting point,qǐdiǎn
聚会,party; gathering; to meet; to get together,jùhuì
偶像,idol,ǒuxiàng
空军,air force,kōngjūn
画家,painter,huàjiā
坚定,firm; steady; staunch; resolute,jiāndìng
董事,board member,dǒngshì
一时,a period of time; a while; for a short while; temporary; momentary; at the same time,yīshí
队员,team member,duìyuán
谈论,to discuss; to talk about,tánlùn
送到,N/A,N/A
南北,north and south; north to south,nánběi
旗帜,ensign; flag,qízhì
往来,dealings; contacts; to go back and forth,wǎnglái
封闭,to seal; to close; to confine; to seal off; to close down; sealed; confined; closed; unreceptive,fēngbì
高潮,high tide; high water; upsurge; climax; orgasm; chorus (part of a song),gāocháo
称呼,to call; to address as; appellation,chēnghu
抵抗,to resist; resistance,dǐkàng
大街,street; main street,dàjiē
迎接,to meet; to welcome; to greet,yíngjiē
产值,value of output; output value,chǎnzhí
签名,to sign (one's name with a pen etc); to autograph; signature,qiānmíng
时机,fortunate timing; occasion; opportunity,shíjī
处罚,to penalize; to punish,chǔfá
合成,to compose; to constitute; compound; synthesis; mixture; synthetic,héchéng
港口,port; harbor,gǎngkǒu
招生,to enroll new students; to get students,zhāoshēng
片段,fragment (of speech etc); extract (from book etc); episode (of story etc),piànduàn
新鲜,"fresh (experience, food etc); freshness; novel; uncommon",xīnxiān
狮子,"Leo (star sign); Shihtzu township in Pingtung County 屏東縣|屏东县[Ping2 dong1 Xian4], Taiwan",shīzǐ
浪漫,romantic,làngmàn
有利,advantageous; to have advantages; favorable,yǒulì
论述,treatise; discourse; exposition,lùnshù
新华社,Xinhua News Agency,xīnhuáshè
一体,an integral whole; all concerned; everybody,yītǐ
罢了,"a modal particle indicating (that's all, only, nothing much)",bàle
低于,to be lower than,dīyú
自愿,voluntary,zìyuàn
剧情,story line; plot,jùqíng
魅力,charm; fascination; glamor; charisma,mèilì
人力,manpower; labor power,rénlì
联赛,(sports) league; league tournament,liánsài
惊喜,nice surprise; to be pleasantly surprised,jīngxǐ
影像,image,yǐngxiàng
大哥,eldest brother; big brother (polite address for a man of about the same age as oneself); gang leader; boss,dàgē
不许,not to allow; must not; can't,bùxǔ
缓慢,slow; slow-moving,huǎnmàn
构造,structure; composition; tectonic (geology),gòuzào
清晰,clear; distinct,qīngxī
走进,to enter,zǒujìn
供给,to furnish; to provide; supply (as in supply and demand),gōngjǐ
发电,to generate electricity; to send a telegram,fādiàn
有力,powerful; forceful; vigorous,yǒulì
疫苗,vaccine,yìmiáo
中期,"middle (of a period of time); medium-term (plan, forecast etc)",zhōngqī
错过,"to miss (train, opportunity etc)",cuòguò
姐妹,"sisters; siblings; sister (school, city etc)",jiěmèi
开通,"to open up (windows for air, ideas for discussion, transportation routes etc)",kāitōng
饮料,drink; beverage,yǐnliào
平安,safe and sound; well; without mishap; quiet and safe; at peace,píngān
留学,to study abroad,liúxué
各级,all levels,gèjí
确立,to establish; to institute,quèlì
偶尔,occasionally; once in a while; sometimes,ǒuěr
与此同时,at the same time; meanwhile,yǔcǐtóngshí
燃料,fuel,ránliào
无聊,bored; boring; senseless,wúliáo
投降,to surrender; surrender,tóuxiáng
补助,to subsidize; subsidy; allowance,bǔzhù
产物,product; result (of),chǎnwù
罢工,a strike; to go on strike,bàgōng
欧美,Europe and America; the West,ōuměi
伤心,to grieve; to be broken-hearted; to feel deeply hurt,shāngxīn
虚拟,to imagine; to make up; fictitious; theoretical; hypothetical; (computing) to emulate; virtual,xūnǐ
葡萄牙,Portugal,pútáoyá
极其,extremely,jíqí
符号,symbol; mark; sign,fúhào
神奇,magical; mystical; miraculous,shénqí
干预,to meddle; to intervene; intervention,gānyù
激发,to arouse; to excite,jīfā
集合,to gather; to assemble; set (math.),jíhé
养殖,to cultivate; cultivation; to further; to encourage,yǎngzhí
封建,system of enfeoffment; feudalism; feudal; feudalistic,fēngjiàn
王子,prince; son of a king,wángzǐ
皇后,empress; imperial consort,huánghòu
潜力,potential; capacity,qiánlì
价值观,system of values,jiàzhíguān
流传,to spread; to circulate; to hand down,liúchuán
辛苦,exhausting; hard; tough; arduous; to work hard; to go to a lot of trouble; hardship(s),xīnkǔ
收藏,to hoard; to collect; collection; to bookmark (Internet),shōucáng
众人,everyone,zhòngrén
月底,end of the month,yuèdǐ
之际,during; at the time of,zhījì
专利,patent; sth uniquely enjoyed (or possessed etc) by a certain group of people; monopoly,zhuānlì
赔偿,to compensate,péicháng
瑞士,Switzerland,ruìshì
忽略,to neglect; to overlook; to ignore,hūlüè
看出,to make out; to see,kànchū
放松,to loosen; to relax,fàngsōng
击败,to defeat; to beat,jībài
小区,neighborhood; district,xiǎoqū
场合,situation; occasion; context; setting; location; venue,chǎnghé
由此,hereby; from this,yóucǐ
无辜,innocent; innocence; not guilty (law),wúgū
不算,N/A,N/A
沿海,coastal,yánhǎi
相当于,equivalent to,xiāngdāngyú
伊斯兰教,Islam,yīsīlánjiào
告知,to inform,gàozhī
哈尔滨,"Harbin, subprovincial city and capital of Heilongjiang province 黑龍江|黑龙江[Hei1 long2 jiang1] in northeast China",hāěrbīn
花费,expense; cost; to spend (time or money); expenditure,huāfèi
制服,"to subdue; to check; to bring under control; (in former times) what one is allowed to wear depending on social status; uniform (army, party, school etc); livery (for company employees)",zhìfú
硕士,master's degree; person who has a master's degree; learned person,shuòshì
终止,to stop; to terminate (law),zhōngzhǐ
添加,to add; to increase,tiānjiā
人间,the human world; the earth,rénjiān
淘汰,to wash out; elimination (by selection); natural selection; to knock out (in a competition); to die out; to phase out,táotài
钢铁,steel,gāngtiě
当事人,persons involved or implicated; party (to an affair),dāngshìrén
出台,"to officially launch (a policy, program etc); to appear on stage; to appear publicly; (of a bar girl) to leave with a client",chūtái
向前,forward; onward,xiàngqián
永久,everlasting; perpetual; lasting; forever; permanent,yǒngjiǔ
防御,defense; to defend,fángyù
服务器,server (computer),fúwùqì
科研,(scientific) research,kēyán
真理,truth,zhēnlǐ
路人,passer-by; stranger,lùrén
出道,to make one's first public performance (of an entertainer etc); to start one's career,chūdào
仍在,N/A,N/A
古典,classical,gǔdiǎn
予以,to give; to impose; to apply,yǔyǐ
侵略,invasion; encroachment,qīnlüè
印刷,to print; printing,yìnshuā
教育部,Ministry of Education,jiàoyùbù
街上,on the street; in town,jiēshang
罕见,rare; rarely seen,hǎnjiàn
有意,to intend; intentionally; interested in,yǒuyì
遇见,to meet,yùjiàn
直至,lasting until; up till (the present),zhízhì
圣经,Holy Bible; the Confucian classics,shèngjīng
占据,to occupy; to hold,zhànjù
电池,battery,diànchí
尽力,to strive one's hardest; to spare no effort,jìnlì
生效,to take effect; to go into effect,shēngxiào
预定,to schedule in advance,yùdìng
家乡,hometown; native place,jiāxiāng
引擎,engine (loanword),yǐnqíng
导师,tutor; teacher; academic advisor,dǎoshī
层次,layer; level; gradation; arrangement of ideas; (a person's) standing,céngcì
颁发,to issue; to promulgate; to award,bānfā
酒吧,bar; pub; saloon,jiǔbā
抱怨,to complain; to grumble; to harbor a complaint; to feel dissatisfied,bàoyuàn
描写,to describe; to depict; to portray; description,miáoxiě
眼泪,tears; crying,yǎnlèi
子弹,bullet,zǐdàn
手指,finger,shǒuzhǐ
力度,strength; vigor; efforts; (music) dynamics,lìdù
本土,one's native country; native; local; metropolitan territory,běntǔ
服从,to obey (an order); to comply; to defer,fúcóng
约定,"to agree on sth (after discussion); to conclude a bargain; to arrange; to promise; to stipulate; to make an appointment; stipulated (time, amount, quality etc); an arrangement; a deal; appointment; undertaking; commitment; understanding; engagement; stipulation",yuēdìng
辩论,debate; argument; to argue over,biànlùn
气象,meteorological feature; meteorology; atmosphere; ambience; scene,qìxiàng
安静,quiet; peaceful; calm,ānjìng
编号,to number; numbering; serial number,biānhào
巩固,to consolidate; consolidation; to strengthen,gǒnggù
监视,to monitor; to keep a close watch over; surveillance,jiānshì
显著,outstanding; notable; remarkable; statistically significant,xiǎnzhù
战胜,to prevail over; to defeat; to surmount,zhànshèng
从前,previously; formerly; once upon a time,cóngqián
蔬菜,vegetables,shūcài
仪器,instrument; apparatus,yíqì
接收,reception (of transmitted signal); to receive; to accept; to admit; to take over (e.g. a factory); to expropriate,jiēshōu
震惊,to shock; to astonish,zhènjīng
称号,name; term of address; title,chēnghào
春天,spring (season),chūntiān
尴尬,awkward; embarrassed,gāngà
频繁,frequently; often,pínfán
擅长,to be good at; to be expert in,shàncháng
合格,to meet the standard required; qualified; eligible (voter etc),hégé
大脑,brain; cerebrum,dànǎo
强度,strength; intensity,qiángdù
修复,to restore; to renovate; restoration; (computing) to fix (a bug),xiūfù
天啊,N/A,N/A
同人,people from the same workplace or profession; co-worker; colleague; pop culture enthusiasts who create fan fiction etc,tóngrén
赞成,to approve; to endorse; (literary) to assist,zànchéng
辩护,to speak in defense of; to argue in favor of; to defend; to plead,biànhù
树立,to set up; to establish,shùlì
节奏,rhythm; tempo; musical pulse; cadence; beat,jiézòu
截止,to close; to stop; to put a stop to sth; cut-off point; stopping point; deadline,jiézhǐ
恶化,to worsen,èhuà
董事会,board of directors,dǒngshìhuì
热带,the tropics; tropical,rèdài
考验,to test; to put to the test; trial; ordeal,kǎoyàn
相机,camera (abbr. for 照相機|照相机[zhao4 xiang4 ji1]); at the opportune moment; as the circumstances allow,xiàngjī
任意,any; arbitrary; at will; at random,rènyì
新兴,"Xinxing county in Yunfu 雲浮|云浮[Yun2 fu2], Guangdong; Xinxing or Hsinhsing district of Kaohsiung city 高雄市[Gao1 xiong2 shi4], south Taiwan",xīnxīng
纯粹,pure; unadulterated; purely; completely,chúncuì
姿势,posture; position,zīshì
农产品,agricultural produce,nóngchǎnpǐn
阶层,hierarchy; stratum; social class,jiēcéng
神圣,divine; hallow; holy; sacred,shénshèng
缺少,lack; shortage of; shortfall; to be short (of); to lack,quēshǎo
紧密,inseparably close,jǐnmì
热门,popular; hot; in vogue,rèmén
学历,educational background; academic qualifications,xuélì
沈阳,"Shenyang subprovincial city and capital of Liaoning province 遼寧省|辽宁省 in northeast China; old names include Fengtian 奉天, Shengjing 盛京 and Mukden",shěnyáng
自觉,conscious; aware; on one's own initiative; conscientious,zìjué
仓库,depot; storehouse; warehouse,cāngkù
签证,visa; certificate; to certify,qiānzhèng
沙漠,desert,shāmò
造型,to model; to shape; appearance; style; design; form; pose,zàoxíng
独自,alone,dúzì
癌症,cancer,áizhèng
激励,to encourage; to urge; motivation; incentive,jīlì
数据库,database,shùjùkù
从不,never,cóngbù
杰出,outstanding; distinguished; remarkable; prominent; illustrious,jiéchū
开枪,to open fire; to shoot a gun,kāiqiāng
剧本,"script for play, opera, movie etc; screenplay; scenario",jùběn
反击,to strike back; to beat back; to counterattack,fǎnjī
无论如何,whatever the case; in any event; no matter what; by all possible means,wúlùnrúhé
占有,to have; to own; to hold; to occupy; to possess; to account for (a high proportion etc),zhànyǒu
合约,treaty; contract,héyuē
网民,web user; netizen,wǎngmín
级别,(military) rank; level; grade,jíbié
格式,form; specification; format,géshì
家伙,"household dish, implement or furniture; domestic animal; (coll.) guy; chap; weapon",jiāhuo
公式,formula,gōngshì
功夫,skill; art; kung fu; labor; effort,gōngfu
违背,to go against; to be contrary to; to violate,wéibèi
破产,to go bankrupt; to become impoverished; bankruptcy,pòchǎn
教材,teaching material,jiàocái
谎言,lie,huǎngyán
之处,N/A,N/A
物流,distribution (business); logistics,wùliú
外资,foreign investment,wàizī
城乡,city and countryside,chéngxiāng
会长,"president of a club, committee etc",huìzhǎng
浏览,to skim over; to browse,liúlǎn
同胞,born of the same parents; sibling; fellow citizen; compatriot,tóngbāo
公约,convention (i.e. international agreement),gōngyuē
灾害,calamity; disaster,zāihài
检察,to inspect; (law) to prosecute; to investigate,jiǎnchá
招聘,to invite applications for a job; to recruit,zhāopìn
赛季,season (sports),sàijì
军官,officer (military),jūnguān
没收,to confiscate; to seize,mòshōu
近代,"the not-very-distant past; modern times, excluding recent decades; (in the context of Chinese history) the period from the Opium Wars until the May 4th Movement (mid-19th century to 1919); capitalist times (pre-1949)",jìndài
跟踪,to follow sb's tracks; to tail; to shadow; tracking,gēnzōng
顺序,sequence; order,shùnxù
新生,new; newborn; emerging; nascent; rebirth; regeneration; new life; new student,xīnshēng
假装,to feign; to pretend,jiǎzhuāng
头脑,brains; mind; skull; (fig.) gist (of a matter); leader; boss,tóunǎo
发送,to transmit; to dispatch; to issue (an official document or credential),fāsòng
疑问,question; interrogation; doubt,yíwèn
报复,to make reprisals; to retaliate; revenge; retaliation,bàofù
无效,not valid; ineffective; in vain,wúxiào
名人,personage; celebrity,míngrén
穿越,to pass through; to traverse; to cross,chuānyuè
潜在,hidden; potential; latent,qiánzài
罚款,to fine; penalty; fine (monetary),fákuǎn
党委,Party committee,dǎngwěi
语音,speech sounds; pronunciation; colloquial (rather than literary) pronunciation of a Chinese character; phonetic; audio; voice; (Internet) to voice chat; voice message,yǔyīn
土壤,soil,tǔrǎng
随即,immediately; presently; following which,suíjí
标签,label; tag; tab (of a window) (computing),biāoqiān
保卫,to defend; to safeguard,bǎowèi
不仅仅,N/A,N/A
欺骗,to deceive; to cheat,qīpiàn
主演,to act the leading role (in a movie or a play); to star; lead actor,zhǔyǎn
提起,"to mention; to speak of; to lift; to pick up; to arouse; to raise (a topic, a heavy weight, one's fist, one's spirits etc)",tíqǐ
审核,to audit; to investigate thoroughly,shěnhé
大厦,(used in the names of grand buildings such as 百老匯大廈|百老汇大厦 Broadway Mansions (in Shanghai) or 帝國大廈|帝国大厦 Empire State Building etc),dàshà
救援,to save; to support; to help; to assist,jiùyuán
慈善,benevolent; charitable,císhàn
不在乎,not to care,bùzàihu
前者,the former,qiánzhě
原创,originality; creativity; innovation,yuánchuàng
陆军,army; ground forces,lùjūn
企业家,entrepreneur,qǐyèjiā
使命,mission; long-term task to which one devotes oneself; a calling,shǐmìng
恋爱,(romantic) love; in love; to have an affair,liànài
乐观,optimistic; hopeful,lèguān
会谈,talks; discussions,huìtán
海岸,coastal; seacoast,hǎiàn
后悔,to regret; to repent,hòuhuǐ
促使,to induce; to promote; to urge; to impel; to bring about; to provoke; to drive (sb to do sth); to catalyze; to actuate; to contribute to (some development),cùshǐ
属性,attribute; property,shǔxìng
常用,in common usage,chángyòng
足以,sufficient to...; so much so that; so that,zúyǐ
毕业生,graduate,bìyèshēng
列入,to include on a list,lièrù
响应,to respond to; answer,xiǎngyìng
全年,the whole year; all year long,quánnián
孤独,lonely; solitary,gūdú
口味,a person's preferences; tastes (in food); flavor,kǒuwèi
进化,evolution,jìnhuà
超市,supermarket; abbr. for 超級市場|超级市场,chāoshì
凶手,murderer; assassin,xiōngshǒu
气体,gas (i.e. gaseous substance),qìtǐ
持有,"to hold (passport, views etc)",chíyǒu
回收,to recycle; to reclaim; to retrieve; to recover; to recall (a defective product),huíshōu
身份证,identity card; ID,shēnfènzhèng
屋顶,roof,wūdǐng
不利,unfavorable; disadvantageous; harmful; detrimental,bùlì
中断,to cut short; to break off; to discontinue; to interrupt,zhōngduàn
优点,merit; benefit; strong point; advantage,yōudiǎn
境外,outside (a country's) borders,jìngwài
克服,(try to) overcome (hardships etc); to conquer; to put up with; to endure,kèfú
季节,time; season; period,jìjié
瞬间,in an instant; in a flash,shùnjiān
无比,incomparable; matchless,wúbǐ
间谍,spy,jiàndié
扩散,to spread; to proliferate; to diffuse; spread; proliferation; diffusion,kuòsàn
剥削,to exploit; exploitation,bōxuē
示范,to demonstrate; to show how to do sth; demonstration; a model example,shìfàn
亲戚,a relative (i.e. family relation),qīnqi
双手,both hands,shuāngshǒu
天地,heaven and earth; world; scope; field of activity,tiāndì
监察,to supervise; to control,jiānchá
日语,Japanese language,rìyǔ
邮件,mail; post; email,yóujiàn
谨慎,cautious; prudent,jǐnshèn
财经,finance and economics,cáijīng
现行,to be in effect; in force; current,xiànxíng
兴起,to rise; to spring up; to burgeon; to be aroused; to come into vogue,xīngqǐ
课题,task; problem; issue,kètí
航班,scheduled flight; flight number; plane; scheduled sailing; sailing number; passenger ship,hángbān
难题,difficult problem,nántí
负面,negative; the negative side,fùmiàn
纺织,spinning and weaving,fǎngzhī
厂商,manufacturer; producer,chǎngshāng
清洁,clean; to clean,qīngjié
护照,passport,hùzhào
拓展,to expand,tuòzhǎn
血液,blood,xuèyè
老百姓,"ordinary people; the ""person in the street""",lǎobǎixìng
乐队,band; pop group,yuèduì
绘画,drawing; painting,huìhuà
修订,to revise,xiūdìng
议题,topic of discussion; topic; subject; issue (under discussion),yìtí
激情,passion; fervor; enthusiasm; strong emotion,jīqíng
海滩,beach,hǎitān
董事长,chairman of the board; chairman,dǒngshìzhǎng
录音,to record (sound); sound recording,lùyīn
舰队,fleet,jiànduì
诊断,diagnosis; to diagnose,zhěnduàn
早晨,early morning,zǎochén
贫穷,poor; impoverished,pínqióng
类别,classification; category,lèibié
提示,to point out; to remind (sb of sth); to suggest; suggestion; tip; reminder; notice,tíshì
变动,to change; to fluctuate; change; fluctuation,biàndòng
肌肉,muscle; flesh,jīròu
总经理,general manager; CEO,zǒngjīnglǐ
难度,trouble; problem,nándù
冷静,calm; cool-headed,lěngjìng
欢乐,gaiety; gladness; glee; merriment; pleasure; happy; joyous; gay,huānlè
喝酒,to drink (alcohol),hējiǔ
恭喜,congratulations; greetings,gōngxǐ
一线,front line,yīxiàn
跟随,to follow,gēnsuí
地带,zone,dìdài
汇率,exchange rate,huìlǜ
大致,more or less; roughly; approximately,dàzhì
虐待,to mistreat; to maltreat; to abuse; mistreatment; maltreatment,nüèdài
终身,lifelong; all one's life; marriage,zhōngshēn
补贴,to subsidize; subsidy; allowance; to supplement (one's salary etc); benefit,bǔtiē
区分,to differentiate; to draw a distinction; to divide into categories,qūfēn
排列,to arrange in order; (math.) permutation,páiliè
未能,cannot; to fail to; unable to,wèinéng
前线,front line; military front; workface; cutting edge,qiánxiàn
无力,powerless; lacking strength,wúlì
识别,to distinguish; to discern,shíbié
披露,to reveal; to publish; to make public; to announce,pīlù
手续,procedure; formalities,shǒuxù
报警,to sound an alarm; to report sth to the police,bàojǐng
折磨,to torment; to torture,zhémó
减轻,to lighten; to ease; to alleviate,jiǎnqīng
脑子,brains; mind,nǎozi
村庄,village; hamlet,cūnzhuāng
获奖,to win an award,huòjiǎng
讽刺,to satirize; to mock; irony; satire; sarcasm,fěngcì
摄影师,photographer; cameraman,shèyǐngshī
配套,to form a complete set; compatible; matching; complementary,pèitào
抗争,to resist; to make a stand and fight (against),kàngzhēng
燃烧,to ignite; to combust; to burn; combustion; flaming,ránshāo
派遣,to send (on a mission); to dispatch,pàiqiǎn
先锋,vanguard; pioneer; avant-garde,xiānfēng
宣告,to declare; to proclaim,xuāngào
战术,tactics,zhànshù
当日,on that day,dāngrì
海拔,height above sea level; elevation,hǎibá
指南,to guide; guidebook,zhǐnán
特权,prerogative; privilege; privileged,tèquán
否定,to negate; to deny; to reject; negative (answer); negation,fǒudìng
天主教,Catholicism,tiānzhǔjiào
办公,to handle official business; to work (esp. in an office),bàngōng
征服,to conquer; to subdue; to vanquish,zhēngfú
高峰,peak; summit; height,gāofēng
光明,light; radiance; (fig.) bright (prospects etc); openhearted,guāngmíng
税收,taxation,shuìshōu
更换,to replace (a worn-out tire etc); to change (one's address etc),gēnghuàn
在乎,to care about; equivalent of 在於|在于[zai4 yu2],zàihu
录像,to videotape; to videorecord; video recording,lùxiàng
成年,to grow to adulthood; fully grown; the whole year,chéngnián
寂寞,lonely; lonesome; (of a place) quiet; silent,jìmò
引入,to draw into; to pull into; to introduce,yǐnrù
首席,"chief (representative, correspondent etc)",shǒuxí
国产,domestically produced,guóchǎn
业绩,"achievement; accomplishment; (in more recent usage) performance (of a business, employee etc); results",yèjì
反复,repeatedly; over and over; to upend; unstable; to come and go; (of an illness) to return,fǎnfù
研制,to manufacture; to develop,yánzhì
钢琴,piano,gāngqín
假期,vacation,jiàqī
荣耀,honor; glory,róngyào
职权,authority; power over others,zhíquán
步骤,procedure; step,bùzhòu
介入,to intervene; to get involved,jièrù
跳舞,to dance,tiàowǔ
缺点,weak point; fault; shortcoming; disadvantage,quēdiǎn
一行,party; delegation,yīxíng
验证,to inspect and verify; experimental verification; to validate (a theory); to authenticate,yànzhèng
尊敬,to respect; to revere,zūnjìng
眼镜,spectacles; eyeglasses,yǎnjìng
开除,to expel (a member of an organization); to fire (an employee),kāichú
收获,to harvest; to reap; to gain; crop; harvest; profit; gain; bonus; reward,shōuhuò
见解,opinion; view; understanding,jiànjiě
开辟,to open up; to set up; to establish,kāipì
穿过,to pass through,chuānguò
活力,energy; vitality; vigor; vital force,huólì
图书,books (in a library or bookstore),túshū
玫瑰,rugosa rose (shrub) (Rosa rugosa); rose flower,méiguī
描绘,to describe; to portray,miáohuì
撰写,to write; to compose,zhuànxiě
随机,according to the situation; pragmatic; random,suíjī
入境,to enter a country,rùjìng
也就是说,in other words; that is to say; so; thus,yějiùshìshuō
处置,to handle; to take care of; to punish,chǔzhì
加盟,to become a member of an alliance or union; to align; to join; participate,jiāméng
公车,"bus; abbr. for 公共汽車|公共汽车[gong1 gong4 qi4 che1]; car belonging to an organization and used by its members (government car, police car, company car etc); abbr. for 公務用車|公务用车[gong1 wu4 yong4 che1]",gōngchē
短片,short film; video clip,duǎnpiàn
模仿,to imitate; to copy; to emulate; to mimic; model,mófǎng
从中,from within; therefrom,cóngzhōng
携带,to carry (on one's person); to support (old); Taiwan pr. [xi1 dai4],xiédài
碰到,to come across; to run into; to meet; to hit,pèngdào
查询,to check; to inquire; to consult (a document etc); inquiry; query,cháxún
新增,newly added; additional; to add (to what already exists),xīnzēng
宗旨,objective; aim; goal,zōngzhǐ
流程,course; stream; sequence of processes; work flow in manufacturing,liúchéng
法语,French (language),fǎyǔ
隔离,to separate; to isolate,gélí
过后,after the event,guòhòu
出色,remarkable; outstanding,chūsè
悲伤,sad; sorrowful,bēishāng
司令,commanding officer,sīlìng
额外,extra; added; additional,éwài
例外,exception; to be an exception,lìwài
平静,tranquil; undisturbed; serene,píngjìng
意图,intent; intention; to intend,yìtú
在意,to care about; to mind,zàiyì
封面,cover (of a publication),fēngmiàn
宣称,to assert; to claim,xuānchēng
此刻,this moment; now; at present,cǐkè
公元,CE (Common Era); Christian Era; AD (Anno Domini),gōngyuán
不顾,in spite of; regardless of,bùgù
面试,to be interviewed (as a candidate); interview,miànshì
支出,to spend; to pay out; expense,zhīchū
流域,river basin; valley; drainage area,liúyù
形状,form; shape,xíngzhuàng
此前,before this; before then; previously,cǐqián
遥远,distant; remote,yáoyuǎn
专制,autocracy; dictatorship,zhuānzhì
保安,to ensure public security; to ensure safety (for workers engaged in production); public security; security guard,bǎoān
台风,"stage presence, poise",táifēng
恶劣,vile; nasty; of very poor quality,èliè
热点,hot spot; point of special interest,rèdiǎn
志愿,aspiration; ambition; to volunteer,zhìyuàn
字母,letter (of the alphabet),zìmǔ
伴随,to accompany; to follow; to occur together with; concomitant,bànsuí
锻炼,to toughen; to temper; to engage in physical exercise; to work out; (fig.) to develop one's skills; to train oneself,duànliàn
施行,to put in place; to put into practice; to take effect,shīxíng
率领,to lead; to command; to head,shuàilǐng
尺寸,size; dimension; measurement,chǐcun
驱动,to drive; to propel; drive (vehicle wheel); drive mechanism (tape or disk); device driver (computing software),qūdòng
严厉,severe; strict,yánlì
效力,effectiveness; positive effect; to serve (in some capacity),xiàolì
解读,to decipher; to decode; to interpret,jiědú
每当,whenever; every time; on every,měidāng
目光,sight; vision; view; gaze; look,mùguāng
停留,to stay somewhere temporarily; to stop over,tíngliú
认知,cognition; cognitive; understanding; perception; awareness; to be cognizant of; to recognize; to realize,rènzhī
模糊,vague; indistinct; fuzzy,móhu
伤亡,casualties; injuries and deaths,shāngwáng
情人,lover; sweetheart,qíngrén
人选,choice of person; candidate,rénxuǎn
框架,frame; framework; fig. pattern; outline; organizing plan,kuàngjià
凤凰,Fenghuang county in Xiangxi Tujia and Miao autonomous prefecture 湘西土家族苗族自治州[Xiang1 xi1 Tu3 jia1 zu2 Miao2 zu2 zi4 zhi4 zhou1],fènghuáng
抢劫,to rob; looting,qiǎngjié
公益,public good; public welfare,gōngyì
国土,country's territory; national land,guótǔ
祝福,blessings; to wish sb well,zhùfú
驱逐,to expel; to deport; banishment,qūzhú
大气,atmosphere (surrounding the earth); imposing; impressive; stylish,dàqì
书写,to write,shūxiě
骚扰,to disturb; to cause a commotion; to harass,sāorǎo
市委,municipal committee,shìwěi
率先,to take the lead; to show initiative,shuàixiān
人格,personality; integrity; dignity,réngé
大地,earth; mother earth,dàdì
忍不住,cannot help; unable to bear,rěnbuzhù
信念,faith; belief; conviction,xìnniàn
构建,to construct (sth abstract),gòujiàn
失误,"lapse; mistake; to make a mistake; fault; service fault (in volleyball, tennis etc)",shīwù
长达,to extend as long as; to lengthen out to,chángdá
穷人,poor people; the poor,qióngrén
培育,to train; to breed,péiyù
窗口,window; opening providing restricted access (e.g. customer service window); computer operating system window; fig. medium; intermediary; showpiece; testing ground,chuāngkǒu
鉴定,to appraise; to identify; to evaluate,jiàndìng
图案,design; pattern,túàn
厘米,centimeter,límǐ
考生,exam candidate; student whose name has been put forward for an exam,kǎoshēng
灵活,flexible; nimble; agile,línghuó
困境,predicament; plight,kùnjìng
阿姨,maternal aunt; step-mother; childcare worker; nursemaid; woman of similar age to one's parents (term of address used by child),āyí
规格,standard; norm; specification,guīgé
休闲,leisure; relaxation; not working; idle; to enjoy leisure; to lie fallow,xiūxián
高考,college entrance exam (especially as abbr. for 普通高等學校招生全國統一考試|普通高等学校招生全国统一考试[Pu3 tong1 Gao1 deng3 Xue2 xiao4 Zhao1 sheng1 Quan2 guo2 Tong3 yi1 Kao3 shi4]); (Tw) entrance exam for senior government service posts (abbr. for 公務人員高等考試|公务人员高等考试),gāokǎo
弟子,disciple; follower,dìzǐ
不安,unpeaceful; unstable; uneasy; disturbed; restless; worried,bùān
管道,tubing; pipeline; (fig.) channel; means,guǎndào
崇拜,to worship; adoration,chóngbài
耐心,to be patient; patience,nàixīn
指令,order; command; instruction,zhǐlìng
国籍,nationality,guójí
师傅,master; qualified worker; respectful form of address for older men,shīfu
兼职,to hold concurrent posts; concurrent job; moonlighting,jiānzhí
全力,with all one's strength; full strength; all-out (effort); fully (support),quánlì
客气,polite; courteous; formal; modest,kèqi
国旗,flag (of a country),guóqí
清单,list of items,qīngdān
温柔,gentle and soft; tender,wēnróu
从小,from childhood; from a young age,cóngxiǎo
专注,to focus; to concentrate; to give one's full attention,zhuānzhù
改编,to adapt; to rearrange; to revise,gǎibiān
抱歉,to be sorry; to feel apologetic; sorry!,bàoqiàn
变更,to change; to alter; to modify,biàngēng
意愿,aspiration; wish (for); desire,yìyuàn
储存,stockpile; to store; to stockpile; storage,chǔcún
高手,expert; past master; dab hand,gāoshǒu
完毕,to finish; to end; to complete,wánbì
盈利,profit; gain; to make profits,yínglì
监测,to monitor,jiāncè
利率,interest rates,lìlǜ
地域,area; district; region,dìyù
传达,to pass on; to convey; to relay; to transmit; transmission,chuándá
股市,stock market,gǔshì
复制,to duplicate; to make a copy of; to copy; to reproduce; to clone,fùzhì
在场,to be present; to be on the scene,zàichǎng
市政府,city hall; city government,shìzhèngfǔ
申报,to report (to the authorities); to declare (to customs),shēnbào
海峡,channel; strait,hǎixiá
相处,"to be in contact (with sb); to associate; to interact; to get along (well, poorly)",xiāngchǔ
法制,legal system and institutions,fǎzhì
履行,to fulfill (one's obligations); to carry out (a task); to implement (an agreement); to perform,lǚxíng
哈哈,(onom.) laughing out loud,hāhā
诱惑,to entice; to lure; to induce; to attract,yòuhuò
追踪,to follow a trail; to trace; to pursue,zhuīzōng
数目,amount; number,shùmù
要素,essential factor; key constituent,yàosù
相继,in succession; following closely,xiāngjì
代表团,delegation,dàibiǎotuán
内涵,meaningful content; implication; connotation (semantics); inner qualities (of a person),nèihán
短暂,of short duration; brief; momentary,duǎnzàn
观测,to observe; to survey; observation (scientific etc),guāncè
周刊,weekly publication; weekly,zhōukān
蛋糕,cake,dàngāo
偷偷,stealthily; secretly; covertly; furtively; on the sly,tōutōu
养老,to provide for the elderly (family members); to enjoy a life in retirement,yǎnglǎo
协同,to cooperate; in coordination with; coordinated; collaborate; collaboration; collaborative,xiétóng
实习,to practice; field work; to intern; internship,shíxí
上诉,to appeal (a judicial case); appeal,shàngsù
氛围,ambience; atmosphere,fēnwéi
抑制,to inhibit; to keep down; to suppress,yìzhì
纪录片,newsreel; documentary (film or TV program),jìlùpiàn
大队,group; a large body of; production brigade; military group,dàduì
出版社,publishing house,chūbǎnshè
逝世,to pass away; to die,shìshì
体重,body weight,tǐzhòng
含义,meaning (implicit in a phrase); implied meaning; hidden meaning; hint; connotation,hányì
和尚,Buddhist monk,héshang
遵循,to follow; to abide by; to comply with; compliance,zūnxún
当下,immediately; at once; at that moment; at the moment,dāngxià
武力,military force,wǔlì
拥抱,to embrace; to hug,yōngbào
未经,not having undergone; without (having gone though a certain process),wèijīng
乡镇,village; township,xiāngzhèn
暗示,to hint; to suggest; suggestion; hint,ànshì
内外,inside and outside; domestic and foreign; approximately; about,nèiwài
约束,to restrict; to limit to; to constrain; restriction; constraint,yuēshù
教室,classroom,jiàoshì
重组,to reorganize; to recombine; recombination,chóngzǔ
后续,follow-up; (dialect) to remarry,hòuxù
间接,indirect,jiànjiē
参赛,to compete; to take part in a competition,cānsài
歌词,song lyric; lyrics,gēcí
球迷,fan (ball sports),qiúmí
刚好,just; exactly; to happen to be,gānghǎo
事先,in advance; before the event; beforehand; prior,shìxiān
观光,to tour; sightseeing; tourism,guānguāng
野生,wild; undomesticated,yěshēng
谣言,rumor,yáoyán
媳妇,daughter-in-law; wife (of a younger man); young married woman; young woman,xífù
器官,organ (part of body tissue); apparatus,qìguān
宿舍,dormitory; dorm room; living quarters; hostel,sùshè
崛起,to rise abruptly (to a towering position); to tower over; to spring up; to emerge suddenly; the emergence (e.g. of a power),juéqǐ
分成,to divide (into); to split a bonus; to break into; tenths; percentage allotment,fēnchéng
平常,ordinary; common; usually; ordinarily,píngcháng
天才,talent; gift; genius; talented; gifted,tiāncái
哪知道,N/A,N/A
多心,oversensitive; suspicious,duōxīn
为期,(to be done) by (a certain date); lasting (a certain time),wéiqī
深化,to deepen; to intensify,shēnhuà
终结,end; conclusion; to come to an end; to terminate (sth),zhōngjié
精英,cream; elite; essence; quintessence,jīngyīng
商场,shopping mall; shopping center; department store; emporium; the business world,shāngchǎng
不易,not easy to do sth; difficult; unchanging,bùyì
好评,favorable criticism; positive evaluation,hǎopíng
性命,life,xìngmìng
行程,journey; course of a journey; distance traveled; trajectory; itinerary; route; course (of history); stroke (of a piston); (Tw) (computing) process,xíngchéng
天然气,natural gas,tiānránqì
困扰,to perplex; to disturb; to cause complications,kùnrǎo
开口,to open one's mouth; to start to talk,kāikǒu
直辖市,"municipality, namely: Beijing 北京, Tianjin 天津, Shanghai 上海 and Chongqing 重慶|重庆, the first level administrative subdivision; province level city; also called directly governed city",zhíxiáshì
漫长,very long; endless,màncháng
次数,number of times; frequency; order number (in a series); power (math.); degree of a polynomial (math.),cìshù
高于,greater than; to exceed,gāoyú
思路,train of thought; thinking; reason; reasoning,sīlù
幼儿园,kindergarten; nursery school,yòuéryuán
判处,to sentence; to condemn,pànchǔ
涉嫌,to be a suspect (in a crime); to be suspected of,shèxián
脆弱,weak; frail,cuìruò
安置,to find a place for; to help settle down; to arrange for; to get into bed; placement,ānzhì
理事,member of council,lǐshì
纠纷,dispute,jiūfēn
冬季,winter,dōngjì
主力,main force; main strength of an army,zhǔlì
整天,all day long; whole day,zhěngtiān
收回,to regain; to retake; to take back; to withdraw; to revoke,shōuhuí
裁决,ruling; adjudication,cáijué
城堡,castle; rook (chess piece),chéngbǎo
优良,fine; good; first-rate,yōuliáng
春节,Spring Festival (Chinese New Year),chūnjié
存款,to deposit money (in a bank etc); bank savings; bank deposit,cúnkuǎn
伤口,wound; cut,shāngkǒu
本科,undergraduate course; undergraduate (attributive),běnkē
水泥,cement,shuǐní
外来,external; foreign; outside,wàilái
筹备,preparations; to get ready for sth,chóubèi
主编,editor in chief,zhǔbiān
野蛮,barbarous; uncivilized,yěmán
职员,office worker; staff member,zhíyuán
拆除,to tear down; to demolish; to dismantle; to remove,chāichú
一刻,N/A,N/A
整顿,to tidy up; to reorganize; to consolidate; to rectify,zhěngdùn
途中,en route,túzhōng
营造,to build (housing); to construct; to make,yíngzào
贪污,to be corrupt; corruption; to embezzle,tānwū
听取,to hear (news); to listen to,tīngqǔ
反思,to think back over sth; to review; to revisit; to rethink; reflection; reassessment,fǎnsī
创始人,creator; founder; initiator,chuàngshǐrén
精确,accurate; precise,jīngquè
标语,written slogan; placard,biāoyǔ
见证,to be witness to; witness; evidence,jiànzhèng
幕后,behind the scenes,mùhòu
上期,N/A,N/A
孙子,"Sun Tzu, also known as Sun Wu 孫武|孙武[Sun1 Wu3] (c. 500 BC, dates of birth and death uncertain), general, strategist and philosopher of the Spring and Autumn Period (700-475 BC), believed to be the author of the “Art of War” 孫子兵法|孙子兵法[Sun1 zi3 Bing1 fa3], one of the Seven Military Classics of ancient China 武經七書|武经七书[Wu3 jing1 Qi1 shu1]",sūnzǐ
人气,popularity; personality; character,rénqì
残忍,cruel; mean; merciless; ruthless,cánrěn
局部,part; local,júbù
轰炸,to bomb; to bombard,hōngzhà
灭亡,to be destroyed; to become extinct; to perish; to die out; to destroy; to exterminate,mièwáng
社团,association; society; group; union; club; organization,shètuán
赞同,to approve of; to endorse; (vote) in favor,zàntóng
打倒,to overthrow; to knock down; Down with ... !,dǎdǎo
复兴,"Fuxing district of Handan city 邯鄲市|邯郸市[Han2 dan1 shi4], Hebei; Fuxing or Fuhsing township in Taoyuan county 桃園縣|桃园县[Tao2 yuan2 xian4], north Taiwan",fùxīng
纳粹,Nazi (loanword),nàcuì
老大,old age; very; eldest child in a family; leader of a group; boss; captain of a boat; leader of a criminal gang,lǎodà
清除,to clear away; to eliminate; to get rid of,qīngchú
消耗,to use up; to consume,xiāohào
夏季,summer,xiàjì
也好,N/A,N/A
出卖,to offer for sale; to sell; to sell out or betray,chūmài
字幕,caption; subtitle,zìmù
作风,style; style of work; way,zuòfēng
极度,extremely,jídù
正规,regular; according to standards,zhèngguī
生涯,career; life (way in which sb lives); period of one's life,shēngyá
运转,to work; to operate; to revolve; to turn around,yùnzhuǎn
单元,unit (forming an entity); element; (in a residential building) entrance or staircase,dānyuán
简化,to simplify,jiǎnhuà
稍微,a little bit,shāowēi
宠物,house pet,chǒngwù
火灾,fire (that burns buildings etc),huǒzāi
举动,act; action; activity; move; movement,jǔdòng
含量,content; quantity contained,hánliàng
杀手,killer; murderer; hit man; (sports) formidable player,shāshǒu
专项,special; dedicated,zhuānxiàng
接待,to receive (a visitor); to admit (allow sb to enter),jiēdài
老虎,tiger,lǎohǔ
传输,to transmit; transmission,chuánshū
特有,specific (to); characteristic (of); distinctive,tèyǒu
城区,city district; urban area,chéngqū
烦恼,to be worried; to be distressed; worries,fánnǎo
生理,physiology,shēnglǐ
宁愿,would rather; better,nìngyuàn
裤子,trousers; pants,kùzi
拍卖,to auction; auction sale; to sell at a reduced price,pāimài
昆明,Kunming prefecture-level city and capital of Yunnan province in southwest China,kūnmíng
清洗,to wash; to clean; to purge,qīngxǐ
空调,air conditioning; air conditioner (including units that have a heating mode),kōngtiáo
算了,let it be; let it pass; forget about it,suànle
耳朵,ear; handle (on a cup),ěrduo
谈到,to refer to; to speak about; to talk about,tándào
故障,malfunction; breakdown; defect; shortcoming; fault; failure; impediment; error; bug (in software),gùzhàng
缓解,to bring relief; to alleviate (a crisis); to dull (a pain),huǎnjiě
操纵,to operate; to control; to rig; to manipulate,cāozòng
艺人,performing artist; actor,yìrén
人文,humanities; human affairs; culture,rénwén
大数据,N/A,N/A
亲人,one's close relatives,qīnrén
顶级,top-notch; first-rate,dǐngjí
零售,to retail; to sell individually or in small quantities,língshòu
缺陷,defect; flaw; physical defect,quēxiàn
审批,to examine and approve; to endorse,shěnpī
转载,to forward (a shipment); to reprint sth published elsewhere; Taiwan pr. [zhuan3 zai4],zhuǎnzǎi
搜集,to gather; to collect,sōují
机遇,opportunity; favorable circumstance; stroke of luck,jīyù
临床,clinical,línchuáng
无线,wireless,wúxiàn
滥用,to misuse; to abuse,lànyòng
眼光,gaze; insight; foresight; vision; way of looking at things,yǎnguāng
妥协,to compromise; to reach terms; a compromise,tuǒxié
演唱会,vocal recital or concert,yǎnchànghuì
访谈,to visit and discuss; to interview,fǎngtán
一一,one by one; one after another,yīyī
融入,to blend into; to integrate; to assimilate; to merge,róngrù
洪水,deluge; flood,hóngshuǐ
美味,delicious; delicious food; delicacy,měiwèi
景点,scenic spot; place of interest (tourism),jǐngdiǎn
舒适,cozy; snug,shūshì
礼拜,week; religious service; worship,lǐbài
便利,convenient; easy; to facilitate,biànlì
改名,to change one's name,gǎimíng
提倡,to promote; to advocate,tíchàng
开头,beginning; to start,kāitóu
通往,to lead to,tōngwǎng
习俗,custom; tradition; local tradition; convention,xísú
弹性,flexibility; elasticity,tánxìng
价钱,price,jiàqian
联想,abbr. for 聯想集團|联想集团[Lian2 xiang3 Ji2 tuan2],liánxiǎng
搭配,to pair up; to match; to arrange in pairs; to add sth into a group,dāpèi
原谅,to excuse; to forgive; to pardon,yuánliàng
冲动,to have an urge; to be impetuous; impulse; urge,chōngdòng
大都,"Dadu, capital of China during the Yuan Dynasty (1280-1368), modern day Beijing",dàdū
交谈,to discuss; to converse; chat; discussion,jiāotán
担忧,to worry; to be concerned,dānyōu
真心,sincere; heartfelt,zhēnxīn
上周,last week,shàngzhōu
纠正,to correct; to make right,jiūzhèng
分歧,"divergent; difference (of opinion, position); disagreement; bifurcation (math.)",fēnqí
珍贵,precious,zhēnguì
致命,fatal; mortal; deadly; to sacrifice one's life,zhìmìng
遇上,N/A,N/A
夸张,to exaggerate; overstated; exaggerated; hyperbole; (coll.) excessive; ridiculous; outrageous,kuāzhāng
仿佛,to seem; as if; alike; similar,fǎngfú
想念,to miss; to remember with longing; to long to see again,xiǎngniàn
前景,foreground; vista; (future) prospects; perspective,qiánjǐng
善于,to be good at; to be adept at,shànyú
隐私,secrets; private business; privacy,yǐnsī
起源,origin; to originate; to come from,qǐyuán
乐趣,delight; pleasure; joy,lèqù
上演,to screen (a movie); to stage (a play); a screening; a staging,shàngyǎn
储备,reserves; to store up,chǔbèi
春秋,"Spring and Autumn Period (770-476 BC); Spring and Autumn Annals, chronicle of Lu State (722-481 BC)",chūnqiū
身材,stature; build (height and weight); figure,shēncái
连任,to continue in (a political) office; to serve for another term of office,liánrèn
预言,to predict; prophecy,yùyán
关税,customs duty; tariff,guānshuì
万一,just in case; if by any chance; contingency,wànyī
涵盖,to cover; to comprise; to include,hángài
挑选,to choose; to select,tiāoxuǎn
虚假,false; phony; pretense,xūjiǎ
从来不,never,cóngláibù
专栏,special column,zhuānlán
拜托,to request sb to do sth; please!,bàituō
大使馆,embassy,dàshǐguǎn
领取,to receive; to draw; to get,lǐngqǔ
变迁,changes; vicissitudes,biànqiān
外贸,foreign trade,wàimào
名誉,fame; reputation; honor; honorary; emeritus (of retired professor),míngyù
挣扎,to struggle,zhēngzhá
爱心,"compassion; kindness; care for others; love; charity (bazaar, golf day etc); heart (the symbol ♥)",àixīn
气温,air temperature,qìwēn
争夺,to fight over; to contest; to vie over,zhēngduó
夜晚,night,yèwǎn
娃娃,baby; small child; doll,wáwa
提问,to question; to quiz; to grill,tíwèn
开工,to begin work (of a factory or engineering operation); to start a construction job,kāigōng
源于,has its origins in,yuányú
阐述,to expound (a position); to elaborate (on a topic); to treat (a subject),chǎnshù
头部,head,tóubù
编写,to compile,biānxiě
四处,all over the place; everywhere and all directions,sìchù
排放,emission; discharge; exhaust (gas etc),páifàng
型号,"model (particular version of a manufactured article); type (product specification in terms of color, size etc)",xínghào
汇报,to report; to give an account of; to collect information and report back,huìbào
出租车,taxi; (Tw) rental car,chūzūchē
火山,volcano,huǒshān
启发,to enlighten; to explain (a text etc); to stimulate (a mental attitude); enlightenment; revelation; motivation,qǐfā
发掘,to excavate; to explore; (fig.) to unearth; to tap into,fājué
病例,(medical) case; occurrence of illness,bìnglì
助手,assistant; helper,zhùshǒu
线索,trail; clues; thread (of a story),xiànsuǒ
出自,to come from,chūzì
找出,to find; to search out,zhǎochū
笔记,to take down (in writing); notes; a type of literature consisting mainly of short sketches,bǐjì
试点,test point; to carry out trial; pilot scheme,shìdiǎn
办学,to run a school,bànxué
此处,this place; here (literary),cǐchù
眼里,N/A,N/A
演唱,sung performance; to sing for an audience,yǎnchàng
暗杀,to assassinate,ànshā
电梯,elevator; escalator,diàntī
前期,preceding period; early stage,qiánqī
掩盖,to conceal; to hide behind; to cover up,yǎngài
先前,before; previously,xiānqián
初级,junior; primary,chūjí
感兴趣,to be interested,gǎnxìngqù
分散,to scatter; to disperse; to distribute,fēnsàn
密度,density; thickness,mìdù
座位,seat,zuòwèi
下跌,to fall; to tumble,xiàdiē
简历,curriculum vitae (CV); résumé; biographical notes,jiǎnlì
部位,position; place,bùwèi
物体,object; body; substance,wùtǐ
平原,field; plain,píngyuán
作物,crop,zuòwù
境界,boundary; state; realm,jìngjiè
效益,benefit; effectiveness; efficiency,xiàoyì
月亮,the moon,yuèliang
征收,to levy (a fine); to impose (a tariff),zhēngshōu
远远,distant; by far,yuǎnyuǎn
海域,sea area; territorial waters; maritime space,hǎiyù
方言,"the first Chinese dialect dictionary, edited by Yang Xiong 揚雄|扬雄[Yang2 Xiong2] in 1st century, containing over 9000 characters",fāngyán
防治,to prevent and cure; prevention and cure,fángzhì
脖子,neck,bózi
积分,"integral (calculus); accumulated points (in sports, at school etc); total credits earned by student; bonus points in a benefit scheme",jīfēn
绝大多数,absolute majority; overwhelming majority,juédàduōshù
排队,to line up,páiduì
一向,always (previously); a period of time in the recent past,yīxiàng
弥补,to complement; to make up for a deficiency,míbǔ
健全,robust; sound,jiànquán
缩短,to curtail; to cut down,suōduǎn
期限,time limit; deadline; allotted time,qīxiàn
编剧,to write a play; scenario; dramatist; screenwriter,biānjù
格局,structure; pattern; layout,géjú
侮辱,to insult; to humiliate; dishonor,wǔrǔ
预备,to prepare; to make ready; preparation; preparatory,yùbèi
范畴,category,fànchóu
赛事,competition (e.g. sporting),sàishì
情侣,sweethearts; lovers,qínglǚ
极限,limit; extreme boundary,jíxiàn
鸡蛋,(chicken) egg; hen's egg,jīdàn
解散,to dissolve; to disband,jiěsàn
庆典,celebration,qìngdiǎn
过滤,to filter; filter,guòlǜ
纪律,discipline,jìlǜ
阴影,(lit. and fig.) shadow,yīnyǐng
深夜,very late at night,shēnyè
牙齿,tooth; dental,yáchǐ
重量,weight,zhòngliàng
切实,feasible; realistic; practical; earnestly; conscientiously,qièshí
室内,indoor,shìnèi
不止,incessantly; without end; more than; not limited to,bùzhǐ
下期,N/A,N/A
强行,to do sth by force; Taiwan pr. [qiang3 xing2],qiángxíng
宝贵,valuable; precious; to value; to treasure; to set store by,bǎoguì
主场,home ground (sports); home field; main venue; main stadium,zhǔchǎng
猜测,to guess; to conjecture; to surmise,cāicè
潮流,tide; current; trend,cháoliú
景区,scenic area,jǐngqū
开采,to extract (ore or other resource from a mine); to exploit; to mine,kāicǎi
转让,"to transfer (ownership, rights etc)",zhuǎnràng
分支,"branch (of company, river etc); to branch; to diverge; to ramify; to subdivide",fēnzhī
加剧,to intensify; to sharpen; to accelerate; to aggravate; to exacerbate; to embitter,jiājù
控告,to accuse; to charge; to indict,kònggào
处境,situation (of a person),chǔjìng
未必,not necessarily; maybe not,wèibì
撤离,to withdraw from; to evacuate,chèlí
规矩,lit. compass and set square; fig. established standard; rule; customs; practices; fig. upright and honest; well-behaved,guīju
鲜明,bright; clear-cut; distinct,xiānmíng
物价,(commodity) prices,wùjià
苦难,suffering,kǔnàn
不肯,N/A,N/A
难得,seldom; rare; hard to come by,nándé
丑闻,scandal,chǒuwén
中华民族,the Chinese people,zhōnghuámínzú
上台,to rise to power (in politics); to go on stage (in the theater),shàngtái
渔业,fishing industry; fishery,yúyè
无知,ignorant; ignorance,wúzhī
总监,head; director (of an organizational unit); (police) commissioner; inspector-general; rank of local governor in Tang dynasty administration,zǒngjiān
契约,agreement; contract,qìyuē
可笑,funny; ridiculous,kěxiào
修建,to build; to construct,xiūjiàn
双重,double,shuāngchóng
清晨,early morning,qīngchén
有助于,to contribute to; to promote,yǒuzhùyú
收拾,to put in order; to tidy up; to pack; to repair; (coll.) to sort sb out; to fix sb,shōushi
啤酒,beer (loanword),píjiǔ
词汇,vocabulary; list of words (e.g. for language teaching purposes); word,cíhuì
违规,to violate (rules); irregular; illegal; corrupt,wéiguī
视野,field of view; horizon,shìyě
光荣,honor and glory; glorious,guāngróng
瞄准,to take aim at; to target,miáozhǔn
确切,definite; exact; precise,quèqiè
深深,deep; profound,shēnshēn
叔叔,father's younger brother; uncle; Taiwan pr. [shu2 shu5],shūshu
屏幕,"screen (TV, computer or movie)",píngmù
演奏,to perform on a musical instrument,yǎnzòu
开创,to initiate; to start; to found,kāichuàng
痕迹,vestige; mark; trace,hénjì
一流,top quality; front ranking,yīliú
曲线,curve; curved line; indirect; in a roundabout way,qūxiàn
隐瞒,to conceal; to hide (a taboo subject); to cover up the truth,yǐnmán
题目,subject; title; topic,tímù
分解,to resolve; to decompose; to break down,fēnjiě
便道,pavement; sidewalk; shortcut; makeshift road,biàndào
忠诚,devoted; loyal; fidelity; loyalty,zhōngchéng
平面,plane (flat surface); print media,píngmiàn
钻石,diamond,zuànshí
选拔,to select the best,xuǎnbá
中介,to act as intermediary; to link; intermediate; inter-; agency; agent,zhōngjiè
不成,won't do; unable to; (at the end of a rhetorical question) can that be?,bùchéng
乐园,paradise,lèyuán
荣获,be honored with,rónghuò
说不定,can't say for sure; maybe,shuōbudìng
飞行员,pilot; aviator,fēixíngyuán
致使,to cause; to result in,zhìshǐ
竞争力,competitive strength; competitiveness,jìngzhēnglì
一贯,consistent; constant; from start to finish; all along; persistent,yīguàn
余额,"balance (of an account, bill etc); surplus; remainder",yúé
信贷,credit; borrowed money,xìndài
人事,personnel; human resources; human affairs; ways of the world; (euphemism) sexuality; the facts of life,rénshì
时常,often; frequently,shícháng
天赋,gift; innate skill,tiānfù
尽可能,as far as possible; to do one's utmost,jǐnkěnéng
旋转,to rotate; to revolve; to spin; to whirl,xuánzhuǎn
觉醒,to awaken; to come to realize; awakened to the truth; the truth dawns upon one; scales fall from the eyes; to become aware,juéxǐng
恶意,malice; evil intention,èyì
工商,industry and commerce,gōngshāng
总共,altogether; in sum; in all; in total,zǒnggòng
守护,to guard; to protect,shǒuhù
有害,destructive; harmful; damaging,yǒuhài
告别,to leave; to bid farewell to; to say good-bye to,gàobié
大于,"greater than; bigger than; more than, >",dàyú
志愿者,volunteer,zhìyuànzhě
是非,right and wrong; quarrel,shìfēi
常规,code of conduct; conventions; common practice; routine (medical procedure etc),chángguī
帽子,hat; cap; (fig.) label; bad name,màozi
一阵,a burst; a fit; a peal; a spell (period of time),yīzhèn
故乡,home; homeland; native place,gùxiāng
讲座,a course of lectures,jiǎngzuò
导向,to be oriented towards; orientation,dǎoxiàng
扭曲,to twist; to warp; to distort,niǔqū
注入,to pour into; to empty into,zhùrù
捐款,to donate money; to contribute funds; donation; contribution (of money),juānkuǎn
模样,look; style; appearance; approximation; about; also pr. [mo2 yang4],múyàng
销量,sales volume,xiāoliàng
料理,to arrange; to handle; to cook; cuisine; art of cooking,liàolǐ
误解,to misunderstand; to misread; misunderstanding,wùjiě
焦虑,anxious; worried; apprehensive,jiāolǜ
渗透,"(lit. and fig.) to permeate; to seep into; (of a product, idea etc) to penetrate (in a population); (of hostile forces) to infiltrate; (chemistry) osmosis",shèntòu
金牌,gold medal,jīnpái
遗传,heredity; to inherit (a trait); to pass on (to one's offspring),yíchuán
顺便,conveniently; in passing; without much extra effort,shùnbiàn
亏损,deficit; (financial) loss,kuīsǔn
选项,to make a choice (between several alternatives); a choice; an option; an alternative,xuǎnxiàng
走过,to walk past; to pass by,zǒuguò
机密,secret; classified (information),jīmì
掠夺,to plunder; to rob,lüèduó
诈骗,to defraud; to swindle; to blackmail,zhàpiàn
亲密,intimate; close,qīnmì
底下,the location below sth; afterwards,dǐxia
成交,to complete a contract; to reach a deal,chéngjiāo
诚信,genuine; honest; in good faith; honesty; integrity,chéngxìn
知识分子,intellectual; intelligentsia; learned person,zhīshifènzǐ
缩小,to reduce; to decrease; to shrink,suōxiǎo
尺度,scale; yardstick,chǐdù
外观,exterior appearance; to view sth from the outside; exterior condition,wàiguān
召集,to convene; to gather,zhàojí
幽默,(loanword) humor; humorous,yōumò
罪恶,crime; evil; sin,zuìè
资深,veteran (journalist etc); senior; highly experienced,zīshēn
同期,the corresponding time period (in a different year etc); concurrent; synchronous,tóngqī
凭借,to rely on; to depend on; by means of; thanks to; sth that one relies on,píngjiè
来临,to approach; to come closer,láilín
言语,words; speech; (spoken) language,yányǔ
善良,good and honest; kindhearted,shànliáng
广阔,wide; vast,guǎngkuò
回复,to reply; to recover; to return (to a previous condition); Re: in reply to (email),huífù
面貌,appearance; face; features,miànmào
骗人,to cheat sb; a scam,piànrén
共同体,community,gòngtóngtǐ
高温,high temperature,gāowēn
仇恨,to hate; hatred; enmity; hostility,chóuhèn
倡导,to advocate; to initiate; to propose; to be a proponent of (an idea or school of thought),chàngdǎo
环球,around the world; worldwide,huánqiú
闻名,well-known; famous; renowned; eminent,wénmíng
全文,entire text; full text,quánwén
陌生,strange; unfamiliar,mòshēng
同盟,alliance,tóngméng
业余,in one's spare time; outside working hours; amateur (historian etc),yèyú
签约,to sign a contract or agreement,qiānyuē
乃至,and even; to go so far as to,nǎizhì
场地,space; site; place; sports pitch,chǎngdì
无意,inadvertent; accidental; to have no intention of (doing sth),wúyì
下属,subordinate; underling,xiàshǔ
富裕,"Fuyu county in Qiqihar 齊齊哈爾|齐齐哈尔[Qi2 qi2 ha1 er3], Heilongjiang",fùyù
刊登,to carry a story; to publish (in a newspaper or magazine),kāndēng
下滑,sliding; slide,xiàhuá
巧克力,chocolate (loanword),qiǎokèlì
起码,at the minimum; at the very least,qǐmǎ
凡是,each and every; every; all; any,fánshì
棉花,cotton,miánhua
夺取,to seize; to capture; to wrest control of,duóqǔ
推测,speculation; to conjecture; to surmise; to speculate,tuīcè
设想,to imagine; to assume; to envisage; tentative plan; to have consideration for,shèxiǎng
迁移,to migrate; to move,qiānyí
场面,scene; spectacle; occasion; situation,chǎngmiàn
出名,well-known for sth; to become well known; to make one's mark,chūmíng
原先,originally; original; former,yuánxiān
跨越,to step across; step over,kuàyuè
有利于,N/A,N/A
无奈,to have no alternative; frustrated; exasperated; helpless; (conjunction) but unfortunately,wúnài
服饰,apparel; clothing and personal adornment,fúshì
评审,to appraise; to evaluate; to judge,píngshěn
若是,if,ruòshì
保健,health protection; health care; to maintain in good health,bǎojiàn
喜剧,comedy,xǐjù
真是的,Really! (interj. of annoyance or frustration),zhēnshide
忽然,suddenly; all of a sudden,hūrán
逃避,to escape; to evade; to avoid; to shirk,táobì
救助,to help sb in trouble; aid; assistance,jiùzhù
偶然,incidentally; occasional; occasionally; by chance; randomly,ǒurán
比起,compared with,bǐqǐ
迹象,mark; indication; sign; indicator,jìxiàng
容量,capacity; volume; quantitative (science),róngliàng
失控,to go out of control,shīkòng
防范,to be on guard; wariness; to guard against; preventive,fángfàn
挖掘,to excavate; to dig; to unearth,wājué
祖先,ancestor; forebears,zǔxiān
姿态,attitude; posture; stance,zītài
夜间,nighttime; evening or night (e.g. classes),yèjiān
安慰,to comfort; to console,ānwèi
学费,tuition fee; tuition,xuéfèi
明明,obviously; plainly; undoubtedly; definitely,míngmíng
附属,subsidiary; auxiliary; attached; affiliated; subordinate; subordinating,fùshǔ
午餐,lunch; luncheon,wǔcān
海湾,(Persian) Gulf,hǎiwān
草原,grassland; prairie,cǎoyuán
起初,originally; at first; at the outset,qǐchū
长度,length,chángdù
压缩,to compress; compression,yāsuō
高效,efficient; highly effective,gāoxiào
成效,effect; result,chéngxiào
调研,to investigate and research; research; investigation,diàoyán
郊区,suburban district; outskirts; suburbs,jiāoqū
致力于,N/A,N/A
公顷,hectare,gōngqǐng
获胜,victorious; to win; to triumph,huòshèng
关怀,care; solicitude; to show care for; concerned about; attentive to,guānhuái
操控,to control; to manipulate,cāokòng
辉煌,splendid; glorious,huīhuáng
孤立,isolate; isolated,gūlì
支配,to control; to dominate; to allocate,zhīpèi
拥护,to endorse; to support,yōnghù
眼神,expression or emotion showing in one's eyes; meaningful glance; wink; eyesight (dialect),yǎnshén
制约,to restrict; condition,zhìyuē
煤炭,coal,méitàn
钥匙,key,yàoshi
四周,all around,sìzhōu
应急,to respond to an emergency; to meet a contingency; (attributive) emergency,yìngjí
孔子,"Confucius (551-479 BC), Chinese thinker and social philosopher, also known as 孔夫子[Kong3 fu1 zi3]",kǒngzǐ
食用,food product; to use as food; edible,shíyòng
学说,theory; doctrine,xuéshuō
出租,to rent,chūzū
问路,to ask for directions; to ask the way (to some place),wènlù
分外,exceptionally; not one's responsibility or job,fènwài
见外,to regard sb as an outsider,jiànwài
宏观,macro-; macroscopic; holistic,hóngguān
中等,medium,zhōngděng
旨在,to have as its purpose; to be intended to; to aim to (do sth),zhǐzài
生动,vivid; lively,shēngdòng
细菌,bacterium; germ,xìjūn
电报,telegram; cable; telegraph,diànbào
妨碍,to hinder; to obstruct,fángài
黄河,Yellow River or Huang He,huánghé
担当,to take upon oneself; to assume,dāndāng
后代,descendant; progeny; posterity; later ages; later generations,hòudài
股价,stock price; share price,gǔjià
生育,to bear; to give birth; to grow; to rear; to bring up (children); fertility,shēngyù
永恒,eternal; everlasting; fig. to pass into eternity (i.e. to die),yǒnghéng
礼貌,courtesy; manners,lǐmào
开办,to open; to start (a business etc); to set up,kāibàn
客运,passenger transportation; (Tw) intercity bus,kèyùn
制品,products; goods,zhìpǐn
时时,often; constantly,shíshí
洗澡,to bathe; to take a shower,xǐzǎo
振兴,"Zhengxing district of Dandong city 丹東市|丹东市[Dan1 dong1 shi4], Liaoning",zhènxīng
船只,ship; boat; vessel,chuánzhī
侵害,to encroach on; to infringe on,qīnhài
历程,course; process,lìchéng
收取,to receive; to collect,shōuqǔ
寻常,usual; common; ordinary,xúncháng
好运,good luck,hǎoyùn
制订,to work out; to formulate,zhìdìng
剧场,theater,jùchǎng
民意,public opinion; popular will; public will,mínyì
处分,to discipline sb; to punish; disciplinary action; to deal with (a matter),chǔfèn
机动,"locomotive; motorized; power-driven; adaptable; flexible (use, treatment, timing etc)",jīdòng
平方米,square meter,píngfāngmǐ
隧道,tunnel,suìdào
师父,used for 師傅|师傅 (in Taiwan); master; qualified worker,shīfu
孕妇,pregnant woman,yùnfù
晚间,evening; night,wǎnjiān
脾气,character; temperament; disposition; bad temper,píqi
鼻子,nose,bízi
丛林,jungle; thicket; forest; Buddhist monastery,cónglín
剧院,theater,jùyuàn
拘留,to detain (a prisoner); to keep sb in custody,jūliú
总局,head office; general office; central office,zǒngjú
赞助,to support; to assist; to sponsor,zànzhù
入学,to enter a school or college; to go to school for the first time as a child,rùxué
布置,to put in order; to arrange; to decorate; to fix up; to deploy,bùzhì
真诚,true; sincere; genuine,zhēnchéng
湖泊,lake,húpō
大片,wide expanse; large area; vast stretch; extending widely; blockbuster movie,dàpiàn
不禁,can't help (doing sth); can't refrain from,bùjīn
报到,to report for duty; to check in; to register,bàodào
硬件,hardware,yìngjiàn
镜子,mirror,jìngzi
年级,"grade; year (in school, college etc)",niánjí
膨胀,to expand; to inflate; to swell,péngzhàng
奉献,to offer respectfully; to consecrate; to dedicate; to devote,fèngxiàn
评选,to select on the basis of a vote or consensus,píngxuǎn
排行榜,the charts (of best-sellers); table of ranking,páihángbǎng
准则,norm; standard; criterion,zhǔnzé
前夕,eve; the day before,qiánxī
背叛,to betray,bèipàn
论证,to prove a point; to expound on; to demonstrate or prove (through argument); proof,lùnzhèng
刑法,criminal law,xíngfǎ
外籍,foreign (i.e. of foreign nationality),wàijí
目的地,destination (location),mùdìdì
脚步,footstep; step,jiǎobù
饲养,to raise; to rear,sìyǎng
身高,(a person's) height,shēngāo
勉强,to do with difficulty; to force sb to do sth; reluctant; barely enough,miǎnqiǎng
近来,recently; lately,jìnlái
漏洞,leak; hole; gap; loophole,lòudòng
短缺,shortage,duǎnquē
度假,to go on holidays; to spend one's vacation,dùjià
高铁,high speed rail,gāotiě
消防,firefighting; fire control,xiāofáng
早餐,breakfast,zǎocān
审计,to audit; to examine finances,shěnjì
豪华,luxurious,háohuá
概率,probability (math.),gàilǜ
海底,seabed; seafloor; bottom of the ocean,hǎidǐ
家园,home; homeland,jiāyuán
沙滩,beach; sandy shore,shātān
陈述,an assertion; to declare; to state,chénshù
水准,level (of achievement etc); standard; level (surveying),shuǐzhǔn
赌博,to gamble,dǔbó
内裤,underpants; panties; briefs,nèikù
全程,the whole distance; from beginning to end,quánchéng
传来,(of a sound) to come through; to be heard; (of news) to arrive,chuánlái
唱片,gramophone record; LP; music CD; musical album,chàngpiàn
嘲笑,to jeer at; to deride; to ridicule; mockery; derision,cháoxiào
扶贫,assistance to the poor; poverty alleviation,fúpín
兑换,to convert; to exchange,duìhuàn
完了,to be finished; to be done for; ruined; gone to the dogs; oh no,wánle
听讲,to attend a lecture; to listen to a talk,tīngjiǎng
行李,luggage,xíngli
注定,to foreordain; to be bound to; to be destined to; to be doomed to; inevitably,zhùdìng
多样,diverse; diversity; manifold,duōyàng
野兽,beast; wild animal,yěshòu
用力,to exert oneself physically,yònglì
改良,to improve (sth); to reform (a system),gǎiliáng
直径,diameter,zhíjìng
动荡,unrest (social or political); turmoil; upheaval; commotion,dòngdàng
浏览器,browser (software),liúlǎnqì
爱人,spouse (PRC); lover (non-PRC),àiren
笑容,smile; smiling expression,xiàoróng
魔鬼,devil,móguǐ
忍受,to bear; to endure,rěnshòu
登录,to register; to log in,dēnglù
季度,quarter of a year; season (sports),jìdù
参见,to refer to; see also; compare (cf.); to pay respect to,cānjiàn
录取,"to accept an applicant (prospective student, employee etc) who passes an entrance exam; to admit (a student); to hire (a job candidate)",lùqǔ
模范,model; fine example,mófàn
首要,the most important; of chief importance,shǒuyào
无线电,wireless,wúxiàndiàn
用品,articles for use; products; goods,yòngpǐn
一手,a skill; mastery of a trade; by oneself; without outside help,yīshǒu
理智,reason; intellect; rationality; rational,lǐzhì
主观,subjective,zhǔguān
潜艇,submarine,qiántǐng
官僚,bureaucrat; bureaucracy; bureaucratic,guānliáo
煽动,to incite; to instigate,shāndòng
压制,to suppress; to inhibit; to stifle,yāzhì
荒谬,absurd; ridiculous,huāngmiù
囚犯,prisoner; convict,qiúfàn
长久,(for a) long time,chángjiǔ
以免,in order to avoid; so as not to,yǐmiǎn
浴室,bathroom (room used for bathing),yùshì
观赏,to look at sth with pleasure; to watch (sth marvelous); ornamental,guānshǎng
刊物,publication,kānwù
别墅,villa,biéshù
月初,start of month; early in the month,yuèchū
中级,middle level (in a hierarchy),zhōngjí
附加,additional; annex,fùjiā
景观,landscape,jǐngguān
受过,N/A,N/A
童年,childhood,tóngnián
包裹,to wrap up; to bind up; bundle; parcel; package,bāoguǒ
事务所,office; firm,shìwùsuǒ
疼痛,pain; ache; sore,téngtòng
船长,captain (of a boat); skipper,chuánzhǎng
得出,to obtain (results); to arrive at (a conclusion),déchū
两侧,two sides; both sides,liǎngcè
迎来,N/A,N/A
倾斜,to incline; to lean; to slant; to slope; to tilt,qīngxié
裁判,judgment; to referee; umpire; judge; referee,cáipàn
宾馆,guesthouse; lodge; hotel,bīnguǎn
穿上,to put on (clothes etc),chuānshang
停车场,parking lot; car park,tíngchēchǎng
隔壁,next door; neighbor,gébì
煤矿,coal mine; coal seam,méikuàng
有益,useful; beneficial; profitable,yǒuyì
岁月,years; time,suìyuè
变形,deformation; to become deformed; to change shape; to morph,biànxíng
捍卫,to defend; to uphold; to safeguard,hànwèi
租赁,to rent; to lease; to hire,zūlìn
商标,trademark; logo,shāngbiāo
相连,to link; to join; link; connection,xiānglián
冻结,"to freeze (water etc); (fig.) to freeze (assets, prices etc)",dòngjié
严峻,grim; severe; rigorous,yánjùn
欺负,to bully,qīfu
灵感,inspiration; insight; a burst of creativity in scientific or artistic endeavor,línggǎn
坏事,bad thing; misdeed; to ruin things,huàishì
着手,to put one's hand to it; to start out on a task; to set out,zhuóshǒu
华侨,overseas Chinese; (in a restricted sense) Chinese emigrant who still retains Chinese nationality,huáqiáo
赶到,to hurry (to some place),gǎndào
商家,merchant; business; enterprise,shāngjiā
乐器,musical instrument,yuèqì
飓风,hurricane,jùfēng
海报,poster; playbill; notice,hǎibào
中外,Sino-foreign; Chinese-foreign; home and abroad,zhōngwài
怀念,to cherish the memory of; to think of; reminisce,huáiniàn
抓紧,to grasp firmly; to pay special attention to; to rush in; to make the most of,zhuājǐn
剩余,remainder; surplus,shèngyú
报酬,reward; remuneration,bàochou
奖项,award; prize,jiǎngxiàng
高压,high pressure; high-handed,gāoyā
角落,nook; corner,jiǎoluò
科目,academic subject; field of study,kēmù
干脆,straightforward; clear-cut; blunt (e.g. statement); you might as well; simply,gāncuì
密集,concentrated; crowded together; intensive; compressed,mìjí
强势,strong; powerful; (linguistics) emphatic; intensive,qiángshì
遗体,remains (of a dead person),yítǐ
课堂,classroom,kètáng
付费,to pay; to cover the costs,fùfèi
降落,to descend; to land,jiàngluò
电源,electric power source,diànyuán
安定,"Anting township in Tainan county 台南縣|台南县[Tai2 nan2 xian4], Taiwan",āndìng
胖子,fat person; fatty,pàngzi
反馈,to send back information; feedback,fǎnkuì
上任,to take office; previous (incumbent); predecessor,shàngrèn
增多,to increase; to grow in number,zēngduō
协作,cooperation; coordination,xiézuò
掀起,to lift; to raise in height; to begin; upsurge; to set off (a campaign),xiānqǐ
时空,time and place; world of a particular locale and era; (physics) space-time,shíkōng
大夫,senior official (in imperial China),dàfū
事后,after the event; in hindsight; in retrospect,shìhòu
健身,to exercise; to keep fit; to work out; physical exercise,jiànshēn
寿命,life span; life expectancy; lifetime (of a machine),shòumìng
人次,person-times; visits; classifier for number of people participating,réncì
捐赠,to contribute (as a gift); to donate; benefaction,juānzèng
演说,speech; to deliver a speech,yǎnshuō
美金,US dollar; USD,měijīn
便于,easy to; convenient for,biànyú
蜡烛,candle,làzhú
废物,rubbish; waste material; useless person,fèiwù
音乐会,concert,yīnyuèhuì
感激,to be grateful; to appreciate; thankful,gǎnjī
误会,to misunderstand; to mistake; misunderstanding,wùhuì
餐馆,restaurant,cānguǎn
举措,to move; to act; action; decision; conduct; manner,jǔcuò
设法,to try; to make an attempt; to think of a way (to accomplish sth),shèfǎ
无所谓,to be indifferent; not to matter; cannot be said to be,wúsuǒwèi
气质,temperament; personality traits; manners,qìzhì
威力,might; formidable power,wēilì
鉴于,in view of; seeing that; considering; whereas,jiànyú
门槛,doorstep; sill; threshold; fig. knack or trick (esp. scheme to get sth cheaper),ménkǎn
库存,property or cash held in reserve; stock,kùcún
倡议,to suggest; to initiate; proposal; initiative,chàngyì
手臂,arm; helper,shǒubì
震撼,to shake; to shock; to stun; shocking; stunning; shock,zhènhàn
削弱,to weaken; to impair; to cripple,xuēruò
将近,almost; nearly; close to,jiāngjìn
口径,caliber; diameter of opening,kǒujìng
贩卖,to sell; to peddle; to traffic,fànmài
珠宝,pearls; jewels; precious stones,zhūbǎo
指向,to point towards; aimed at; facing; the direction indicated,zhǐxiàng
转身,(of a person) to turn round; to face about; (of a widow) to remarry (archaic),zhuǎnshēn
锁定,"to lock (a door); to close with a latch; to lock into place; a lock; a latch; to lock a computer file (to prevent it being overwritten); to lock (denying access to a computer system or device or files, e.g. by password-protection); to focus attention on; to target",suǒdìng
保密,to keep sth confidential; to maintain secrecy,bǎomì
分割,to cut up; to break up,fēngē
外表,external; outside; outward appearance,wàibiǎo
增进,to promote; to enhance; to further; to advance (a cause etc),zēngjìn
不曾,hasn't yet; hasn't ever,bùcéng
泄露,to leak (information); to divulge; also pr. [xie4 lou4],xièlù
嘉宾,esteemed guest; honored guest; guest (on a show),jiābīn
重伤,seriously hurt; serious injury,zhòngshāng
采集,to gather; to collect; to harvest,cǎijí
世代,for many generations; generation; era; age,shìdài
深远,far-reaching; profound and long-lasting,shēnyuǎn
全长,overall length; span,quáncháng
累积,to accumulate,lěijī
车祸,traffic accident; car crash,chēhuò
远程,remote; long distance; long range,yuǎnchéng
犹如,similar to; appearing to be,yóurú
新华网,Xinhua News Network,xīnhuáwǎng
总量,total; overall amount,zǒngliàng
水库,reservoir,shuǐkù
阵营,group of people; camp; faction; sides in a dispute,zhènyíng
陌生人,stranger,mòshēngrén
动物园,zoo,dòngwùyuán
开拓,to break new ground (for agriculture); to open up (a new seam); to develop (border regions); fig. to open up (new horizons),kāituò
开支,expenditures; expenses; to spend money; (coll.) to pay wages,kāizhī
台上,on stage,táishàng
生死,life or death,shēngsǐ
香蕉,banana,xiāngjiāo
充足,adequate; sufficient; abundant,chōngzú
睡眠,sleep; to sleep; (computing) to enter sleep mode,shuìmián
利息,interest (on a loan),lìxī
转发,"to transmit; to forward (mail, SMS, packets of data); to pass on; to republish (an article from another publication)",zhuǎnfā
歌唱,to sing,gēchàng
衡量,to weigh; to examine; to consider,héngliáng
招标,to invite bids,zhāobiāo
敢于,to have the courage to do sth; to dare to; bold in,gǎnyú
亮相,"to strike a pose (Chinese opera); (fig.) to make a public appearance; to come out in public (revealing one's true personality, opinions etc); (of a product) to appear on the market or at a trade show etc",liàngxiàng
贿赂,to bribe; a bribe,huìlù
塑料,plastics,sùliào
连锁,to interlock; to be linked; chain (store etc),liánsuǒ
出手,to dispose of; to spend (money); to undertake a task,chūshǒu
湿地,wetland,shīdì
节约,to economize; to conserve (resources); economy; frugal,jiéyuē
拜访,to pay a visit; to call on,bàifǎng
出场,(of a performer) to come onto the stage to perform; (of an athlete) to enter the arena to compete; (fig.) to enter the scene (e.g. a new product); (of an examinee etc) to leave the venue,chūchǎng
到位,to get to the intended location; to be in place; to be in position; precise; well (done),dàowèi
芯片,computer chip; microchip,xīnpiàn
冷战,(US-Soviet) Cold War,lěngzhàn
优越,superior; superiority,yōuyuè
液体,liquid,yètǐ
历经,to experience; to go through,lìjīng
手工,handwork; manual,shǒugōng
限于,to be limited to; to be confined to,xiànyú
节省,saving; to save; to use sparingly; to cut down on,jiéshěng
院士,scholar; academician; fellow (of an academy),yuànshì
还原,to restore to the original state; to reconstruct (an event); reduction (chemistry),huányuán
打工,"to work a temporary or casual job; (of students) to have a job outside of class time, or during vacation",dǎgōng
上街,to go onto the streets; to go shopping,shàngjiē
精华,best feature; most important part of an object; quintessence; essence; soul,jīnghuá
仍旧,still (remaining); to remain (the same); yet,réngjiù
免疫,immunity (to disease),miǎnyì
除此之外,apart from this; in addition to this,chúcǐzhīwài
圣诞节,Christmas time; Christmas season; Christmas,shèngdànjié
两边,either side; both sides,liǎngbian
证件,certificate; papers; credentials; document; ID,zhèngjiàn
发作,to flare up; to break out,fāzuò
上映,to show (a movie); to screen,shàngyìng
受害,"to suffer damage, injury etc; damaged; injured; killed; robbed",shòuhài
详情,details; particulars,xiángqíng
半数,half the number; half,bànshù
手枪,pistol,shǒuqiāng
车号,N/A,N/A
命题,"proposition (logic, math.); to assign an essay topic",mìngtí
拦截,to intercept,lánjié
人质,hostage,rénzhì
放到,N/A,N/A
调动,to transfer; to maneuver (troops etc); movement of personnel; to mobilize; to bring into play,diàodòng
样本,sample; specimen,yàngběn
传闻,rumor,chuánwén
民营,"privately run (i.e. by a company, not the state)",mínyíng
情景,scene; spectacle; circumstances; situation,qíngjǐng
路边,curb; roadside; wayside,lùbiān
防护,to defend; to protect,fánghù
祝贺,to congratulate; congratulations,zhùhè
副总统,vice-president,fùzǒngtǒng
不时,from time to time; now and then; occasionally; frequently,bùshí
按摩,massage; to massage,ànmó
行驶,to travel along a route (of vehicles etc),xíngshǐ
指引,to guide; to show; to point (the way); directions; guidance; guidelines,zhǐyǐn
睡着,to fall asleep,shuìzháo
船舶,shipping; boats,chuánbó
必定,to be bound to; to be sure to,bìdìng
向上,upward; up; to advance; to try to improve oneself; to make progress,xiàngshàng
典礼,celebration; ceremony,diǎnlǐ
汽油,gasoline,qìyóu
拟定,to draw up; to draft; to formulate,nǐdìng
制止,to curb; to put a stop to; to stop; to check; to limit,zhìzhǐ
小麦,wheat,xiǎomài
省委,provincial Party committee,shěngwěi
分化,to split apart; differentiation,fēnhuà
晚会,evening party,wǎnhuì
房价,house price; cost of housing,fángjià
西班牙语,Spanish language,xībānyáyǔ
全家,whole family,quánjiā
注射,injection; to inject,zhùshè
根源,origin; root (cause),gēnyuán
尖锐,sharp; intense; penetrating; pointed; acute (illness),jiānruì
手册,manual; handbook,shǒucè
行列,ranks; procession,hángliè
汉堡,Hamburg (German city),hànbǎo
超出,to exceed; to overstep; to go too far; to encroach,chāochū
独家,exclusive,dújiā
运送,to transport; to carry,yùnsòng
从没,never (in the past); never did,cóngméi
更改,to alter,gēnggǎi
沿岸,coastal area; littoral or riparian,yánàn
优雅,grace; graceful,yōuyǎ
肿瘤,tumor,zhǒngliú
深受,to receive in no small measure,shēnshòu
木材,wood,mùcái
处处,everywhere; in all respects,chùchù
走私,to smuggle; to have an illicit affair,zǒusī
可行,feasible,kěxíng
集结,to assemble; to concentrate; to mass; to build up; to marshal,jíjié
签字,to sign (one's name); signature,qiānzì
鲜花,flower; fresh flowers,xiānhuā
反弹,to bounce; to bounce back; to boomerang; to ricochet; rebound (of stock market etc); bounce; backlash; negative repercussions,fǎntán
传出,to transmit outwards; to disseminate; efferent (nerve),chuánchū
怪物,monster; freak; eccentric person,guàiwu
丝毫,the slightest amount or degree; a bit,sīháo
天上,celestial; heavenly,tiānshàng
弱点,weak point; failing,ruòdiǎn
一律,same; uniformly; all; without exception,yīlǜ
浓度,concentration (percentage of dissolved material in a solution); consistency; thickness; density; viscosity,nóngdù
反驳,to retort; to refute,fǎnbó
被动,passive,bèidòng
前任,predecessor; ex-; former; ex (spouse etc),qiánrèn
卫视,satellite TV (abbr. for 衛星電視|卫星电视[wei4 xing1 dian4 shi4]),wèishì
一家人,household; the whole family,yījiārén
抢救,to rescue,qiǎngjiù
调控,to regulate; to control,tiáokòng
干燥,"to dry (of weather, paint, cement etc); desiccation; dull; uninteresting; arid",gānzào
盲目,blind; blindly; ignorant; lacking understanding,mángmù
当晚,on that evening,dāngwǎn
扩建,"to extend (a building, an airport runway etc)",kuòjiàn
流氓,rogue; hoodlum; gangster; immoral behavior,liúmáng
一头,one head; a head full of sth; one end (of a stick); one side; headlong; directly; rapidly; simultaneously,yītóu
偏见,prejudice,piānjiàn
彩色,color; multi-colored,cǎisè
传承,to pass on (to future generations); passed on (from former times); a continued tradition; an inheritance,chuánchéng
步行,to go on foot; to walk,bùxíng
办事处,office; agency,bànshìchù
胸部,chest; bosom,xiōngbù
奠定,to establish; to fix; to settle,diàndìng
碎片,chip; fragment; splinter; tatter,suìpiàn
廉价,cheaply-priced; low-cost,liánjià
至此,up until now; so far,zhìcǐ
鲨鱼,shark,shāyú
艾滋病,AIDS (loanword),àizībìng
排斥,to reject; to exclude; to eliminate; to remove; to repel,páichì
遗忘,to become forgotten; to forget,yíwàng
下台,to go off the stage; to fall from position of prestige; to step down (from office etc); to disentangle oneself; to get off the hook,xiàtái
首脑,head (of state); summit (meeting); leader,shǒunǎo
地板,floor,dìbǎn
外出,to go out; to go away (on a trip etc),wàichū
亲属,kin; kindred; relatives,qīnshǔ
指望,to hope for sth; to count on; hope,zhǐwàng
卡通,cartoon (loanword),kǎtōng
出任,to take up a post; to start in a new job,chūrèn
和解,to settle (a dispute out of court); to reconcile; settlement; conciliation; to become reconciled,héjiě
卓越,outstanding; surpassing; distinguished; splendid,zhuóyuè
话语,words; speech; utterance; discourse,huàyǔ
天生,nature; disposition; innate; natural,tiānshēng
晓得,to know,xiǎode
骨头,bone; moral character; bitterness,gǔtou
海盗,pirate,hǎidào
国家队,the national team,guójiāduì
护理,to nurse; to tend and protect,hùlǐ
损伤,to harm; to damage; to injure; impairment; loss; disability,sǔnshāng
内在,inner; internal; intrinsic; innate,nèizài
少量,a smidgen; a little bit; a few,shǎoliàng
担保,to guarantee; to vouch for,dānbǎo
流入,to flow into; to drift into; influx; inflow,liúrù
做梦,to dream; to have a dream; fig. illusion; fantasy; pipe dream,zuòmèng
解析,to analyze; to resolve; (math.) analysis; analytic,jiěxī
本届,current; this year,běnjiè
对策,countermeasure for dealing with a situation,duìcè
菩萨,Bodhisattva (Buddhism),púsà
犹豫,to hesitate,yóuyù
解体,to break up into components; to disintegrate; to collapse; to crumble,jiětǐ
沿着,to go along; to follow,yánzhe
纽约时报,New York Times (newspaper),niǔyuēshíbào
博览会,exposition; international fair,bólǎnhuì
切断,to cut off; to sever,qiēduàn
县城,county seat; county town,xiànchéng
冰箱,icebox; freezer cabinet; refrigerator,bīngxiāng
说不上,to be unable to say or tell; to not be worth mentioning,shuōbushàng
可不是,that's just the way it is; exactly!,kěbushì
原油,crude oil,yuányóu
打扮,to decorate; to dress; to make up; to adorn; manner of dressing; style of dress,dǎban
无产阶级,proletariat,wúchǎnjiējí
表决,to decide by vote; to vote,biǎojué
精品,quality goods; premium product; fine work (of art),jīngpǐn
伴侣,companion; mate; partner,bànlǚ
一下子,in a short while; all at once; all of a sudden,yīxiàzi
初次,"for the first time; first (meeting, attempt etc)",chūcì
出面,to appear personally; to step in; to step forth; to show up,chūmiàn
将要,will; shall; to be going to,jiāngyào
相遇,to meet; to encounter; to come across,xiāngyù
白痴,idiocy; idiot,báichī
诚实,honest; honesty; honorable; truthful,chéngshí
说实话,to speak the truth; truth to tell; frankly,shuōshíhuà
智力,intelligence; intellect,zhìlì
窗户,window,chuānghu
毛病,fault; defect; shortcomings; ailment,máobìng
装修,to decorate; interior decoration; to fit up; to renovate,zhuāngxiū
自豪,proud (of one's achievements etc),zìháo
便条,(informal) note,biàntiáo
核武器,nuclear weapon,héwǔqì
行走,to walk,xíngzǒu
毫不,hardly; not in the least; not at all,háobù
太阳能,solar energy,tàiyángnéng
出境,to leave a country or region; outbound (tourism),chūjìng
表态,to declare one's position; to say where one stands,biǎotài
过年,to celebrate the Chinese New Year,guònián
防守,to defend; to protect (against),fángshǒu
会晤,to meet; meeting; conference,huìwù
发觉,to become aware; to detect; to realize; to perceive,fājué
蝴蝶,butterfly,húdié
跨国,transnational; multinational,kuàguó
元首,head of state,yuánshǒu
极了,extremely; exceedingly,jíle
压抑,to constrain or repress emotions; oppressive; stifling; depressing; repression,yāyì
进度,pace; tempo; degree of progress (on project); work schedule,jìndù
雇主,employer,gùzhǔ
地步,stage; degree (to which a situation has evolved); situation; leeway,dìbù
水面,water surface,shuǐmiàn
公认,publicly known (to be); accepted (as),gōngrèn
灯光,(stage) lighting; light,dēngguāng
光辉,radiance; glory; brilliant; magnificent,guānghuī
澄清,clear (of liquid); limpid; to clarify; to make sth clear; to be clear (about the facts),chéngqīng
大体,in general; more or less; in rough terms; basically; on the whole; overall situation; the big picture; (Tw) remains (of a dead person),dàtǐ
塑造,"to model; to mold; (fig.) to create (a character, a market, an image etc); (literature) to portray (in words)",sùzào
出动,to start out on a trip; to dispatch troops,chūdòng
修理,to repair; to fix; to prune; to trim; (coll.) to sort sb out; to fix sb,xiūlǐ
变为,to change into,biànwéi
日后,sometime; someday (in the future),rìhòu
适宜,suitable; appropriate,shìyí
束缚,to bind; to restrict; to tie; to commit; fetters,shùfù
电器,(electrical) appliance; device,diànqì
皇室,royal family; imperial household; member of the royal family,huángshì
扫描,to scan,sǎomiáo
球场,stadium; sports ground; court; pitch; field; golf course,qiúchǎng
当场,at the scene; on the spot,dāngchǎng
看上去,it would appear; it seems (that),kànshangqu
外星人,space alien; extraterrestrial,wàixīngrén
戏曲,Chinese opera,xìqǔ
海水,seawater,hǎishuǐ
回避,to shun; to avoid (sb); to skirt; to evade (an issue); to step back; to withdraw; to recuse (a judge etc),huíbì
电车,trolleybus,diànchē
下级,low ranking; low level; underclass; subordinate,xiàjí
商量,to consult; to talk over; to discuss,shāngliang
处女,virgin; maiden; inaugural,chǔnǚ
前辈,senior; older generation; precursor,qiánbèi
殴打,to beat up; to come to blows; battery (law),ōudǎ
参谋,staff officer; to give advice,cānmóu
看好,to keep an eye on,kānhǎo
高涨,to surge up; to rise; (of tensions etc) to run high,gāozhǎng
星星,star in the sky,xīngxing
化解,to dissolve; to resolve (contradictions); to dispel (doubts); to iron out (difficulties); to defuse (conflicts); to neutralize (fears),huàjiě
底层,ground or first floor; bottom (of a pile); lowest rung (of society),dǐcéng
来讲,as to; considering; for,láijiǎng
一身,whole body; from head to toe; single person; a suit of clothes,yīshēn
大爷,arrogant idler; self-centered show-off,dàyé
树木,tree,shùmù
服用,to take (medicine),fúyòng
旅程,journey; trip,lǚchéng
邮政,postal service; postal,yóuzhèng
经由,via,jīngyóu
据悉,according to reports; it is reported (that),jùxī
可谓,it could even be said,kěwèi
一再,repeatedly,yīzài
恰当,appropriate; suitable,qiàdàng
哪怕,even; even if; even though; no matter how,nǎpà
阻挡,to stop; to resist; to obstruct,zǔdǎng
通行,to go through; to pass through; to be in general use,tōngxíng
充实,rich; full; substantial; to enrich; to augment; to substantiate (an argument),chōngshí
疗法,therapy; treatment,liáofǎ
纲领,program (i.e. plan of action); guiding principle,gānglǐng
分数,(exam) grade; mark; score; fraction,fēnshù
教科书,textbook,jiàokēshū
景象,scene; sight (to behold),jǐngxiàng
概况,general situation; summary,gàikuàng
陷阱,pitfall; snare; trap,xiànjǐng
自发,spontaneous,zìfā
受理,to accept to hear a case; to handle (a service),shòulǐ
出入,to go out and come in; entrance and exit; expenditure and income; discrepancy; inconsistent,chūrù
解开,to untie; to undo; to solve (a mystery),jiěkāi
灭绝,to extinguish; to become extinct; to die out,mièjué
常识,common sense; general knowledge,chángshí
持久,lasting; enduring; persistent; permanent; protracted; endurance; persistence; to last long,chíjiǔ
解答,answer; explanation; solution (to a math equation),jiědá
移植,to transplant,yízhí
轿车,enclosed carriage for carrying passengers; motor carriage; car or bus; limousine,jiàochē
重返,to return to,chóngfǎn
证人,witness,zhèngrén
好转,to improve; to take a turn for the better; improvement,hǎozhuǎn
不可思议,inconceivable (idiom); unimaginable; unfathomable,bùkěsīyì
放大,to enlarge; to magnify,fàngdà
悲惨,miserable; tragic,bēicǎn
损坏,to damage; to injure,sǔnhuài
车厢,carriage,chēxiāng
赶上,to keep up with; to catch up with; to overtake; to chance upon; in time for,gǎnshàng
立体,three-dimensional; solid; stereoscopic,lìtǐ
伪造,to forge; to fake; to counterfeit,wěizào
审美,esthetics; appreciating the arts; taste,shěnměi
艰苦,difficult; hard; arduous,jiānkǔ
空白,blank space,kòngbái
延迟,to delay; to postpone; to keep putting sth off; to procrastinate; (computing) to lag,yánchí
糖果,candy,tángguǒ
电动,electric-powered; (Tw) video game,diàndòng
平稳,smooth; steady,píngwěn
房产,real estate; the property market (e.g. houses),fángchǎn
判定,to judge; to decide; judgment; determination,pàndìng
异议,objection; dissent,yìyì
留学生,student studying abroad; (foreign) exchange student,liúxuéshēng
物业,"property; real estate; abbr. for 物業管理|物业管理[wu4 ye4 guan3 li3], property management",wùyè
堕落,to degrade; to degenerate; to become depraved; corrupt; a fall from grace,duòluò
赞美,to admire; to praise; to eulogize,zànměi
纪念碑,monument,jìniànbēi
视角,viewpoint; angle on sth; perspective,shìjiǎo
葡萄,grape,pútao
温泉,"Arishang Nahiyisi or Wenquan county in Börtala Mongol autonomous prefecture 博爾塔拉蒙古自治州|博尔塔拉蒙古自治州, Xinjiang",wēnquán
板块,slab; (geology) tectonic plate; (fig.) sector (of the stock market or of industry); (economic) bloc,bǎnkuài
僵尸,gyonshi; jiang shi; Chinese vampire; zombie,jiāngshī
见识,to gain first-hand knowledge of sth; to experience for oneself; knowledge; experience; insight,jiànshi
歌声,singing voice; fig. original voice of a poet,gēshēng
水晶,crystal,shuǐjīng
康复,to recuperate; to recover (health); to convalesce,kāngfù
哭泣,to weep,kūqì
嘴巴,mouth; slap in the face,zuǐba
导航,navigation,dǎoháng
摩托车,motorbike; motorcycle (loanword),mótuōchē
上司,boss; superior,shàngsi
降临,to descend; to arrive; to come,jiànglín
会面,to meet with; meeting,huìmiàn
奇妙,fantastic; wonderful,qímiào
比重,proportion; specific gravity,bǐzhòng
客机,passenger plane,kèjī
常态,normal state,chángtài
老鼠,rat; mouse,lǎoshǔ
难怪,(it's) no wonder (that...); (it's) not surprising (that),nánguài
业主,owner; proprietor,yèzhǔ
携手,hand in hand; to join hands; to collaborate,xiéshǒu
明日,tomorrow,míngrì
岩石,rock,yánshí
中立,neutral; neutrality,zhōnglì
沮丧,dispirited; dejected; dismayed,jǔsàng
得分,to score,défēn
尽头,end; extremity; limit,jìntóu
黑白,black and white; right and wrong; monochrome,hēibái
看似,to look as if; to seem,kànsì
薪水,salary; wage,xīnshuǐ
亲吻,to kiss; kiss,qīnwěn
走廊,corridor; aisle; hallway; passageway; veranda,zǒuláng
纤维,fiber,xiānwéi
变换,to transform; to convert; to vary; to alternate; a transformation,biànhuàn
自私,selfish; selfishness,zìsī
笨蛋,fool; idiot,bèndàn
津贴,allowance,jīntiē
必需,to need; to require; essential; indispensable,bìxū
运动会,sports competition,yùndònghuì
钓鱼,to fish (with line and hook); to dupe,diàoyú
鞋子,shoe,xiézi
盒子,box; case,hézi
晚餐,evening meal; dinner,wǎncān
处在,to be situated at; to find oneself at,chǔzài
无情,pitiless; ruthless; merciless; heartless,wúqíng
火焰,blaze; flame,huǒyàn
追究,to investigate; to look into,zhuījiū
换成,to exchange (sth) for (sth else); to replace with; to convert into,huànchéng
道具,prop (theater); paraphernalia; (gaming) item; artifact,dàojù
奖学金,scholarship,jiǎngxuéjīn
恐怖主义,terrorism,kǒngbùzhǔyì
动摇,to sway; to waver; to rock; to rattle; to destabilize; to pose a challenge to,dòngyáo
听众,audience; listeners,tīngzhòng
无形,incorporeal; virtual; formless; invisible (assets); intangible,wúxíng
发电机,electricity generator; dynamo,fādiànjī
公务,official business,gōngwù
楼梯,stair; staircase,lóutī
酒精,alcohol; ethanol CH3CH2OH; ethyl alcohol; also written 乙醇; grain alcohol,jiǔjīng
气息,breath; smell; odor; flavor,qìxī
货车,truck; van; freight wagon,huòchē
皇上,the emperor; Your majesty the emperor; His imperial majesty,huángshang
夺得,to take (after a struggle); to wrest; to seize; to capture; to win (a trophy),duódé
交付,to hand over; to deliver,jiāofù
勋章,medal; decoration,xūnzhāng
防卫,to defend; defensive; defense,fángwèi
破解,"to break (a bond, constraint etc); to explain; to unravel; to decipher; to decode; to crack (software)",pòjiě
身心,body and mind; mental and physical,shēnxīn
彩虹,rainbow,cǎihóng
促成,to facilitate; to effect,cùchéng
合资,joint venture,hézī
本性,natural instincts; nature; inherent quality,běnxìng
幼稚,young; childish; puerile,yòuzhì
精心,with utmost care; fine; meticulous; detailed,jīngxīn
巡逻,"to patrol (police, army or navy)",xúnluó
对称,symmetry; symmetrical,duìchèn
出资,to fund; to put money into sth; to invest,chūzī
扭转,to reverse; to turn around (an undesirable situation); (mechanics) torsion,niǔzhuǎn
玛丽,Mary or Marie (name); Mali,mǎlì
宣扬,to proclaim; to make public or well known,xuānyáng
留意,to be mindful; to pay attention to; to take note of,liúyì
兑现,(of a check etc) to cash; to honor a commitment,duìxiàn
取决于,N/A,N/A
墓地,cemetery; graveyard,mùdì
要点,main point; essential,yàodiǎn
执照,license; permit,zhízhào
倒是,contrary to what one might expect; actually; contrariwise; why don't you,dàoshi
棒球,baseball,bàngqiú
来访,to pay a visit,láifǎng
拿走,to take away,názǒu
包容,to pardon; to forgive; to show tolerance; to contain; to hold; inclusive,bāoróng
典范,model; example; paragon,diǎnfàn
节能,to save energy; energy-saving,jiénéng
亲切,amiable; cordial; close and dear; familiar,qīnqiè
称赞,to praise; to acclaim; to commend; to compliment,chēngzàn
重申,to reaffirm; to reiterate,chóngshēn
后台,backstage area; behind-the-scenes supporter; (computing) back-end; background,hòutái
共计,to sum up to; to total,gòngjì
产地,source (of a product); place of origin; manufacturing location,chǎndì
蛋白质,protein,dànbáizhì
布什,"Bush (name); George H.W. Bush (1924-2018), US president 1988-1992; George W. Bush (1946-), US President 2000-2008",bùshí
长远,long-term; long-range,chángyuǎn
激光,laser,jīguāng
平日,ordinary day; everyday; ordinarily; usually,píngrì
父子,father and son,fùzǐ
热心,enthusiasm; zeal; zealous; zest; enthusiastic; ardent; warmhearted,rèxīn
聘请,to engage; to hire (a lawyer etc),pìnqǐng
倒闭,to go bankrupt; to close down,dǎobì
逃跑,to flee from sth; to run away; to escape,táopǎo
减肥,to lose weight,jiǎnféi
招募,to recruit; to enlist,zhāomù
预约,booking; reservation; to book; to make an appointment,yùyuē
家具,furniture,jiājù
出路,a way out (lit. and fig.); opportunity for advancement; a way forward; outlet (for one's products),chūlù
演习,maneuver; exercise; practice; to maneuver,yǎnxí
再现,to recreate; to reconstruct (a historical relic),zàixiàn
多余,superfluous; unnecessary; surplus,duōyú
固然,admittedly (it's true that...),gùrán
摩擦,friction; rubbing; chafing; fig. disharmony; conflict; also written 磨擦,mócā
调解,to mediate; to bring parties to an agreement,tiáojiě
名额,"quota; number of places; place (in an institution, a group etc)",míngé
汇集,to collect; to compile; to converge; also written 彙集|汇集[hui4 ji2],huìjí
录制,to record (video or audio),lùzhì
插入,to insert; to stick; to thrust,chārù
赛车,auto race; cycle race; race car,sàichē
倾听,to listen attentively,qīngtīng
无能,incompetence; inability; incapable; powerless,wúnéng
户籍,census register; household register,hùjí
幸好,fortunately,xìnghǎo
同伴,companion; comrade; fellow,tóngbàn
了不起,amazing; terrific; extraordinary,liǎobuqǐ
多半,most; mostly; most likely,duōbàn
行情,market price; quotation of market price; the current market situation,hángqíng
狠狠,resolutely; firmly; ferociously; ruthlessly,hěnhěn
半夜,midnight; in the middle of the night,bànyè
批发,wholesale; bulk trade; distribution,pīfā
风俗,social custom,fēngsú
发光,to shine,fāguāng
传染,to infect; contagious,chuánrǎn
统筹,an overall plan; to plan an entire project as a whole,tǒngchóu
号称,to be known as; to be nicknamed; to be purportedly; to claim (often exaggeratedly or falsely),hàochēng
推迟,to postpone; to put off; to defer,tuīchí
展出,to put on display; to be on show; to exhibit,zhǎnchū
治愈,to cure,zhìyù
体力,physical strength; physical power,tǐlì
恐慌,panic; panicky; panic-stricken,kǒnghuāng
届时,when the time comes; at the scheduled time,jièshí
疯子,madman; lunatic,fēngzi
春季,springtime,chūnjì
上空,overhead; in the sky,shàngkōng
借助,to draw support from; with the help of,jièzhù
终究,in the end; after all is said and done,zhōngjiū
召唤,to summon; to beckon; to call,zhàohuàn
事宜,matters; arrangements,shìyí
泄漏,(of a liquid or gas) to leak; to divulge (a secret); to leak,xièlòu
名声,reputation,míngshēng
联手,lit. to join hands; to act together,liánshǒu
售价,selling price,shòujià
良心,conscience,liángxīn
以致,to such an extent as to; down to; up to,yǐzhì
向来,always (previously),xiànglái
安心,at ease; to feel relieved; to set one's mind at rest; to keep one's mind on sth,ānxīn
过往,to come and go; to have friendly relations with; in the past; previous,guòwǎng
羡慕,to envy; to admire,xiànmù
器材,equipment; material,qìcái
通车,"to open to traffic (e.g. new bridge, rail line etc); (of a locality) to have a transportation service; (Tw) to commute",tōngchē
限度,limitation; limit,xiàndù
雇佣,to employ; to hire,gùyōng
征求,"to solicit; to seek; to request (opinions, feedback etc); to petition",zhēngqiú
视察,to inspect; an investigation,shìchá
有毒,poisonous,yǒudú
改装,to change one's costume; to repackage; to remodel; to refit; to modify; to convert,gǎizhuāng
求助,to request help; to appeal (for help),qiúzhù
推销,to market; to sell,tuīxiāo
步伐,pace; (measured) step; march,bùfá
辅导,to give guidance; to mentor; to counsel; to coach; to tutor,fǔdǎo
昂贵,expensive; costly,ángguì
瘫痪,"paralysis; be paralyzed (body, transportation, etc)",tānhuàn
胡锦涛,"Hu Jintao (1942-), General Secretary of the CCP 2002-2012, president of the PRC 2003-2013",hújǐntāo
养成,to cultivate; to raise; to form (a habit); to acquire,yǎngchéng
帐篷,tent,zhàngpeng
迟到,to arrive late,chídào
订单,(purchase) order,dìngdān
平凡,commonplace; ordinary; mediocre,píngfán
同类,similar; same type; alike,tónglèi
键盘,keyboard,jiànpán
归属,to belong to; to be affiliated to; to fall under the jurisdiction of; a place where one feels that one belongs; one's final destination (where one need look no further),guīshǔ
师生,teachers and students,shīshēng
站台,platform (at a railway station),zhàntái
八卦,the eight divinatory trigrams of the Book of Changes 易經|易经[Yi4 jing1]; gossip; gossipy,bāguà
对照,to contrast; to compare; to place side by side for comparison (as parallel texts); to check,duìzhào
语气,tone; manner of speaking; mood,yǔqì
字体,calligraphic style; typeface; font,zìtǐ
下游,lower reaches (of a river); lower level; lower echelon; downstream,xiàyóu
何处,whence; where,héchù
官兵,officers and men,guānbīng
拆迁,to demolish a building and relocate the inhabitants,chāiqiān
削减,to cut down; to reduce; to lower,xuējiǎn
巨额,large sum (of money); a huge amount,jùé
从业,to practice (a trade),cóngyè
掩饰,to cover up; to conceal; to mask; to gloss over,yǎnshì
爵士,knight; Sir; (loanword) jazz,juéshì
悠久,"long (tradition, history etc)",yōujiǔ
演绎,(of a story etc) to unfold; to play out; to develop (a technique etc); to enact; (logic) to deduce; to infer,yǎnyì
终点,the end; end point; finishing line (in a race); destination; terminus,zhōngdiǎn
揭开,to uncover; to open,jiēkāi
困惑,bewildered; perplexed; confused; difficult problem; perplexity,kùnhuò
归来,N/A,N/A
绿化,to make green with plants; to reforest; (Internet slang) Islamization,lǜhuà
饥饿,hunger; starvation; famine,jīè
探测,to probe; to take readings; to explore; exploration,tàncè
动用,to utilize; to put sth to use,dòngyòng
放过,to let off; to let slip by; to let sb get away with sth,fàngguò
航行,to sail; to fly; to navigate,hángxíng
复苏,"to recover (health, economic); to resuscitate; anabiosis",fùsū
缓和,to ease (tension); to alleviate; to moderate; to allay; to make more mild,huǎnhé
财物,property; belongings,cáiwù
依托,to rely on; to depend on; support,yītuō
混凝土,concrete,hùnníngtǔ
付款,to pay a sum of money; payment,fùkuǎn
中旬,middle third of a month,zhōngxún
震动,to shake; to vibrate; to strongly affect; shock; vibration,zhèndòng
带头,to take the lead; to be the first; to set an example,dàitóu
流血,to bleed; to shed blood,liúxuè
繁殖,to breed; to reproduce; to propagate,fánzhí
肌肤,skin; flesh; fig. close physical relationship,jīfū
晋升,to promote to a higher position,jìnshēng
其间,in between; within that interval; in the meantime,qíjiān
秋天,autumn,qiūtiān
热闹,bustling with noise and excitement; lively,rènao
外地,parts of the country other than where one is,wàidì
词语,word (general term including monosyllables through to short phrases); term (e.g. technical term); expression,cíyǔ
香烟,cigarette; smoke from burning incense,xiāngyān
猴子,monkey,hóuzi
何必,there is no need; why should,hébì
来源于,to originate in,láiyuányú
狂热,zealotry; fanatical; feverish,kuángrè
惯例,convention; usual practice,guànlì
素材,source material (in literature and art),sùcái
整整,whole; full,zhěngzhěng
晋级,to advance in rank; promotion; advancement,jìnjí
雕塑,a statue; a Buddhist image; sculpture; to carve,diāosù
不适,unwell; indisposed; out of sorts,bùshì
剧烈,violent; acute; severe; fierce,jùliè
归还,to return sth; to revert,guīhuán
航天,space flight,hángtiān
大妈,father's elder brother's wife; aunt (affectionate term for an elderly woman),dàmā
喜悦,happy; joyous,xǐyuè
上游,upper reaches (of a river); upper level; upper echelon; upstream,shàngyóu
奶粉,powdered milk,nǎifěn
称作,to be called; to be known as,chēngzuò
搜寻,to search; to look for,sōuxún
水利,water conservancy; irrigation works,shuǐlì
虚构,to make up; fabrication; fictional; imaginary,xūgòu
恐吓,to threaten; to menace,kǒnghè
造就,to bring up; to train; to contribute to; achievements (usually of young people),zàojiù
陪伴,to accompany,péibàn
团长,regimental command; head of a delegation,tuánzhǎng
开业,to open a business; to open a practice; open (for business),kāiyè
功率,rate of work; power (output),gōnglǜ
贪婪,avaricious; greedy; rapacious; insatiable; avid,tānlán
灰色,gray; ash gray; grizzly; pessimistic; gloomy; dispirited; ambiguous,huīsè
信誉,prestige; distinction; reputation; trust,xìnyù
光线,light ray; light; illumination; lighting (for a photograph),guāngxiàn
散发,to distribute; to emit; to issue,sànfā
幅度,width; extent; range; scope,fúdù
裁定,ruling,cáidìng
闪电,lightning,shǎndiàn
百分点,percentage point,bǎifēndiǎn
份额,share; portion,fèné
涌现,to emerge in large numbers; to spring up; to emerge prominently,yǒngxiàn
小伙子,young man; young guy; lad; youngster,xiǎohuǒzi
议论,to comment; to talk about; to discuss; discussion,yìlùn
心意,regard; kindly feelings; intention,xīnyì
卡片,card,kǎpiàn
交叉,to cross; to intersect; to overlap,jiāochā
壮大,to expand; to strengthen,zhuàngdà
填补,to fill a gap; to fill in a blank (on a form); to overcome a deficiency,tiánbǔ
直线,straight line; sharply (rise or fall),zhíxiàn
警官,constable; police officer,jǐngguān
参照,to consult a reference; to refer to (another document),cānzhào
普通话,Mandarin (common language); Putonghua (common speech of the Chinese language); ordinary speech,pǔtōnghuà
预告,to forecast; to predict; advance notice,yùgào
屋子,house; room,wūzi
宽容,lenient; tolerant; indulgent; charitable; to forgive,kuānróng
迄今,so far; to date; until now,qìjīn
忠实,faithful,zhōngshí
容忍,to put up with; to tolerate,róngrěn
主页,home page,zhǔyè
高原,plateau,gāoyuán
可悲,lamentable,kěbēi
宁可,preferably; one would prefer to...(or not to...); would rather; (would) be better to; (to pick) the lesser of two evils,nìngkě
严密,"strict; tight (organization, surveillance etc)",yánmì
行人,pedestrian; traveler on foot; passer-by; official responsible for arranging audiences with the emperor,xíngrén
瀑布,waterfall,pùbù
感冒,to catch cold; (common) cold; (coll.) to be interested in (often used in the negative); (Tw) to detest; can't stand,gǎnmào
内存,internal storage; computer memory; random access memory (RAM),nèicún
局限,to limit; to confine; to restrict sth within set boundaries,júxiàn
再生,to be reborn; to regenerate; to be a second so-and-so (famous dead person); recycling; regeneration,zàishēng
凝聚,to condense; to coagulate; coacervation (i.e. form tiny droplets); aggregation; coherent,níngjù
书面,in writing; written,shūmiàn
风波,disturbance; crisis; disputes; restlessness,fēngbō
崭新,brand new,zhǎnxīn
点燃,to ignite; to set on fire; aflame,diǎnrán
牌子,sign; trademark; brand,páizi
过时,old-fashioned; out of date; to be later than the time stipulated or agreed upon,guòshí
念头,thought; idea; intention,niàntou
打断,to interrupt; to break off; to break (a bone),dǎduàn
红旗,"Hongqi district of Xinxiang city 新鄉市|新乡市[Xin1 xiang1 shi4], Henan",hóngqí
书法,calligraphy; handwriting; penmanship,shūfǎ
虚伪,false; hypocritical; artificial; sham,xūwěi
揭示,to show; to make known,jiēshì
夺冠,to seize the crown; fig. to win a championship; to win gold medal,duóguàn
进出,to enter or exit; to go through,jìnchū
维生素,vitamin,wéishēngsù
本事,source material; original story,běnshì
粉碎,to crush; to smash; to shatter,fěnsuì
知识产权,intellectual property rights (law),zhīshichǎnquán
童话,children's fairy tales,tónghuà
引领,to crane one's neck; to await eagerly; to lead; to show the way,yǐnlǐng
流失,"(of soil etc) to wash away; to be eroded; (fig.) (of talented staff, followers of a religious faith, investment funds etc) to go elsewhere; to fail to be retained",liúshī
低下,low status; lowly; to lower (one's head),dīxià
起草,to make a draft; to draw up (plans),qǐcǎo
无敌,unequalled; without rival; a paragon,wúdí
子宫,uterus; womb,zǐgōng
投机,to speculate (on financial markets); opportunistic; congenial; agreeable,tóujī
多年来,for the past many years,duōniánlái
报刊,newspapers and periodicals; the press,bàokān
配件,component; part; fitting; accessory; replacement part,pèijiàn
恐龙,dinosaur; (slang) ugly person,kǒnglóng
体育场,stadium,tǐyùchǎng
列举,a list; to list; to enumerate,lièjǔ
确信,to be convinced; to be sure; to firmly believe; to be positive that; definite news,quèxìn
解雇,to fire; to sack; to dismiss; to terminate employment,jiěgù
俄语,Russian (language),éyǔ
开发商,"developer (of real estate, a commercial product etc)",kāifāshāng
掩护,to screen; to shield; to cover; protection; cover,yǎnhù
气味,odor; scent,qìwèi
本能,instinct,běnnéng
华丽,gorgeous,huálì
定居,"to settle (in some city, country etc); to take up residence",dìngjū
除外,to exclude; not including sth (when counting or listing); except for,chúwài
复合,(of people who were estranged) to be reconciled; (of a couple) to get back together,fùhé
挽救,to save; to remedy; to rescue,wǎnjiù
栏目,regular column or segment (in a publication or broadcast program); program (TV or radio),lánmù
国情,the characteristics and circumstances particular to a country; current state of a country,guóqíng
简易,simple and easy; simplistic; simplicity,jiǎnyì
兔子,hare; rabbit,tùzi
小人,"person of low social status (old); I, me (used to refer humbly to oneself); nasty person; vile character",xiǎorén
信赖,to trust; to have confidence in; to have faith in; to rely on,xìnlài
落地,to fall to the ground; to be set on the ground; to reach to the ground; to be born; (of a plane) to land,luòdì
借鉴,to draw on (others' experience); to learn from (how others do things); lesson to be learned (by observing others),jièjiàn
解说,to explain; to comment,jiěshuō
暴雨,torrential rain; rainstorm,bàoyǔ
受益,to benefit from; profit,shòuyì
骨干,diaphysis (long segment of a bone); fig. backbone,gǔgàn
摇滚,rock 'n' roll (music); to rock; to fall off,yáogǔn
客厅,drawing room (room for arriving guests); living room,kètīng
报仇,to take revenge; to avenge,bàochóu
缺席,absence; absent,quēxí
裙子,skirt,qúnzi
表格,form; table,biǎogé
内幕,inside story; non-public information; behind the scenes; internal,nèimù
事迹,deed; past achievement; important event of the past,shìjì
迫切,urgent; pressing,pòqiè
烧毁,to burn; to burn down,shāohuǐ
颠覆,"to topple (i.e. knock over); to capsize; fig. to overturn (a regime, by plotting or subversion); to undermine; to subvert",diānfù
测验,test; to test,cèyàn
轨迹,locus; orbit; trajectory; track,guǐjì
城墙,city wall,chéngqiáng
雇员,employee,gùyuán
灾区,disaster area; stricken region,zāiqū
快递,express delivery,kuàidì
打印,to affix a seal; to stamp; to print out (with a printer),dǎyìn
缘故,reason; cause,yuángù
橡胶,rubber; caoutchouc,xiàngjiāo
体质,constitution,tǐzhì
首批,N/A,N/A
战友,comrade-in-arms; battle companion,zhànyǒu
地形,topography; terrain; landform,dìxíng
好久,quite a while,hǎojiǔ
首府,capital city of an autonomous region,shǒufǔ
况且,moreover; besides; in addition; furthermore,kuàngqiě
致敬,to salute; to pay one's respects to; to pay tribute to; to pay homage to,zhìjìng
接纳,to admit (to membership),jiēnà
挫折,setback; reverse; check; defeat; frustration; disappointment; to frustrate; to discourage; to set sb back; to blunt; to subdue,cuòzhé
鼓舞,heartening (news); to boost (morale),gǔwǔ
救济,emergency relief; to help the needy with cash or goods,jiùjì
住院,to be in hospital; to be hospitalized,zhùyuàn
衍生,to give rise to; to derive; derivative; derivation,yǎnshēng
乘坐,to ride (in a vehicle),chéngzuò
刻意,meticulous; painstaking; deliberate,kèyì
迷人,fascinating; enchanting; charming; tempting,mírén
悲哀,grieved; sorrowful,bēiāi
容纳,to hold; to contain; to accommodate; to tolerate (different opinions),róngnà
消极,negative; passive; inactive,xiāojí
友人,friend,yǒurén
不便,inconvenient; inappropriate; unsuitable; short of cash,bùbiàn
残疾,disabled; handicapped; deformity on a person or animal,cánjí
三角,triangle,sānjiǎo
光芒,rays of light; brilliant rays; radiance,guāngmáng
集资,to raise money; to accumulate funds,jízī
推理,reasoning; inference; to infer; to deduce,tuīlǐ
产权,property right,chǎnquán
减弱,to weaken; to fall off,jiǎnruò
套餐,set meal; product or service package (e.g. for a cell phone subscription),tàocān
脂肪,"fat (in the body, in a plant, or in food)",zhīfáng
放置,to put,fàngzhì
图形,picture; figure; diagram; graph; depiction; graphical,túxíng
珍惜,to treasure; to value; to cherish,zhēnxī
税务,taxation services; state revenue service,shuìwù
软弱,weak; feeble; flabby,ruǎnruò
碰撞,to collide; collision,pèngzhuàng
互助,"Huzhu Tuzu autonomous county in Haidong prefecture 海東地區|海东地区[Hai3 dong1 di4 qu1], Qinghai",hùzhù
厨师,cook; chef,chúshī
肩膀,shoulder,jiānbǎng
收看,to watch (a TV program),shōukàn
英勇,heroic; gallant; valiant,yīngyǒng
入选,to be chosen; to be elected as,rùxuǎn
想不到,unexpected; hard to imagine; it had not occurred to me; who could have thought that,xiǎngbudào
构想,to conceive; concept,gòuxiǎng
议程,agenda; agenda item,yìchéng
乡下,countryside; rural area,xiāngxia
来往,to come and go; to have dealings with; to be in relation with,láiwǎng
抨击,to attack (verbally or in writing),pēngjī
陆地,dry land (as opposed to the sea),lùdì
畅销,to sell well; best seller; chart-topping,chàngxiāo
抽烟,"to smoke (a cigarette, tobacco)",chōuyān
选用,to choose for some purpose; to select and use,xuǎnyòng
猛烈,fierce; violent (criticism etc),měngliè
怪异,monstrous; strange; strange phenomenon,guàiyì
病情,state of an illness; patient's condition,bìngqíng
拳头,fist; clenched fist; competitive (product),quántou
坚守,to hold fast to; to stick to,jiānshǒu
后勤,logistics,hòuqín
猎人,hunter,lièrén
许可证,license; authorization; permit,xǔkězhèng
枢纽,hub (e.g. of traffic network); hinge; pivot; fulcrum,shūniǔ
拨款,to allocate funds; appropriation,bōkuǎn
歌剧,Western opera,gējù
数码,number; numerals; figures; digital; amount; numerical code,shùmǎ
老年,elderly; old age; autumn of one's years,lǎonián
均衡,equal; balanced; harmony; equilibrium,jūnhéng
噪音,rumble; noise; static (in a signal),zàoyīn
心脏病,heart disease,xīnzàngbìng
否决,to veto; to overrule,fǒujué
丢脸,to lose face; humiliation,diūliǎn
英寸,inch (unit of length equal to 2.54 cm.),yīngcùn
高低,"height; altitude (aviation); pitch (music); ups and downs (success or failure); whether sth is right or wrong; comparative strength, weight, depth, stature; (spoken interjection) anyway, whatever; eventually, in the end",gāodī
吉他,guitar (loanword),jítā
盛大,grand; majestic; magnificent; Shanda Entertainment (PRC computer game company),shèngdà
延期,to delay; to extend; to postpone; to defer,yánqī
恰好,"as it turns out; by lucky coincidence; (of number, time, size etc) just right",qiàhǎo
分辨,to distinguish; to differentiate; to resolve,fēnbiàn
务实,pragmatic; dealing with concrete issues,wùshí
通话,to hold a conversation; to talk over the telephone; phone call,tōnghuà
祖父,father's father; paternal grandfather,zǔfù
时段,time interval; work shift; time slot; the twelve two-hour divisions of the day,shíduàn
吵架,to quarrel; to have a row; quarrel,chǎojià
交代,to hand over; to explain; to make clear; to brief (sb); to account for; to justify oneself; to confess; (coll.) to finish,jiāodài
处长,department head; section chief,chùzhǎng
感叹,to sigh (with feeling); to lament,gǎntàn
赞扬,to praise; to approve of; to show approval,zànyáng
让步,to concede; to give in; to yield; a concession; (linguistics) concessive,ràngbù
前所未有,unprecedented,qiánsuǒwèiyǒu
珍珠,pearl,zhēnzhū
蔓延,to extend; to spread,mànyán
说谎,to lie; to tell an untruth,shuōhuǎng
高大,tall; lofty,gāodà
轮胎,tire; pneumatic tire,lúntāi
硬币,coin,yìngbì
不妨,there is no harm in; might as well,bùfáng
名牌,famous brand; nameplate; name tag,míngpái
昔日,former days; in the past,xīrì
生前,(of a deceased) during one's life; while living,shēngqián
侦查,to detect; to investigate,zhēnchá
向往,to yearn for; to look forward to,xiàngwǎng
扶持,to help; to assist,fúchí
侧面,lateral side; side; aspect; profile,cèmiàn
礼仪,etiquette; ceremony,lǐyí
人造,man-made; artificial; synthetic,rénzào
倒霉,to have bad luck; to be out of luck,dǎoméi
小偷,thief,xiǎotōu
尾巴,tail; colloquial pr. [yi3 ba5],wěiba
嫉妒,to be jealous; to envy; to hate,jídù
滋味,taste; flavor; feeling,zīwèi
租金,rent,zūjīn
开关,power switch; gas valve; to open the city (or frontier) gate; to open and close; to switch on and off,kāiguān
寺庙,temple; monastery; shrine,sìmiào
采纳,to accept; to adopt,cǎinà
撒谎,to tell lies,sāhuǎng
血管,vein; artery,xuèguǎn
直觉,intuition,zhíjué
胜出,N/A,N/A
伪装,to pretend to be (asleep etc); to disguise oneself as; pretense; disguise; (military) to camouflage; camouflage,wěizhuāng
前方,ahead; the front,qiánfāng
声誉,reputation; fame,shēngyù
裸体,naked,luǒtǐ
多媒体,multimedia,duōméitǐ
旅行社,travel agency,lǚxíngshè
势必,to be bound to; undoubtedly will,shìbì
格外,especially; particularly,géwài
打扰,to disturb; to bother; to trouble,dǎrǎo
显现,appearance; to appear,xiǎnxiàn
体积,volume; bulk,tǐjī
卧室,bedroom,wòshì
接连,on end; in a row; in succession,jiēlián
豆腐,tofu; bean curd,dòufu
限定,to restrict to; to limit,xiàndìng
嫌疑人,a suspect,xiányírén
化妆品,cosmetic; makeup product,huàzhuāngpǐn
民俗,popular custom,mínsú
图表,chart; diagram,túbiǎo
圆满,satisfactory; consummate; perfect,yuánmǎn
答复,to answer; to reply; Reply to: (in email header),dáfù
熊猫,panda,xióngmāo
传言,rumor; hearsay,chuányán
制成,to manufacture; to turn out (a product),zhìchéng
有事,to be occupied with sth; to have sth on one's mind; there is something the matter,yǒushì
突击,sudden and violent attack; assault; fig. rushed job; concentrated effort to finish a job quickly,tūjī
经贸,trade,jīngmào
打架,to fight; to scuffle; to come to blows,dǎjià
疏散,to scatter; to disperse; to evacuate; scattered; to relax,shūsàn
宫殿,palace,gōngdiàn
就是说,in other words; that is,jiùshìshuō
十足,ample; complete; hundred percent; a pure shade (of some color),shízú
发财,to get rich,fācái
过敏,oversensitive; allergic; allergy,guòmǐn
桃花,peach blossom; (fig.) love affair,táohuā
老是,always,lǎoshi
浓厚,"dense; thick (fog, clouds etc); to have a strong interest in; deep; fully saturated (color)",nónghòu
严谨,rigorous; strict; careful; cautious; compact; well-knit,yánjǐn
支柱,mainstay; pillar; prop; backbone,zhīzhù
昆虫,insect,kūnchóng
阵容,troop arrangement; battle formation; lineup (of a sports team etc),zhènróng
私下,in private,sīxià
污水,sewage,wūshuǐ
墙壁,wall,qiángbì
革新,to innovate; innovation,géxīn
点子,spot; point; dot; speck; drop (of liquid); droplet; point (of argument); idea; crux; indication; pointer,diǎnzi
南极,south pole,nánjí
视线,line of sight,shìxiàn
比喻,to compare; to liken to; metaphor; analogy; figure of speech; figuratively,bǐyù
组长,group leader,zǔzhǎng
低头,to bow the head; to yield; to give in,dītóu
复活,to revive; (lit. and fig.) to come back to life; (religion) resurrection,fùhuó
不已,endlessly; incessantly,bùyǐ
吸烟,to smoke,xīyān
望远镜,binoculars; telescope,wàngyuǎnjìng
受害人,victim,shòuhàirén
上门,"to drop in; to visit; to lock a door; (of a shop) to close; to go and live with one's wife's family, in effect becoming a member of her family",shàngmén
必将,inevitably,bìjiāng
净化,to purify,jìnghuà
身旁,N/A,N/A
结尾,ending; coda; to wind up,jiéwěi
宝石,precious stone; gem,bǎoshí
散文,prose; essay,sǎnwén
偿还,to repay; to reimburse,chánghuán
出炉,to take out of the furnace; fresh out of the oven; fig. newly announced; recently made available,chūlú
预订,to place an order; to book ahead,yùdìng
开发区,development zone,kāifāqū
风气,general mood; atmosphere; common practice,fēngqì
月球,the moon,yuèqiú
星座,constellation; astrological sign,xīngzuò
央行,"abbr. for various central banks, notably 中國人民銀行|中国人民银行[Zhong1 guo2 Ren2 min2 Yin2 hang2] and 中央銀行|中央银行[Zhong1 yang1 Yin2 hang2]",yāngháng
休假,to take a vacation; to go on holiday,xiūjià
增添,to add; to increase,zēngtiān
赠送,to present as a gift,zèngsòng
前锋,vanguard; front line; a forward (sports),qiánfēng
报社,newspaper (i.e. a company),bàoshè
坚信,to believe firmly; without any doubt,jiānxìn
搬迁,to move; to relocate; removal,bānqiān
下一代,the next generation,xiàyīdài
促销,to promote sales,cùxiāo
招收,to hire; to recruit,zhāoshōu
军舰,warship; military naval vessel,jūnjiàn
备受,to fully experience (good or bad),bèishòu
耻辱,disgrace; shame; humiliation,chǐrǔ
失效,to fail; to lose effectiveness,shīxiào
拼命,to do one's utmost; with all one's might; at all costs; (to work or fight) as if one's life depends on it,pīnmìng
心目,mind,xīnmù
侵权,to infringe the rights of; to violate; infringement,qīnquán
散布,to disseminate,sànbù
保养,to take good care of (or conserve) one's health; to keep in good repair; to maintain; maintenance,bǎoyǎng
渔民,fisherman; fisher folk,yúmín
下手,to start; to put one's hand to; to set about; the seat to the right of the main guest,xiàshǒu
恰恰,exactly; just; precisely,qiàqià
解脱,to untie; to free; to absolve of; to get free of; to extirpate oneself; (Buddhism) to free oneself of worldly worries,jiětuō
盛行,to be in vogue; to be prevalent,shèngxíng
换取,to obtain (sth) in exchange; to exchange (sth) for (sth else),huànqǔ
葬礼,burial; funeral,zànglǐ
吃惊,to be startled; to be shocked; to be amazed,chījīng
实事求是,to seek truth from facts (idiom); to be practical and realistic,shíshìqiúshì
缺口,nick; jag; gap; shortfall,quēkǒu
占线,busy (telephone line),zhànxiàn
启蒙,to instruct the young,qǐméng
目睹,to witness; to see at first hand; to see with one's own eyes,mùdǔ
隐形,invisible,yǐnxíng
孤儿,orphan,gūér
同等,equal to; having the same social class or status,tóngděng
下岗,to come off sentry duty; to lay off (a worker); laid-off,xiàgǎng
公开信,open letter,gōngkāixìn
信奉,belief; to believe (in sth),xìnfèng
长征,Long March (retreat of the Red Army 1934-1935),chángzhēng
纳税,to pay taxes,nàshuì
搭乘,"to ride as a passenger; to travel by (car, plane etc)",dāchéng
笔记本,notebook (stationery); notebook (computing),bǐjìběn
华裔,ethnic Chinese; non-Chinese citizen of Chinese ancestry,huáyì
走势,tendency; trend; path,zǒushì
竞技,competition of skill (e.g. sports); athletics tournament,jìngjì
中药,(traditional) Chinese medicine,zhōngyào
升高,to raise; to ascend,shēnggāo
筛选,to filter,shāixuǎn
依次,in order; in succession,yīcì
广义,broad sense; general sense,guǎngyì
复习,to review; revision,fùxí
馒头,steamed roll; steamed bun; steamed bread,mántou
人身,person; personal; human body,rénshēn
悬挂,to suspend; to hang; (vehicle) suspension,xuánguà
头条,"Toutiao, personalized content recommendation app (abbr. for 今日頭條|今日头条[Jin1 ri4 Tou2 tiao2])",tóutiáo
精致,delicate; fine; exquisite; refined,jīngzhì
讲究,to pay particular attention to; carefully selected for quality; tastefully chosen,jiǎngjiu
会场,meeting place; place where people gather,huìchǎng
无条件,unconditional,wútiáojiàn
逃走,to escape; to flee; to run away,táozǒu
糖尿病,diabetes; diabetes mellitus,tángniàobìng
华语,Chinese language,huáyǔ
户外,outdoor,hùwài
躲避,to hide; to evade; to dodge; to take shelter; to avoid (difficulties),duǒbì
欢呼,to cheer for; to acclaim,huānhū
饲料,feed; fodder,sìliào
化妆,to put on makeup,huàzhuāng
大纲,synopsis; outline; program; leading principles,dàgāng
急剧,rapid; sudden,jíjù
宁静,tranquil; tranquility; serenity,níngjìng
县长,county's head commissioner,xiànzhǎng
外交官,diplomat,wàijiāoguān
理所当然,as it should be by rights (idiom); proper and to be expected as a matter of course; inevitable and right,lǐsuǒdāngrán
填写,to fill in a form; to write data in a box (on a questionnaire or web form),tiánxiě
合计,to add up the total; to figure what sth amounts to; to consider,héjì
深厚,deep; profound,shēnhòu
致富,to become rich,zhìfù
呵呵,(onom.) gentle laughter; chuckle,hēhē
不惜,not stint; not spare; not hesitate (to do sth); not scruple (to do sth),bùxī
耕地,arable land; to plow land,gēngdì
紧紧,closely; tightly,jǐnjǐn
寒冷,cold (climate); frigid; very cold,hánlěng
流向,N/A,N/A
改日,another day; some other day,gǎirì
俘虏,captive,fúlǔ
贬值,to become devaluated; to devaluate; to depreciate,biǎnzhí
丑陋,ugly,chǒulòu
充当,to serve as; to act as; to play the role of,chōngdāng
黎明,dawn; daybreak,límíng
反省,to reflect upon oneself; to examine one's conscience; to question oneself; to search one's soul,fǎnxǐng
孤单,lone; lonely; loneliness,gūdān
不宜,not suitable; inadvisable; inappropriate,bùyí
面子,"outer surface; outside; honor; reputation; face (as in ""losing face""); self-respect; feelings; (medicinal) powder",miànzi
女婿,daughter's husband; son-in-law,nǚxu
亲近,intimate; to get close to,qīnjìn
科普,popular science; popularization of science; abbr. of 科學普及|科学普及,kēpǔ
甜蜜,sweet; happy,tiánmì
武术,military skill or technique (in former times); all kinds of martial art sports (some claiming spiritual development); self-defense; tradition of choreographed fights from opera and film (recent usage); also called kungfu 功夫,wǔshù
清真寺,mosque,qīngzhēnsì
闯入,to intrude; to charge in; to gate-crash,chuǎngrù
衰退,to decline; to fall; to drop; to falter; a decline; recession (in economics),shuāituì
救灾,to relieve disaster; to help disaster victims,jiùzāi
用心,motive; intention; to be diligent or attentive; careful,yòngxīn
厂家,factory; factory owners,chǎngjiā
理财,financial management; finance,lǐcái
合作社,cooperative; workers' or agricultural producers' cooperative etc,hézuòshè
问候,to give one's respects; to send a greeting; (fig.) (coll.) to make offensive reference to (somebody dear to the person to whom one is speaking),wènhòu
曼谷,"Bangkok, capital of Thailand",màngǔ
失业率,unemployment rate,shīyèlǜ
内衣,undergarment; underwear,nèiyī
抗拒,to resist; to defy; to oppose,kàngjù
部件,part; component,bùjiàn
榜样,example; model,bǎngyàng
丢失,to lose; lost,diūshī
好笑,laughable; funny; ridiculous,hǎoxiào
票房,box office,piàofáng
挣钱,to make money,zhèngqián
热潮,upsurge; popular craze,rècháo
打仗,to fight a battle; to go to war,dǎzhàng
概括,to summarize; to generalize; briefly,gàikuò
耗费,to waste; to spend; to consume; to squander,hàofèi
呼唤,to call out (a name etc); to shout,hūhuàn
完备,faultless; complete; perfect; to leave nothing to be desired,wánbèi
梦见,to dream about (sth or sb); to see in a dream,mèngjiàn
座谈会,conference; symposium; rap session,zuòtánhuì
全场,everyone present; the whole audience; across-the-board; unanimously; whole duration (of a competition or match),quánchǎng
激起,to arouse; to evoke; to cause; to stir up,jīqǐ
疑惑,to doubt; to distrust; unconvincing; to puzzle over; misgivings; suspicions,yíhuò
化石,fossil,huàshí
冒犯,to offend,màofàn
贯穿,to run through; a connecting thread from beginning to end; to link,guànchuān
捕捉,to catch; to seize; to capture,bǔzhuō
联网,network; cyber-,liánwǎng
鲜血,blood,xiānxuè
学问,learning; knowledge,xuéwèn
信件,letter (sent by mail),xìnjiàn
匹配,to mate or marry; to match; matching; compatible,pǐpèi
搜查,to search,sōuchá
撞击,to strike; to hit; to ram,zhuàngjī
公安局,public security bureau (government office similar in function to a police station),gōngānjú
茶叶,tea; tea leaves,cháyè
残疾人,disabled person,cánjírén
高尚,noble; lofty; refined; exquisite,gāoshàng
明亮,bright; shining; glittering; to become clear,míngliàng
安抚,to placate; to pacify; to appease,ānfǔ
表彰,to honor; to commend; to cite (in dispatches),biǎozhāng
假定,to assume; to suppose; supposed; so-called; assumption; hypothesis,jiǎdìng
哲学家,philosopher,zhéxuéjiā
下场,"to leave (the stage, an exam room, the playing field etc); to take part in some activity; to take an examination (in the imperial examination system)",xiàchǎng
心思,mind; thoughts; inclination; mood,xīnsi
水源,water source; water supply; headwaters of a river,shuǐyuán
缴纳,to pay (taxes etc),jiǎonà
定价,to set a price; to fix a price,dìngjià
替换,to exchange; to replace; to substitute for; to switch,tìhuàn
搬家,to move house; removal,bānjiā
肤色,skin color,fūsè
忧虑,to worry; anxiety (about),yōulǜ
等候,to wait; to wait for,děnghòu
泡沫,foam; (soap) bubble; (economic) bubble,pàomò
源头,source; fountainhead,yuántóu
资本市场,capital market,zīběnshìchǎng
有兴趣,interested; interesting,yǒuxìngqù
英镑,pound sterling,yīngbàng
刷新,to renovate; to refurbish; to refresh (computer window); to write a new page (in history); to break (a record),shuāxīn
销毁,to destroy (by melting or burning); to obliterate,xiāohuǐ
盟友,ally,méngyǒu
禁忌,taboo; contraindication (medicine); to abstain from,jìnjì
阳台,balcony; porch,yángtái
获悉,to learn of sth; to find out; to get news,huòxī
中止,to cease; to suspend; to break off; to stop; to discontinue,zhōngzhǐ
并购,merger and acquisition (M and A); acquisition; to take over,bìnggòu
肺炎,pneumonia; inflammation of the lungs,fèiyán
揭发,to expose; to bring to light; to disclose; revelation,jiēfā
泪水,teardrop; tears,lèishuǐ
诊所,clinic,zhěnsuǒ
风情,"mien; bearing; grace; amorous feelings; flirtatious expressions; local conditions and customs; wind force, direction etc",fēngqíng
低温,low temperature,dīwēn
拖延,to delay; to put off; to procrastinate,tuōyán
历来,always; throughout (a period of time); (of) all-time,lìlái
专心,to concentrate; absorption; concentration; engrossed,zhuānxīn
冷漠,cold and detached towards sb; lack of regard; indifference; neglect,lěngmò
零件,part; component,língjiàn
强劲,strong; powerful; robust,qiángjìng
树林,"Shulin city in New Taipei City 新北市[Xin1 bei3 shi4], Taiwan",shùlín
势头,power; momentum; tendency; impetus; situation; the look of things,shìtóu
庄园,manor; feudal land; villa and park,zhuāngyuán
病房,ward (of a hospital); sickroom,bìngfáng
学期,term; semester,xuéqī
乳房,breast; udder,rǔfáng
亲友,friends and relatives,qīnyǒu
口罩,mask (surgical etc),kǒuzhào
强硬,tough; unyielding; hard-line,qiángyìng
上限,upper bound,shàngxiàn
麦当劳,MacDonald or McDonald (name); McDonald's (fast food company),màidāngláo
迟早,sooner or later,chízǎo
亲手,personally; with one's own hands,qīnshǒu
欺诈,to cheat,qīzhà
精神病,mental disorder; psychosis,jīngshénbìng
惊奇,to be amazed; to be surprised; to wonder,jīngqí
灌溉,to irrigate,guàngài
勾结,to collude with; to collaborate with; to gang up with,gōujié
不堪,cannot bear; cannot stand; utterly; extremely,bùkān
遍布,to cover the whole (area); to be found throughout,biànbù
邻国,bordering country; neighbor country; neighboring countries; surrounding countries,línguó
流浪,to drift about; to wander; to roam; nomadic; homeless; unsettled (e.g. population); vagrant,liúlàng
餐饮,food and beverage; catering; repast,cānyǐn
亲身,personal; oneself,qīnshēn
师范,"teacher-training; pedagogical; normal (school, e.g. Beijing Normal University)",shīfàn
强盗,to rob (with force); bandit; robber,qiángdào
空前,unprecedented,kōngqián
天真,naive; innocent; artless,tiānzhēn
放映,to show (a movie); to screen,fàngyìng
争执,to dispute; to disagree; to argue opinionatedly; to wrangle,zhēngzhí
有望,hopeful; promising,yǒuwàng
蛋白,egg white; protein; albumen,dànbái
词典,dictionary; also written 辭典|辞典[ci2 dian3],cídiǎn
车间,workshop,chējiān
棺材,coffin,guāncai
赞赏,to admire; to praise; to appreciate,zànshǎng
学士,bachelor's degree; person holding a university degree,xuéshì
拥挤,crowded; to throng; congestion,yōngjǐ
临近,close to; approaching,línjìn
唤醒,to wake sb; to rouse,huànxǐng
纵然,even if; even though,zòngrán
卷入,to be drawn into; to be involved in,juǎnrù
无耻,without any sense of shame; unembarrassed; shameless,wúchǐ
档次,grade; class; quality; level,dàngcì
风雨,wind and rain; the elements; trials and hardships,fēngyǔ
暑假,summer vacation,shǔjià
后裔,descendant,hòuyì
百合,lily,bǎihé
下旬,last third of the month,xiàxún
创伤,wound; injury; trauma,chuāngshāng
喉咙,throat; larynx,hóulóng
预料,to forecast; to anticipate; expectation,yùliào
祖母,father's mother; paternal grandmother,zǔmǔ
考量,to consider; to give serious consideration to sth; consideration,kǎoliáng
骚乱,disturbance; riot; to create a disturbance,sāoluàn
自卫,self-defense,zìwèi
路过,to pass by or through,lùguò
高科技,high tech; high technology,gāokējì
占用,to occupy,zhànyòng
反感,to be disgusted with; to dislike; bad reaction; antipathy,fǎngǎn
无非,only; nothing else,wúfēi
活泼,lively; vivacious; brisk; active; (chemistry) reactive,huópo
借用,to borrow sth for another use; to borrow an idea for one's own use,jièyòng
招待,to receive (guests); to entertain; reception,zhāodài
弘扬,to enhance; to promote; to enrich,hóngyáng
极力,to make a supreme effort; at all costs,jílì
整治,to bring under control; to regulate; to restore to good condition; (coll.) to fix (a person); to prepare (a meal etc),zhěngzhì
挑衅,to provoke; provocation,tiǎoxìn
翅膀,wing,chìbǎng
落下,to fall; to drop; to land (of projectile),luòxià
泛滥,to be in flood; to overflow (the banks); to inundate; to spread unchecked,fànlàn
赢家,winner,yíngjiā
熟练,practiced; proficient; skilled; skillful,shúliàn
加重,"to make heavier; to emphasize; (of an illness etc) to become more serious; to aggravate (a bad situation); to increase (a burden, punishment etc)",jiāzhòng
身影,silhouette; figure,shēnyǐng
检讨,to examine or inspect; self-criticism; review,jiǎntǎo
何况,let alone; to say nothing of; besides; what's more,hékuàng
侦察,to investigate a crime; to scout; to reconnoiter; reconnaissance; detection; a scout,zhēnchá
管家,housekeeper; butler; manage one's household,guǎnjiā
着想,to give thought (to others); to consider (other people's needs); also pr. [zhao2 xiang3],zhuóxiǎng
优美,graceful; fine; elegant,yōuměi
峰会,summit meeting,fēnghuì
烈士,martyr,lièshì
可恶,repulsive; vile; hateful; abominable,kěwù
忙碌,busy; bustling,mánglù
壁画,mural (painting); fresco,bìhuà
一旁,aside; to the side of,yīpáng
梦幻,dream; illusion; reverie,mènghuàn
抽象,abstract; abstraction,chōuxiàng
无能为力,impotent (idiom); powerless; helpless,wúnéngwéilì
潜水,to dive; to go under water; (in an online forum) to lurk,qiánshuǐ
动人,touching; moving,dòngrén
譬如,for example; for instance; such as,pìrú
野心,ambition; wild schemes; careerism,yěxīn
可疑,suspicious; dubious,kěyí
大米,(husked) rice,dàmǐ
双向,bidirectional; two-way; interactive,shuāngxiàng
民用,(for) civilian use,mínyòng
多云,cloudy (meteorology),duōyún
发酵,to ferment; fermentation,fājiào
环绕,to surround; to circle; to revolve around,huánrào
嘴唇,lip,zuǐchún
遏制,to check; to contain; to hold back; to keep within limits; to constrain; to restrain,èzhì
飞船,airship; spaceship,fēichuán
起步,to set out; to set in motion; the start (of some activity),qǐbù
特质,characteristic; special quality,tèzhì
相片,image; photograph,xiàngpiàn
有的是,have plenty of; there's no lack of,yǒudeshì
逃亡,to flee; flight (from danger); fugitive,táowáng
口气,tone of voice; the way one speaks; manner of expression; tone,kǒuqì
衬衫,shirt; blouse,chènshān
一口气,one breath; in one breath; at a stretch,yīkǒuqì
君子,nobleman; person of noble character,jūnzǐ
结晶,to crystallize; crystallization; crystal; crystalline; (fig.) the fruit (of labor etc),jiéjīng
深处,abyss; depths; deepest or most distant part,shēnchù
担负,to shoulder; to bear; to undertake,dānfù
优异,exceptional; outstandingly good,yōuyì
祭祀,to offer sacrifices to the gods or ancestors,jìsì
纳税人,taxpayer,nàshuìrén
罢免,to remove sb from their post; to dismiss,bàmiǎn
契机,opportunity; turning point; juncture,qìjī
大腿,thigh,dàtuǐ
丧生,to die; to lose one's life,sàngshēng
存放,to deposit; to store; to leave in sb's care,cúnfàng
建筑师,architect,jiànzhùshī
盗版,pirated; illegal; see also 正版[zheng4 ban3],dàobǎn
侵蚀,to erode; to corrode,qīnshí
干旱,drought; arid; dry,gānhàn
收缩,to pull back; to shrink; to contract; (physiology) systole,shōusuō
失落,to lose (sth); to drop (sth); to feel a sense of loss; frustrated; disappointment; loss,shīluò
争端,dispute; controversy; conflict,zhēngduān
订购,to place an order; to subscribe,dìnggòu
掌声,applause,zhǎngshēng
票价,ticket price; fare; admission fee,piàojià
预报,forecast,yùbào
店铺,store; shop,diànpù
绅士,gentleman,shēnshì
争吵,to quarrel; dispute,zhēngchǎo
扎实,strong; solid; sturdy; firm; practical,zhāshi
太平,place name,tàipíng
围墙,perimeter wall; fence,wéiqiáng
低估,to underestimate; to underrate,dīgū
倒数,to count backwards (from 10 down to 0); to count down; from the bottom (lines on a page); from the back (rows of seats),dàoshǔ
头衔,title; rank; appellation,tóuxián
勇于,to dare to; to be brave enough to,yǒngyú
雕刻,to carve; to engrave; carving,diāokè
搭建,to build (esp. with simple materials); to knock together (a temporary shed); to rig up,dājiàn
大局,general situation; present conditions,dàjú
看成,to regard as,kànchéng
尽情,as much as one likes,jìnqíng
在职,to be employed; to be in post; on-the-job,zàizhí
全能,omnipotent; all-round; strong in every area,quánnéng
以至于,down to; up to; to the extent that...,yǐzhìyú
阻力,resistance; drag,zǔlì
傍晚,in the evening; when night falls; towards evening; at night fall; at dusk,bàngwǎn
地铁站,subway station,dìtiězhàn
虽说,though; although,suīshuō
富豪,rich and powerful person,fùháo
细致,delicate; fine; careful; meticulous; painstaking,xìzhì
轮流,to alternate; to take turns,lúnliú
订立,"to conclude (treaty, contract, agreement etc); to set up (a rule etc)",dìnglì
夜里,during the night; at night; nighttime,yèli
魔术,magic,móshù
弱势,vulnerable; weak,ruòshì
头痛,to have a headache,tóutòng
葡萄酒,(grape) wine,pútaojiǔ
黑客,hacker (computing) (loanword),hēikè
纪念日,day of commemoration; memorial day,jìniànrì
照明,lighting; illumination; to light up; to illuminate,zhàomíng
男士,man; gentleman,nánshì
逼近,to press on towards; to close in on; to approach; to draw near,bījìn
但愿,if only (sth were possible); I wish (that),dànyuàn
提早,ahead of schedule; sooner than planned; to bring forward (to an earlier time),tízǎo
扰乱,to disturb; to perturb; to harass,rǎoluàn
公立,"public (e.g. school, hospital)",gōnglì
公职,civil service; public office; government job,gōngzhí
发扬,to develop; to make full use of,fāyáng
陶瓷,pottery and porcelain; ceramics,táocí
主人公,hero (of a novel or film); main protagonist,zhǔréngōng
兼任,to hold several jobs at once; concurrent post; working part-time,jiānrèn
混淆,to obscure; to confuse; to mix up; to blur; to mislead,hùnxiáo
货运,freight transport; cargo; transported goods,huòyùn
相等,equal; equally; equivalent,xiāngděng
口头,oral; verbal,kǒutóu
补给,supply; replenishment; to replenish,bǔjǐ
移交,to transfer; to hand over,yíjiāo
一模一样,exactly the same (idiom); carbon copy; also pr. [yi1 mo2 yi1 yang4],yīmúyīyàng
圆形,round; circular,yuánxíng
发型,hairstyle; coiffure; hairdo,fàxíng
下落,whereabouts; to drop; to fall,xiàluò
确诊,to make a definite diagnosis; confirmed (case of a specific disease),quèzhěn
搭档,to cooperate; partner,dādàng
顶尖,peak; apex; world best; number one; finest (competitors); top (figures in a certain field),dǐngjiān
容许,to permit; to allow,róngxǔ
历时,to last; to take (time); period; diachronic,lìshí
查处,to investigate and handle (a criminal case),cháchǔ
就读,to go to school,jiùdú
追逐,to chase; to pursue vigorously,zhuīzhú
原型,model; prototype; archetype,yuánxíng
远方,far away; a distant location,yuǎnfāng
表述,to formulate; enunciation; to explain sth precisely,biǎoshù
显示器,monitor (computer),xiǎnshìqì
很久,N/A,N/A
副主任,deputy director; assistant head,fùzhǔrèn
帝国主义,imperialism,dìguózhǔyì
工地,construction site,gōngdì
普通人,ordinary person; private citizen; people; the person in the street,pǔtōngrén
大姐,big sister; elder sister; older sister (also polite term of address for a girl or woman slightly older than the speaker),dàjiě
竣工,to complete a project,jùngōng
忧郁,sullen; depressed; melancholy; dejected,yōuyù
上方,N/A,N/A
皇宫,imperial palace,huánggōng
解剖,to dissect (an animal); to analyze; anatomy,jiěpōu
山寨,fortified hill village; mountain stronghold (esp. of bandits); (fig.) knockoff (goods); counterfeit; imitation,shānzhài
其后,next; later; after that,qíhòu
神仙,"Daoist immortal; supernatural entity; (in modern fiction) fairy, elf, leprechaun etc; fig. lighthearted person",shénxiān
热线,hotline (communications link),rèxiàn
巧合,coincidence; coincidental; to coincide,qiǎohé
数额,amount; sum of money; fixed number,shùé
抬头,"to raise one's head; to gain ground; account name, or space for writing the name on checks, bills etc",táitóu
乐意,to be willing to do sth; to be ready to do sth; to be happy to do sth; content; satisfied,lèyì
阻挠,to thwart; to obstruct (sth),zǔnáo
宽松,to relax (policy); relaxed,kuānsōng
手动,manual; manually operated; manual gear-change,shǒudòng
狂欢,party; carousal; hilarity; merriment; whoopee; to carouse,kuánghuān
道教,Taoism; Daoism (Chinese system of beliefs),dàojiào
分工,to divide up the work; division of labor,fēngōng
侵占,to invade and occupy (territory),qīnzhàn
滑雪,to ski; skiing,huáxuě
顿时,immediately; suddenly,dùnshí
食堂,dining hall,shítáng
船员,sailor; crew member,chuányuán
悄悄,quietly; secretly; stealthily; quiet; worried; Taiwan pr. [qiao3 qiao3],qiāoqiāo
体育馆,gym; gymnasium; stadium,tǐyùguǎn
小于,"less than, <",xiǎoyú
灿烂,to glitter; brilliant; splendid,cànlàn
退役,"to retire from the military, sport etc; to demobilize; to decommission; retired from use",tuìyì
公关,public relations,gōngguān
察觉,to sense; to perceive; to become aware of; to detect,chájué
果实,fruit (produced by a plant); (fig.) fruits (of success etc); results; gains,guǒshí
住宿,to stay at; lodging; accommodation,zhùsù
友善,friendly,yǒushàn
山顶,hilltop,shāndǐng
成千上万,lit. by the thousands and tens of thousands (idiom); untold numbers; innumerable; thousands upon thousands,chéngqiānshàngwàn
反响,repercussions; reaction; echo,fǎnxiǎng
日夜,day and night; around the clock,rìyè
片子,film; movie; film reel; phonograph record; X-ray image,piānzi
破裂,to rupture; to fracture; to break down; (linguistics) plosion,pòliè
害羞,shy; embarrassed; bashful,hàixiū
玩弄,to play with; to toy with; to dally with; to engage in; to resort to,wánnòng
保佑,to bless and protect; blessing,bǎoyòu
妥善,appropriate; proper,tuǒshàn
认得,to recognize; to remember sth (or sb) on seeing it; to know,rènde
子孙,offspring; posterity,zǐsūn
晚期,later period; end stage; terminal,wǎnqī
难免,hard to avoid; difficult to escape from; will inevitably,nánmiǎn
淘宝,"Taobao, a Chinese online shopping website (abbr. for 淘寶網|淘宝网[Tao2 bao3 Wang3])",táobǎo
收养,"to take in and care for (an elderly person, a dog etc); to adopt (a child); adoption",shōuyǎng
姑姑,paternal aunt,gūgu
有待,not yet (done); pending,yǒudài
功效,efficacy,gōngxiào
定向,to orientate; directional; directed; orienteering,dìngxiàng
不容,must not; cannot; to not allow; cannot tolerate,bùróng
轻微,slight; light; trivial; to a small extent,qīngwēi
验收,to inspect and accept; acceptance,yànshōu
增大,to enlarge; to amplify; to magnify,zēngdà
相差,to differ; discrepancy between,xiāngchà
涨幅,extent of a rise (in prices etc); amount of increase; growth (typically expressed as a percentage),zhǎngfú
上报,to report to one's superiors; to appear in the news; to reply to a letter,shàngbào
迈进,to step in; to stride forward; to forge ahead,màijìn
机械化,to mechanize,jīxièhuà
警惕,to be on the alert; vigilant; alert; on guard; to warn,jǐngtì
游览,to go sightseeing; to tour; to visit,yóulǎn
变异,variation,biànyì
涨价,to appreciate (in value); to increase in price,zhǎngjià
双边,bilateral,shuāngbiān
末日,Judgment Day (in Christian eschatology),mòrì
营救,to rescue,yíngjiù
假日,holiday; non-working day,jiàrì
清新,"Qingxin county in Qingyuan 清远, Guangdong",qīngxīn
学业,studies; schoolwork,xuéyè
得罪,to commit an offense; to violate the law; excuse me! (formal); see also 得罪[de2 zui5],dézuì
比分,score,bǐfēn
点评,to comment; a point by point commentary,diǎnpíng
启示,to reveal; to enlighten; enlightenment; revelation; illumination; moral (of a story etc); lesson,qǐshì
追溯,lit. to go upstream; to trace sth back to; to date from,zhuīsù
巨头,"tycoon; magnate; big player (including company, country, school etc); big shot",jùtóu
收听,to listen to (a radio broadcast),shōutīng
特意,specially; intentionally,tèyì
石家庄,Shijiazhuang prefecture level city and capital of Hebei Province 河北省[He2 bei3 Sheng3] in north China,shíjiāzhuāng
农作物,(farm) crops,nóngzuòwù
输送,to transport; to convey; to deliver,shūsòng
打发,to dispatch sb to do sth; to make sb leave; to pass (the time); (old) to make arrangements; (old) to bestow (alms etc),dǎfa
与否,whether or not (at the end of a phrase),yǔfǒu
过错,mistake; fault; responsibility (for a fault),guòcuò
雨水,"Yushui or Rain Water, 2nd of the 24 solar terms 二十四節氣|二十四节气 19th February-5th March",yǔshuǐ
载体,carrier (chemistry); vector (epidemiology); vehicle or medium,zàitǐ
水域,waters; body of water,shuǐyù
过剩,surplus; excess,guòshèng
放假,to have a holiday or vacation,fàngjià
话剧,stage play; modern drama,huàjù
保管,to hold in safekeeping; to have in one's care; to guarantee; certainly; surely; custodian; curator,bǎoguǎn
怀抱,"to hug; to cherish; within the bosom (of the family); to embrace (also fig. an ideal, aspiration etc)",huáibào
正直,upright; upstanding; honest,zhèngzhí
奇特,peculiar; unusual; queer,qítè
施压,to pressure,shīyā
高档,superior quality; high grade; top grade,gāodàng
踏上,to set foot on; to step on or into,tàshàng
倒塌,to collapse (of building); to topple over,dǎotā
杠杆,lever; pry bar; crowbar; financial leverage,gànggǎn
停下,to stop,tíngxià
沼泽,marsh; swamp; wetlands; glade,zhǎozé
样品,sample; specimen,yàngpǐn
屏蔽,to screen; to block (sth or sb); to shield; (protective) shield,píngbì
插图,illustration,chātú
氧气,oxygen,yǎngqì
激活,to activate,jīhuó
公然,openly; publicly; undisguised,gōngrán
废话,nonsense; rubbish; superfluous words; You don't say!; No kidding! (gently sarcastic),fèihuà
日趋,(increasing) day by day; (more critical) with every passing day; gradually,rìqū
实物,material object; concrete object; original object; in kind; object for practical use; definite thing; reality; matter (physics),shíwù
高贵,grandeur; noble,gāoguì
剧团,theatrical troupe,jùtuán
私营,privately-owned; private,sīyíng
传授,to impart; to pass on; to teach,chuánshòu
猜想,to guess; to conjecture; to suppose; to suspect,cāixiǎng
宣誓,to swear an oath (of office); to make a vow,xuānshì
盗窃,to steal,dàoqiè
交涉,to negotiate (with); to have dealings (with),jiāoshè
异性,the opposite sex; of the opposite sex; heterosexual; different in nature,yìxìng
面对面,face to face,miànduìmiàn
擅自,without permission,shànzì
非得,"(followed by a verb phrase, then – optionally – 不可, or 不行 etc) must",fēiděi
抚养,to foster; to bring up; to raise,fǔyǎng
切割,to cut,qiēgē
顺着,to follow; following; along,shùnzhe
古怪,strange; weird; eccentric; bizarre,gǔguài
时事,current trends; the present situation; how things are going,shíshì
心跳,heartbeat; pulse,xīntiào
上场,on stage; to go on stage; to take the field,shàngchǎng
进出口,import and export,jìnchūkǒu
时装,fashion; fashionable clothes,shízhuāng
重心,center of gravity; central core; main part,zhòngxīn
接手,to take over (duties etc); catcher (baseball etc),jiēshǒu
角逐,to tussle; to contend; to contest,juézhú
没说的,nothing to pick on; really good; nothing to discuss; settled matter; no problem,méishuōde
严禁,to strictly prohibit,yánjìn
颁奖,to confer an award,bānjiǎng
外形,figure; shape; external form; contour,wàixíng
膝盖,knee; (Internet slang) to kneel down (in admiration),xīgài
探险,to explore; to go on an expedition; adventure,tànxiǎn
玩意儿,erhua variant of 玩意[wan2 yi4],wányìr
开幕式,opening ceremony,kāimùshì
实地,on-site,shídì
瞩目,to focus attention upon,zhǔmù
金字塔,pyramid (building or structure),jīnzìtǎ
农历,the traditional Chinese calendar; the lunar calendar,nónglì
稳固,stable; steady; firm; to stabilize,wěngù
万能,omnipotent; all-purpose; universal,wànnéng
顾虑,misgivings; apprehensions,gùlǜ
请教,to ask for guidance; to consult,qǐngjiào
禁区,restricted area; forbidden region,jìnqū
散步,to take a walk; to go for a walk,sànbù
驾车,to drive a vehicle,jiàchē
佩服,to admire,pèifú
缺失,deficiency; shortcoming; hiatus,quēshī
来信,incoming letter; send a letter here,láixìn
安宁,"Anning District of Lanzhou City 蘭州市|兰州市[Lan2 zhou1 Shi4], Gansu; Anning City, to the west of Kunming 昆明[Kun1 ming2], Yunnan",ānníng
野外,countryside; areas outside the city,yěwài
尖叫,to screech; to shriek,jiānjiào
全方位,all around; omnidirectional; complete; holistic; comprehensive,quánfāngwèi
右侧,right side,yòucè
着急,to worry; to feel anxious; Taiwan pr. [zhao1 ji2],zháojí
精美,delicate; fine; refinement,jīngměi
不通,to be obstructed; to be blocked up; to be impassable; to make no sense; to be illogical,bùtōng
听从,to listen and obey; to comply with; to heed; to hearken,tīngcóng
开花,to bloom; to blossom; to flower; fig. to burst open; to feel happy or elated; new development grows out,kāihuā
外援,external help; foreign aid,wàiyuán
吸毒,to take drugs,xīdú
丢掉,to lose; to throw away; to discard; to cast away,diūdiào
二手,"indirectly acquired; second-hand (information, equipment etc); assistant",èrshǒu
冶金,metallurgy,yějīn
思索,to think deeply; to ponder,sīsuǒ
接见,to receive sb; to grant an interview,jiējiàn
宴会,banquet; feast; dinner party,yànhuì
作弊,to practice fraud; to cheat; to engage in corrupt practices,zuòbì
才华,talent,cáihuá
发誓,to vow; to pledge; to swear,fāshì
总计,(grand) total,zǒngjì
迟迟,late (with a task etc); slow,chíchí
手套,glove; mitten,shǒutào
口音,oral speech sounds (linguistics),kǒuyīn
儿女,children; sons and daughters,érnǚ
进修,to undertake advanced studies; to take a refresher course,jìnxiū
研讨,discussion,yántǎo
低调,low pitch; quiet (voice); subdued; low-key; low-profile,dīdiào
胎儿,unborn child; fetus; embryo,tāiér
倘若,provided that; supposing that; if,tǎngruò
院子,courtyard; garden; yard; patio; (old) servant,yuànzi
取缔,to suppress; to crack down on; to prohibit,qǔdì
遗留,to leave behind; to hand down,yíliú
复仇,to avenge; vengeance,fùchóu
运河,canal,yùnhé
众所周知,as everyone knows (idiom),zhòngsuǒzhōuzhī
狭窄,narrow,xiázhǎi
加深,to deepen,jiāshēn
呼声,"a shout; fig. opinion or demand, esp. expressed by a group",hūshēng
真空,vacuum,zhēnkōng
年画,N/A,N/A
隐患,a danger concealed within sth; hidden damage; misfortune not visible from the surface,yǐnhuàn
打招呼,to greet sb by word or action; to give prior notice,dǎzhāohu
就任,to take office; to assume a post,jiùrèn
简洁,concise; succinct; pithy,jiǎnjié
奔跑,to run,bēnpǎo
出访,to go and visit in an official capacity or for investigation,chūfǎng
文凭,diploma,wénpíng
加油站,gas station,jiāyóuzhàn
寡妇,widow,guǎfu
讲解,to explain,jiǎngjiě
主宰,to dominate; to rule; to dictate; master,zhǔzǎi
功课,homework; assignment; task; classwork; lesson; study,gōngkè
尽早,as early as possible,jǐnzǎo
下周,next week,xiàzhōu
巨型,giant; enormous,jùxíng
宫廷,court (of king or emperor),gōngtíng
厌倦,to be weary of; to be fed up with; tedious,yànjuàn
急需,to urgently need; urgent need,jíxū
举例,to give an example,jǔlì
音响,sound; acoustics; audio; hi-fi system; stereo sound system; abbr. for 組合音響|组合音响[zu3 he2 yin1 xiang3],yīnxiǎng
事态,situation; existing state of affairs,shìtài
着力,to put effort into sth; to try really hard,zhuólì
蘑菇,mushroom; to pester; to dawdle,mógu
降价,to cut the price; to drive down the price; to get cheaper,jiàngjià
无不,none lacking; none missing; everything is there; everyone without exception,wúbù
戒指,(finger) ring,jièzhi
花样,pattern; way of doing sth; trick; (sports) fancy-style (as figure skating etc),huāyàng
废墟,ruins,fèixū
悬崖,precipice; overhanging cliff,xuányá
天文,astronomy,tiānwén
亮点,highlight; bright spot,liàngdiǎn
幻觉,illusion; hallucination; figment of one's imagination,huànjué
沿线,along the line (e.g. railway); the region near the line,yánxiàn
仪表,appearance; bearing; meter (i.e. measuring instrument),yíbiǎo
国民经济,national economy,guómínjīngjì
古迹,places of historic interest; historical sites,gǔjì
社论,editorial (in a newspaper),shèlùn
底线,to underline; bottom line; base line (in sports); baseline; minimum; spy; plant,dǐxiàn
客车,coach; bus; passenger train,kèchē
咳嗽,to cough,késou
路面,road surface,lùmiàn
出土,to dig up; to appear in an excavation; unearthed; to come up out of the ground,chūtǔ
平方,"square (as in square foot, square mile, square root)",píngfāng
力争,to work hard for; to do all one can; to contend strongly,lìzhēng
一次性,one-off (offer); one-time; single-use; disposable (goods),yīcìxìng
出局,to send off (player for a foul); to knock out (i.e. to beat in a knock-out tournament); to eliminate; to call out; to kill off; to pull out of (a competition); to retire (a runner in baseball); out (i.e. man out in baseball),chūjú
淹没,to submerge; to drown; to flood; to drown out (also fig.),yānmò
紧缩,(economics) to reduce; to curtail; to cut back; to tighten; austerity; tightening; crunch,jǐnsuō
体操,gymnastic; gymnastics,tǐcāo
衔接,to join together; to combine,xiánjiē
房租,rent for a room or house,fángzū
一连串,a succession of; a series of,yīliánchuàn
看作,to look upon as; to regard as,kànzuò
巧妙,ingenious; clever; ingenuity; artifice,qiǎomiào
电缆,(electric) cable,diànlǎn
预见,to foresee; to predict; to forecast; to envision; foresight; intuition; vision,yùjiàn
见过,N/A,N/A
拼音,phonetic writing; pinyin (Chinese romanization),pīnyīn
反倒,but on the contrary; but expectedly,fǎndào
富人,rich person; the rich,fùrén
患有,to contract (an illness); to be afflicted with; to suffer from,huànyǒu
重现,to reappear,chóngxiàn
测定,to survey and evaluate,cèdìng
破碎,to smash to pieces; to shatter,pòsuì
离职,to retire; to leave office; to quit a job,lízhí
立足,to stand; to have a footing; to be established; to base oneself on,lìzú
收买,to purchase; to bribe,shōumǎi
青蛙,frog; (slang) ugly guy,qīngwā
西瓜,watermelon,xīguā
往事,past events; former happenings,wǎngshì
审视,to look closely at; to examine,shěnshì
教养,to train; to educate; to bring up; to nurture; education; culture; upbringing; early conditioning,jiàoyǎng
求职,to seek employment,qiúzhí
副作用,side effect,fùzuòyòng
车型,N/A,N/A
偏偏,(indicates that sth turns out just the opposite of what one would wish) unfortunately; as it happened; (indicates that sth is the opposite of what would be normal or reasonable) stubbornly; contrarily; against reason; (indicates that sb or a group is singled out) precisely; only; of all people,piānpiān
美妙,beautiful; wonderful; splendid,měimiào
显而易见,clearly and easy to see (idiom); obviously; clearly; it goes without saying,xiǎnéryìjiàn
来回,to make a round trip; return journey; back and forth; to and fro; repeatedly,láihuí
相识,to get to know each other; acquaintance,xiāngshí
尤为,especially,yóuwéi
预先,beforehand; in advance,yùxiān
着重,to put emphasis on; to stress,zhuózhòng
使者,emissary; envoy,shǐzhě
夸大,to exaggerate,kuādà
后退,to recoil; to draw back; to fall back; to retreat,hòutuì
牵引,to pull; to draw (a cart); to tow,qiānyǐn
氧化,to oxidize,yǎnghuà
高山,high mountain; alpine,gāoshān
回想,to recall; to recollect; to think back,huíxiǎng
准许,to allow; to grant; to permit,zhǔnxǔ
文盲,illiterate,wénmáng
风光,scene; view; sight; landscape; to be well-regarded; to be well-off; grand (dialect); impressive (dialect),fēngguāng
枕头,pillow,zhěntou
暗中,in the dark; in secret; on the sly; surreptitiously,ànzhōng
住处,residence; dwelling; dwelling place,zhùchù
界限,boundary,jièxiàn
承办,to undertake; to accept a contract,chéngbàn
长期以来,for a long time,chángqīyǐlái
采矿,mining,cǎikuàng
发泄,to give vent to (one's feelings),fāxiè
感恩,to be grateful,gǎnēn
不知不觉,unconsciously; unwittingly,bùzhībùjué
风力,wind force; wind power,fēnglì
越过,to cross over; to transcend; to cover distance; to overcome; to rise above,yuèguò
小丑,clown,xiǎochǒu
体检,abbr. for 體格檢查|体格检查[ti3 ge2 jian3 cha2],tǐjiǎn
转播,relay; broadcast (on radio or TV),zhuǎnbō
台阶,steps; flight of steps; step (over obstacle); fig. way out of an embarrassing situation; bench (geology),táijiē
早年,early years; adolescence,zǎonián
迷惑,to puzzle; to confuse; to baffle,míhuo
袜子,socks; stockings,wàzi
征集,to collect; to recruit,zhēngjí
务必,must; to need to; to be sure to,wùbì
风云,weather; unstable situation,fēngyún
大幅度,by a wide margin; substantial,dàfúdù
官司,lawsuit,guānsi
紫色,purple; violet (color),zǐsè
离不开,inseparable; inevitably linked to,líbukāi
无须,need not; not obliged to; not necessarily,wúxū
稍后,in a little while; in a moment; later on,shāohòu
秋季,autumn; fall,qiūjì
景色,scenery; scene; landscape; view,jǐngsè
折腾,"to toss from side to side (e.g. sleeplessly); to repeat sth over and over again; to torment sb; to play crazy; to squander (time, money)",zhēteng
发烧,to have a high temperature (from illness); to have a fever,fāshāo
劳务,"service (work done for money); services (as in ""goods and services"")",láowù
荣幸,honored (to have the privilege of ...),róngxìng
掌管,in charge of; to control,zhǎngguǎn
慷慨,vehement; fervent; generous; giving; liberal,kāngkǎi
递交,to present; to give; to hand over; to hand in; to lay before,dìjiāo
不怎么,not very; not particularly,bùzěnme
兼并,to annex; to take over; to acquire,jiānbìng
兼顾,"to attend simultaneously to two or more things; to balance (career and family, family and education etc)",jiāngù
低价,low price,dījià
胡同,lane; alley,hútòng
养生,to maintain good health; to raise a child or animal; curing (of concrete etc),yǎngshēng
王牌,trump card,wángpái
觉悟,to come to understand; to realize; consciousness; awareness; Buddhist enlightenment (Sanskrit: cittotpāda),juéwù
圈子,circle; ring; (social) circle,quānzi
喜好,to like; fond of; to prefer; to love; one's tastes; preference,xǐhào
查出,to find out; to discover,cháchū
车牌,license plate,chēpái
朝着,facing; advancing (towards),cháozhe
无穷,endless; boundless; inexhaustible,wúqióng
残留,to remain; left over; surplus; remnant,cánliú
宽度,width,kuāndù
原告,complainant; plaintiff,yuángào
不理,to refuse to acknowledge; to pay no attention to; to take no notice of; to ignore,bùlǐ
坟墓,grave; tomb,fénmù
栽培,to grow; to cultivate; to train; to educate; to patronize,zāipéi
荒唐,beyond belief; preposterous; absurd; intemperate; dissipated,huāngtáng
个案,a case; an individual case; case-by-case,gèàn
腹部,abdomen; belly; flank,fùbù
仲裁,arbitration,zhòngcái
响起,N/A,N/A
利害,pros and cons; advantages and disadvantages; gains and losses,lìhài
解救,to rescue; to help out of difficulties; to save the situation,jiějiù
意向,intention; purpose; intent; inclination; disposition,yìxiàng
窗外,N/A,N/A
水分,moisture content; (fig.) overstatement; padding,shuǐfèn
二氧化碳,carbon dioxide CO2,èryǎnghuàtàn
款项,funds; a sum of money,kuǎnxiàng
悲观,pessimistic,bēiguān
可耻,shameful; disgraceful; ignominious,kěchǐ
突发,to burst out suddenly; sudden outburst,tūfā
默默,in silence; not speaking,mòmò
流水,running water; (business) turnover,liúshuǐ
代号,code name,dàihào
绰号,nickname,chuòhào
游泳池,swimming pool,yóuyǒngchí
山谷,valley; ravine,shāngǔ
交替,to replace; alternately; in turn,jiāotì
辞去,to resign; to quit,cíqù
阁下,your distinguished self; your majesty; sire,géxià
抵押,to provide (an asset) as security for a loan; to put up collateral,dǐyā
慰问,"to express sympathy, greetings, consolation etc",wèiwèn
撤回,to recall; to revoke; to retract,chèhuí
早日,soon; shortly; on a day quite soon; promptly,zǎorì
油画,oil painting,yóuhuà
上衣,jacket; upper outer garment,shàngyī
园林,gardens; park; landscape garden,yuánlín
巨星,"(astronomy) giant star; (fig.) superstar (of opera, basketball etc)",jùxīng
薄弱,weak; frail,bóruò
非凡,"out of the ordinary; unusually (good, talented etc)",fēifán
热量,heat; quantity of heat; calorific value,rèliàng
地下水,groundwater,dìxiàshuǐ
传记,biography,zhuànjì
彰显,to manifest,zhāngxiǎn
偷拍,to take a picture of a person without permission or without their knowledge,tōupāi
蒸汽,steam,zhēngqì
百货,general merchandise,bǎihuò
调度,"to dispatch (vehicles, staff etc); to schedule; to manage; dispatcher; scheduler",diàodù
四季,"four seasons, namely: spring 春, summer 夏, autumn 秋 and winter 冬",sìjì
逐年,year after year; with each passing year; over the years,zhúnián
海运,shipping by sea,hǎiyùn
外套,coat; jacket,wàitào
吉利,"Geely, Chinese car make",jílì
指纹,"fingerprint; the arches, loops and whorls on the fingers",zhǐwén
诱人,attractive; alluring; captivating; to attract; to captivate,yòurén
通货膨胀,inflation,tōnghuòpéngzhàng
天线,antenna; mast; connection with high-ranking officials,tiānxiàn
定为,N/A,N/A
正视,to face squarely; to meet head on; to face up to,zhèngshì
萎缩,"to wither; to dry up (of a plant); to atrophy (of muscle, social custom etc)",wěisuō
保险公司,N/A,N/A
无偿,free; no charge; at no cost,wúcháng
宝藏,precious mineral deposits; hidden treasure; (fig.) treasure; (Buddhism) the treasure of Buddha's law,bǎozàng
霸权,hegemony; supremacy,bàquán
晚年,one's later years,wǎnnián
滨海,"Binhai (place name); Binhai New District, subprovincial district of Tianjin; Binhai county in Yancheng 鹽城|盐城[Yan2 cheng2], Jiangsu; fictitious city Binhai in political satire; Primorsky, a territory in the far east of Russia",bīnhǎi
坚实,firm and substantial; solid,jiānshí
演示,to demonstrate; to show; presentation; demonstration,yǎnshì
流泪,to shed tears,liúlèi
余地,margin; leeway,yúdì
果断,firm; decisive,guǒduàn
攀升,to clamber up; (of prices etc) to rise,pānshēng
隆重,grand; prosperous; ceremonious; solemn,lóngzhòng
笑声,laughter,xiàoshēng
领事馆,consulate,lǐngshìguǎn
儒家,"Confucian school, founded by Confucius 孔子[Kong3 zi3] (551-479 BC) and Mencius 孟子[Meng4 zi3] (c. 372-c. 289 BC)",rújiā
抵御,to resist; to withstand,dǐyù
商城,see 商城縣|商城县[Shang1 cheng2 xian4],shāngchéng
握手,to shake hands,wòshǒu
敞开,to open wide; unrestrictedly,chǎngkāi
全局,overall situation,quánjú
平息,to settle (a dispute); to quieten down; to suppress,píngxī
出差,to go on an official or business trip,chūchāi
偏向,partial towards sth; to prefer; to incline; erroneous tendencies (Leftist or Revisionist deviation),piānxiàng
用人,servant; to employ sb for a job; to manage people; to be in need of staff,yòngrén
中小企业,small and medium enterprise,zhōngxiǎoqǐyè
要不然,otherwise; or else; or,yàobùrán
恶性,malignant; wicked; vicious (circle); producing evil; rapid (decline); runaway (inflation),èxìng
趣味,fun; interest; delight; taste; liking; preference,qùwèi
中型,medium sized,zhōngxíng
招呼,to call out to; to greet; to say hello to; to inform; to take care of; to take care that one does not,zhāohu
力求,to make every effort to; striving to do one's best,lìqiú
陪同,to accompany,péitóng
决不,not at all; simply (can) not,juébù
发病,onset; outbreak (of a disease),fābìng
免除,to prevent; to avoid; to excuse; to exempt; to relieve; (of a debt) to remit,miǎnchú
终生,throughout one's life; lifetime; lifelong,zhōngshēng
身子,body; pregnancy; health,shēnzi
牧场,pasture; grazing land; ranch,mùchǎng
跑道,athletic track; track; runway (i.e. airstrip),pǎodào
徒弟,apprentice; disciple,túdì
峡谷,canyon; gill; ravine,xiágǔ
按时,on time; before deadline; on schedule,ànshí
统统,totally,tǒngtǒng
诽谤,to slander; to libel,fěibàng
作文,to write an essay; composition (student essay),zuòwén
感人,touching; moving,gǎnrén
大肆,wantonly; without restraint (of enemy or malefactor); unbridled,dàsì
庆幸,to rejoice; to be glad,qìngxìng
可观,considerable; impressive; significant,kěguān
讨好,to get the desired outcome; to win favor by fawning on sb; to curry favor with; a fruitful outcome to reward one's labor,tǎohǎo
耳机,headphones; earphones; telephone receiver,ěrjī
默认,to agree tacitly; tacit approval; default (setting),mòrèn
心愿,cherished desire; dream; craving; wish; aspiration,xīnyuàn
焚烧,to burn; to set on fire,fénshāo
导游,tour guide; guidebook; to conduct a tour,dǎoyóu
家务,household duties; housework,jiāwù
左侧,left side,zuǒcè
纯洁,pure; clean and honest; to purify,chúnjié
估算,assessment; evaluation,gūsuàn
外科,surgery (branch of medicine),wàikē
标示,to indicate,biāoshì
疑虑,hesitation; misgivings; doubt,yílǜ
立方,cube (math.); abbr. for 立方體|立方体[li4 fang1 ti3]; abbr. for 立方米[li4 fang1 mi3],lìfāng
除去,to eliminate; to remove; except for; apart from,chúqù
趁机,to seize an opportunity; to take advantage of situation,chènjī
分组,to divide into groups; (computer networking) packet,fēnzǔ
好感,good opinion; favorable impression,hǎogǎn
手势,gesture; sign; signal,shǒushì
关爱,to show concern and care for,guānài
叛徒,traitor; turncoat; rebel; renegade; insurgent,pàntú
试用,to try sth out; to be on probation,shìyòng
家电,household electric appliance; abbr. for 家用電器|家用电器,jiādiàn
微型,miniature; micro-; tiny,wēixíng
横向,horizontal; orthogonal; perpendicular; lateral; crosswise,héngxiàng
改正,to correct; to amend; to put right; correction,gǎizhèng
迷恋,to be infatuated with; to be enchanted by; to be passionate about,míliàn
眼看,soon; in a moment; to look on as sth happens,yǎnkàn
阴阳,yin and yang,yīnyáng
心声,thoughts; feelings; aspirations; heartfelt wishes; inner voice,xīnshēng
原地,(in) the original place; the place where one currently is; place of origin; local (product),yuándì
温馨,comfort; soft and fragrant; warm,wēnxīn
触动,to touch; to stir up (trouble or emotions); to move (sb's emotions or worry),chùdòng
违约,to break a promise; to violate an agreement; to default (on a loan or contract),wéiyuē
手腕,wrist; trickery; finesse; ability; skill,shǒuwàn
标本,specimen; sample; the root cause and symptoms of a disease,biāoběn
呐喊,shout; rallying cry; cheering; to shout,nàhǎn
独一无二,unique and unmatched (idiom); unrivalled; nothing compares with it,dúyīwúèr
转动,to turn sth around; to swivel,zhuǎndòng
摩托,motor (loanword); motorbike,mótuō
介于,between; intermediate; to lie between,jièyú
乞丐,beggar,qǐgài
认出,recognition; to recognize,rènchū
网吧,Internet café,wǎngbā
无缘,"to have no opportunity; no way (of doing sth); no chance; no connection; not placed (in a competition); (in pop lyrics) no chance of love, no place to be together etc",wúyuán
误导,to mislead; to misguide; misleading,wùdǎo
苍蝇,housefly,cāngying
勤劳,hardworking; industrious; diligent,qínláo
渡过,to cross over; to pass through,dùguò
嫌疑,suspicion; to have suspicions,xiányí
开场,to begin; to open; to start; beginning of an event,kāichǎng
举止,bearing; manner; mien,jǔzhǐ
古人,people from ancient times; the ancients; the late (i.e. person who has passed away),gǔrén
纹身,tattoo,wénshēn
增值,to appreciate (financially); to increase in value; value-added (accountancy),zēngzhí
炸药,explosive (material),zhàyào
经商,to trade; to carry out commercial activities; in business,jīngshāng
凸显,to present clearly; to give prominence to; to magnify; clear and obvious,tūxiǎn
思念,to think of; to long for; to miss,sīniàn
表扬,to praise; to commend,biǎoyáng
可信,trustworthy,kěxìn
颗粒,"kernel; granule; granulated (sugar, chemical product)",kēlì
天涯,the other end of the world; a faraway place,tiānyá
爱护,to cherish; to treasure; to take care of; to love and protect,àihù
美容,to improve one's appearance (using cosmetics or cosmetic surgery); to make oneself more attractive; to beautify,měiróng
三峡,"Three Gorges on the Chang Jiang or Yangtze, namely: Qutang Gorge 瞿塘峽|瞿塘峡[Qu2 tang2 Xia2], Wuxia Gorge 巫峽|巫峡[Wu1 Xia2] and Xiling Gorge 西陵峽|西陵峡[Xi1 ling2 Xia2]; Sanxia or Sanhsia town in New Taipei City 新北市[Xin1 bei3 shi4], Taiwan",sānxiá
游戏机,video game; game machine,yóuxìjī
并列,to stand side by side; to be juxtaposed,bìngliè
难以置信,hard to believe; incredible,nányǐzhìxìn
出血,to bleed; bleeding; (fig.) to spend money in large amounts,chūxuè
脑海,the mind; the brain,nǎohǎi
耽误,to delay; to hold up; to waste time; to interfere with,dānwu
浑身,all over; from head to foot,húnshēn
菊花,chrysanthemum; (slang) anus,júhuā
要不是,if it were not for; but for,yàobushì
秘诀,secret know-how; key (to longevity); secret (of happiness); recipe (for success),mìjué
班级,class (group of students); grade (in school),bānjí
气球,balloon,qìqiú
消毒,to disinfect; to sterilize,xiāodú
施加,to exert (effort or pressure),shījiā
急救,first aid; emergency treatment,jíjiù
惨重,disastrous,cǎnzhòng
虔诚,pious; devout; sincere,qiánchéng
干事,administrator; executive secretary,gànshi
捆绑,to bind,kǔnbǎng
首创,to create; original creation; to be the first to do sth,shǒuchuàng
次日,next day; the morrow,cìrì
硬盘,hard disk,yìngpán
适度,moderately; appropriate,shìdù
水产,"aquatic; produced in sea, rivers or lakes",shuǐchǎn
特地,specially; for a special purpose,tèdì
顽固,stubborn; obstinate,wángù
歌颂,to sing the praises of; to extol; to eulogize,gēsòng
保姆,nanny; housekeeper,bǎomǔ
堡垒,fort,bǎolěi
喇叭,horn (automobile etc); loudspeaker; brass wind instrument; trumpet; suona 鎖吶|锁呐[suo3 na4],lǎba
家用,home-use; domestic; family expenses; housekeeping money,jiāyòng
界定,definition; to delimit,jièdìng
备用,reserve; spare; alternate; backup,bèiyòng
慢性,slow and patient; chronic (disease); slow to take effect (e.g. a slow poison),mànxìng
适时,timely; apt to the occasion; in due course,shìshí
电讯,telecommunications; telecom,diànxùn
肢体,limb; limbs and trunk; body,zhītǐ
出轨,derailment (railway accident); to leave the rails; fig. to overstep bounds; fig. to have an extramarital affair,chūguǐ
震荡,to shake up; to jolt; to vibrate; to oscillate; to fluctuate,zhèndàng
要紧,important; urgent,yàojǐn
均匀,"even; well-distributed; homogeneous; well-proportioned (figure, body etc)",jūnyún
上个月,last month,shànggèyuè
时速,speed per hour,shísù
高新技术,N/A,N/A
坚固,firm; firmly; hard; stable,jiāngù
柴油,diesel fuel,cháiyóu
肥料,fertilizer; manure,féiliào
彩票,lottery ticket,cǎipiào
盆地,(geography) basin; depression,péndì
过失,error; fault; (law) negligence; delinquency,guòshī
愉悦,joyful; cheerful; delighted; joy; delight,yúyuè
照样,as before; (same) as usual; in the same manner; still; nevertheless,zhàoyàng
隐蔽,to conceal; to hide; covert; under cover,yǐnbì
理会,to understand; to pay attention to; to take notice of,lǐhuì
建交,to establish diplomatic relations,jiànjiāo
小吃,snack; refreshments,xiǎochī
公积金,official reserves; accumulated fund,gōngjījīn
糊涂,muddled; silly; confused,hútu
归纳,to sum up; to summarize; to conclude from facts; induction (method of deduction in logic),guīnà
花生,peanut; groundnut,huāshēng
撰文,to write an article,zhuànwén
停电,to have a power failure; power cut,tíngdiàn
牲畜,domesticated animals; livestock,shēngchù
客场,away-game arena; away-game venue,kèchǎng
纪念馆,memorial hall; commemorative museum,jìniànguǎn
投身,to throw oneself into sth,tóushēn
迷信,superstition; to have a superstitious belief (in sth),míxìn
灯笼,lantern,dēnglóng
中国队,N/A,N/A
出行,to go out somewhere (relatively short trip); to set off on a journey (longer trip),chūxíng
经度,longitude,jīngdù
锅炉,boiler,guōlú
毛巾,towel,máojīn
领事,consul,lǐngshì
脸色,complexion; look,liǎnsè
栖息,(of a bird) to perch; (of creatures in general) to inhabit; to dwell,qīxī
传真,fax; facsimile,chuánzhēn
难忘,unforgettable,nánwàng
配音,dubbing (filmmaking),pèiyīn
不至于,unlikely to go so far as to; not as bad as,bùzhìyú
幸存,to survive (a disaster),xìngcún
分泌,to secrete; secretion,fēnmì
往返,to go back and forth; to go to and fro; round trip,wǎngfǎn
素养,(personal) accomplishment; attainment in self-cultivation,sùyǎng
着实,truly; indeed; severely; harshly,zhuóshí
融化,to melt; to thaw; to dissolve; to blend into; to combine; to fuse,rónghuà
山峰,(mountain) peak,shānfēng
引诱,to coerce (sb into doing sth bad); to lure (into a trap); to seduce,yǐnyòu
美景,beautiful scenery,měijǐng
嫂子,(coll.) older brother's wife; sister-in-law,sǎozi
固执,obstinate; stubborn,gùzhí
流畅,"flowing (of speech, writing); fluent; smooth and easy",liúchàng
通告,to announce; to give notice,tōnggào
航海,sailing; navigation; voyage by sea,hánghǎi
印度洋,Indian Ocean,yìndùyáng
花朵,flower,huāduǒ
一举,a move; an action; in one move; at a stroke; in one go,yījǔ
明智,sensible; wise; judicious; sagacious,míngzhì
问世,to be published; to come out,wènshì
传染病,infectious disease; contagious disease; pestilence,chuánrǎnbìng
平和,"Pinghe county in Zhangzhou 漳州[Zhang1 zhou1], Fujian",pínghé
昏迷,to lose consciousness; to be in a coma; stupor; coma; stunned; disoriented,hūnmí
储蓄,to deposit money; to save; savings,chǔxù
好坏,good or bad; good and bad; standard; quality,hǎohuài
潮湿,damp; moist,cháoshī
界线,limits; bounds; dividing line,jièxiàn
信封,envelope,xìnfēng
伤痕,scar; bruise,shānghén
飞往,N/A,N/A
不光,not the only one; not only,bùguāng
妄想,to attempt vainly; a vain attempt; delusion,wàngxiǎng
追随,to follow; to accompany,zhuīsuí
礼服,"ceremonial robe; formal attire (dinner suit, evening gown etc)",lǐfú
配偶,consort; mate; spouse,pèiǒu
屈服,to surrender; to succumb; to yield; (as a transitive verb) to defeat; to prevail over,qūfú
黑夜,night,hēiyè
驳回,to reject; to turn down; to overrule,bóhuí
陈列,to display; to exhibit,chénliè
绳子,cord; string; rope,shéngzi
曲折,winding; (fig.) complicated,qūzhé
吉祥,lucky; auspicious; propitious,jíxiáng
飞翔,to circle in the air; to soar,fēixiáng
求婚,to propose marriage,qiúhūn
闭幕,the curtain falls; lower the curtain; to come to an end (of a meeting),bìmù
揭晓,to announce publicly; to publish; to make known; to disclose,jiēxiǎo
傲慢,arrogant; haughty,àomàn
纠缠,to be in a tangle; to nag,jiūchán
诚意,sincerity; good faith,chéngyì
蓝天,blue sky,lántiān
间隔,"gap; interval; compartment; to divide; to separate; to leave a gap of (two weeks, three meters etc)",jiàngé
滑稽,"comical; funny; amusing; old pr. [gu3 ji1]; huaji, a form of comedy performance popular in Shanghai, Jiangsu and Zhejiang",huájī
挡住,to obstruct,dǎngzhù
不可避免,unavoidably,bùkěbìmiǎn
帖子,card; invitation; message; (forum) post,tiězi
牵涉,to involve; implicated,qiānshè
阳性,positive; masculine,yángxìng
粗暴,rough; cruel,cūbào
仅次于,second only to...; (in second place) preceded only by...,jǐncìyú
杂交,to hybridize; to crossbreed; promiscuity,zájiāo
抄袭,to plagiarize; to copy; to attack the flank or rear of an enemy,chāoxí
代理人,agent,dàilǐrén
逼迫,to force; to compel; to coerce,bīpò
善意,goodwill; benevolence; kindness,shànyì
炮弹,artillery shell,pàodàn
遇难,to perish; to be killed,yùnàn
通缉,to order the arrest of sb as criminal; to list as wanted,tōngjī
网点,node in a network; branch; website,wǎngdiǎn
扣押,to detain; to hold in custody; to distrain; to seize property,kòuyā
饼干,biscuit; cracker; cookie,bǐnggān
核实,to verify; to check,héshí
免得,so as not to; so as to avoid,miǎnde
中途,midway,zhōngtú
钞票,paper money; a bill (e.g. 100 yuan),chāopiào
折扣,discount,zhékòu
友情,friendly feelings; friendship,yǒuqíng
拳击,boxing,quánjī
直达,"to go nonstop to; through (as in ""through train""); nonstop",zhídá
恳求,to beg; to beseech; to entreat; entreaty,kěnqiú
赶来,to rush over,gǎnlái
线条,"line (in drawing, calligraphy etc); the lines or contours of a three-dimensional object (hairstyle, clothing, car etc)",xiàntiáo
波及,to spread to; to involve; to affect,bōjí
增产,to increase production,zēngchǎn
敦促,to press; to urge; to hasten,dūncù
成品,finished goods; a finished product,chéngpǐn
品尝,to taste a small amount; to sample,pǐncháng
高明,"Gaoming district of Foshan city 佛山市[Fo2 shan1 shi4], Guangdong",gāomíng
西装,suit; Western-style clothes,xīzhuāng
基准,norm; standard; standard of reference; base; base point; base line; benchmark; reference point; reference frame; criterion; data,jīzhǔn
到期,to fall due (loan etc); to expire (visa etc); to mature (investment bond etc),dàoqī
弯曲,to bend; to curve around; curved; crooked; to wind; to warp,wānqū
迷失,to lose (one's bearings); to get lost,míshī
专职,special duty; assigned full time to a task,zhuānzhí
来电,"incoming telegram or telephone call; your telegram, telephone call, or message; to send a telegram or make a telephone call here (i.e. to the speaker); to have instant attraction to sb; to have chemistry with sb; to come back (of electricity, after an outage)",láidiàn
头号,first rate; top rank; number one,tóuhào
溶液,solution (chemistry),róngyè
团员,member; group member,tuányuán
马力,horsepower,mǎlì
去除,to remove; to dislodge,qùchú
笼罩,to envelop; to shroud,lǒngzhào
兼容,compatible,jiānróng
后备,reserve; backup,hòubèi
盼望,to hope for; to look forward to,pànwàng
承包,to contract; to undertake (a job),chéngbāo
往后,from now on; in the future; time to come,wǎnghòu
航运,shipping; transport,hángyùn
胳膊,arm,gēbo
活期,(banking) current (account); checking (account); demand (deposit etc),huóqī
过关,to cross a barrier; to get through (an ordeal); to pass (a test); to reach (a standard),guòguān
时间表,schedule; timetable,shíjiānbiǎo
私有,private; privately-owned,sīyǒu
忠于,to be loyal to,zhōngyú
筹划,to plan and prepare,chóuhuà
赛场,racetrack; field (for athletics competition),sàichǎng
歌迷,fan of a singer,gēmí
柔软,soft,róuruǎn
席位,"a seat (in a theater, stadium etc); parliamentary or congressional seat",xíwèi
铸造,to cast (pour metal into a mold),zhùzào
关节,joint (physiology); key point; critical phase,guānjié
生平,life (a person's whole life); in one's entire life,shēngpíng
肥胖,fat; obese,féipàng
根基,foundation,gēnjī
美化,to make more beautiful; to decorate; embellishment,měihuà
牛仔裤,jeans,niúzǎikù
开学,foundation of a University or College; school opening; the start of a new term,kāixué
露天,outdoors; al fresco; in the open,lùtiān
高价,high price,gāojià
转折,shift in the trend of events; turnaround; plot shift in a book; turn in the conversation,zhuǎnzhé
远处,distant place,yuǎnchù
偏差,bias; deviation,piānchā
长途,long distance,chángtú
叶子,foliage; leaf,yèzi
空虚,hollow; emptiness; meaningless,kōngxū
受贿,to accept a bribe,shòuhuì
愤慨,to resent; resentment,fènkǎi
静止,still; immobile; static; stationary,jìngzhǐ
肖像,"portrait (painting, photo etc); (in a general sense) representation of a person; likeness",xiàoxiàng
吃掉,to eat up; to consume,chīdiào
分明,clear; distinct; evidently; clearly,fēnmíng
动向,trend; tendency,dòngxiàng
田径,track and field (athletics),tiánjìng
畏惧,to fear; to dread; foreboding,wèijù
养活,"to provide for; to keep (animals, a family etc); to raise animals; to feed and clothe; support; the necessities of life; to give birth",yǎnghuo
崇高,majestic; sublime,chónggāo
人情,human emotions; social relationship; friendship; favor; a good turn,rénqíng
较量,to pit oneself against sb; to compete with sb; contest; battle; to haggle; to quibble,jiàoliàng
打动,to move (to pity); arousing (sympathy); touching,dǎdòng
飞跃,to leap,fēiyuè
提拔,to promote to a higher job; to select for promotion,tíbá
坠落,to fall; to drop,zhuìluò
亲生,one's own (child) (i.e. one's child by birth); biological (parents); birth (parents),qīnshēng
地毯,carpet; rug,dìtǎn
厚度,thickness,hòudù
至关重要,extremely important; vital; crucial; essential,zhìguānzhòngyào
长寿,"Changshou suburban district of Chongqing municipality, formerly in Sichuan",chángshòu
报考,to enter oneself for an examination,bàokǎo
电子邮件,email,diànzǐyóujiàn
火热,fiery; burning; fervent; ardent; passionate,huǒrè
紧迫,pressing; urgent,jǐnpò
修养,accomplishment; training; self-cultivation,xiūyǎng
入门,entrance door; to enter a door; introduction (to a subject),rùmén
看重,to regard as important; to care about,kànzhòng
只得,to have no alternative but to; to be obliged to,zhǐdé
大宗,large amount; staple; influential family of long standing,dàzōng
胜任,qualified; competent (professionally); to be up to a task,shèngrèn
民警,civil police; PRC police; abbr. for 人民警察,mínjǐng
加紧,to intensify; to speed up; to step up,jiājǐn
视力,vision; eyesight,shìlì
开机,to start an engine; to boot up (a computer); to press Ctrl-Alt-Delete; to begin shooting a film or TV show,kāijī
遥控,remote control,yáokòng
壮观,spectacular; magnificent sight,zhuàngguān
不敢当,lit. I dare not (accept the honor); fig. I don't deserve your praise; you flatter me,bùgǎndāng
打量,to size sb up; to look sb up and down; to take the measure of; to suppose; to reckon,dǎliang
挺好,very good,tǐnghǎo
细心,careful; attentive,xìxīn
化身,incarnation; reincarnation; embodiment (of abstract idea); personification,huàshēn
招牌,signboard; shop sign; reputation of a business,zhāopai
麻将,mahjong,májiàng
构思,to design; to plot; to plan out; to compose; to draw a mental sketch; conception; plan; idea; composition,gòusī
水稻,rice; paddy,shuǐdào
克制,to restrain; to control; restraint; self-control,kèzhì
文科,liberal arts; humanities,wénkē
轻视,contempt; contemptuous; to despise; to scorn; scornful,qīngshì
谋求,to seek; to strive for,móuqiú
拨打,to call; to dial,bōdǎ
摄影机,camera; movie camera,shèyǐngjī
风水,feng shui; geomancy,fēngshuǐ
细腻,exquisite; meticulous,xìnì
历届,"all previous (meetings, sessions etc)",lìjiè
展望,outlook; prospect; to look ahead; to look forward to,zhǎnwàng
盛会,pageant; distinguished meeting,shènghuì
鼓掌,to applaud; to clap,gǔzhǎng
国庆,National Day,guóqìng
卫生间,bathroom; toilet; WC,wèishēngjiān
腐蚀,corrosion; to corrode (degrade chemically); to rot; corruption,fǔshí
文人,scholar; literati,wénrén
频频,repeatedly; again and again; continuously; constantly,pínpín
背包,knapsack; rucksack; infantry pack; field pack; blanket roll,bēibāo
发票,invoice; receipt or bill for purchase,fāpiào
老化,to age (of person or object); becoming old,lǎohuà
盲人,blind person,mángrén
期盼,hope and expectation; to anticipate; to look forward to; to await expectantly,qīpàn
学堂,college; school (old),xuétáng
过境,to pass through a country's territory; transit,guòjìng
点心,light refreshments; pastry; dimsum (in Cantonese cooking); dessert,diǎnxin
熟知,to be well acquainted with,shúzhī
不定,indefinite; indeterminate; (botany) adventitious,bùdìng
难堪,hard to take; embarrassed,nánkān
嘿嘿,(onom.) he he; mischievous laughter,hēihēi
乳头,nipple,rǔtóu
代言人,spokesperson,dàiyánrén
戴尔,Dell,dàiěr
古希腊,ancient Greece,gǔxīlà
师长,military division level commander; teacher,shīzhǎng
辣椒,hot pepper; chili,làjiāo
胜负,victory or defeat; the outcome of a battle,shèngfù
碰上,to run into; to come upon; to meet,pèngshàng
演戏,to put on a play; to perform; fig. to pretend; to feign,yǎnxì
头顶,top of the head,tóudǐng
详尽,thorough and detailed; exhaustive; the tedious details in full,xiángjìn
误差,difference; error; inaccuracy,wùchā
避难,refuge; to take refuge; to seek asylum (political etc),bìnàn
卑鄙,base; mean; contemptible; despicable,bēibǐ
疲劳,fatigue; wearily; weariness; weary,píláo
救护车,ambulance,jiùhùchē
附带,supplementary; incidentally; in parentheses; by chance; in passing; additionally; secondary; subsidiary; to attach,fùdài
声望,popularity; prestige,shēngwàng
巅峰,summit; apex; pinnacle (of one's career etc); peak (of a civilization etc),diānfēng
白领,white-collar; white-collar worker,báilǐng
邮局,post office,yóujú
双胞胎,twin,shuāngbāotāi
振动,to vibrate; to shake; vibration,zhèndòng
外貌,profile; appearance,wàimào
场馆,sporting venue; arena,chǎngguǎn
兄妹,brother(s) and sister(s),xiōngmèi
抗生素,antibiotic,kàngshēngsù
遗漏,to overlook; to miss; to omit,yílòu
面粉,flour,miànfěn
纲要,outline; essential points,gāngyào
盘子,tray; plate; dish,pánzi
丰厚,generous; ample,fēnghòu
改动,to alter; to modify; to revise,gǎidòng
打交道,to come into contact with; to have dealings,dǎjiāodào
拦住,to stop; to bar the way,lánzhù
住户,household; inhabitant; householder,zhùhù
好不容易,with great difficulty; very difficult,hǎobùróngyì
师资,qualified teacher,shīzī
闭嘴,Shut up!; same as 閉上嘴巴|闭上嘴巴,bìzuǐ
巡回,to go around; to roam; to tour,xúnhuí
站立,to stand; standing; on one's feet,zhànlì
推断,to infer; to deduce; to predict; to extrapolate,tuīduàn
跳跃,to jump; to leap; to bound; to skip,tiàoyuè
宏伟,grand; imposing; magnificent,hóngwěi
预示,to indicate; to foretell; to forebode; to betoken,yùshì
足迹,footprint; track; spoor,zújì
忍耐,to endure; to bear with; to exercise patience; to restrain oneself; patience; endurance,rěnnài
鸭子,duck; male prostitute (slang),yāzi
重叠,"to overlap; to superimpose; to telescope; to run together; to duplicate; one over another; superposition; an overlap; redundancy; reduplication (in Chinese grammar, e.g. 散散步[san4 san4 bu4] to have a stroll)",chóngdié
私立,"private (company, school etc)",sīlì
老朋友,old friend; (slang) period; menstruation,lǎopéngyou
勤奋,hardworking; diligent,qínfèn
插手,to get involved in; to meddle; interference,chāshǒu
窃取,to steal; to seize,qièqǔ
危急,critical; desperate (situation),wēijí
原材料,raw materials; unprocessed materials,yuáncáiliào
海啸,tsunami,hǎixiào
危及,"to endanger; to jeopardize; a danger (to life, national security etc)",wēijí
海面,sea level; sea surface,hǎimiàn
疲惫,beaten; exhausted; tired,píbèi
好比,to be just like; can be compared to,hǎobǐ
精细,fine; meticulous; careful,jīngxì
毁坏,to damage; to devastate; to vandalize; damage; destruction,huǐhuài
功劳,contribution; meritorious service; credit,gōngláo
合伙,to act jointly; to form a partnership,héhuǒ
背面,the back; the reverse side; the wrong side,bèimiàn
当真,"to take seriously; serious; No joking, really!",dàngzhēn
繁忙,busy; bustling,fánmáng
里程碑,milestone,lǐchéngbēi
一味,blindly; invariably,yīwèi
拉开,to pull open; to pull apart; to space out; to increase,lākāi
旋律,melody,xuánlǜ
就座,N/A,N/A
座谈,to have an informal discussion,zuòtán
跟上,to catch up with; to keep pace with,gēnshàng
乌龟,tortoise; cuckold,wūguī
早晚,morning and evening; sooner or later,zǎowǎn
公道,justice; fairness; public highway,gōngdào
浮现,to appear before one's eyes; to come into view; to float into appearance; to come back (of images from the past); to emerge; it emerges; it occurs (to me that..),fúxiàn
堪称,can be rated as; can be said to be,kānchēng
僧人,monk,sēngrén
对峙,to stand opposite; to confront; confrontation,duìzhì
洗礼,baptism (lit. or fig.),xǐlǐ
退回,to return (an item); to send back; to go back,tuìhuí
常年,all year round; for years on end; average year,chángnián
出演,to appear (in a show etc); an appearance (on stage etc),chūyǎn
动工,to start (a building project),dònggōng
呕吐,to vomit,ǒutù
老人家,polite term for old woman or man,lǎorénjiā
督促,to supervise and urge completion of a task; to urge on,dūcù
邮票,(postage) stamp,yóupiào
评委,evaluation committee; judging panel; judging panel member; adjudicator; abbr. for 評選委員會委員|评选委员会委员[ping2 xuan3 wei3 yuan2 hui4 wei3 yuan2],píngwěi
牢固,firm; secure,láogù
海滨,shore; seaside,hǎibīn
收音机,radio,shōuyīnjī
徘徊,to dither; to hesitate; to pace back and forth; by ext. to hover around; to linger,páihuái
大方,expert; scholar; mother earth; a type of green tea,dàfāng
组装,to assemble and install,zǔzhuāng
奢侈,luxurious; extravagant,shēchǐ
探望,to visit; to call on sb; to look around,tànwàng
傻瓜,idiot; fool,shǎguā
责怪,to blame; to rebuke,zéguài
就职,to take office; to assume a post,jiùzhí
共鸣,resonance (physics); sympathetic response to sth,gòngmíng
去掉,to get rid of; to exclude; to eliminate; to remove; to delete; to strip out; to extract,qùdiào
宋代,Song dynasty (960-1279),sòngdài
评判,to judge (a competition); to appraise,píngpàn
贴近,to press close to; to snuggle close; intimate,tiējìn
国歌,national anthem,guógē
轮椅,wheelchair,lúnyǐ
微妙,subtle,wēimiào
点名,roll call; to mention sb by name; (to call or praise or criticize sb) by name,diǎnmíng
情怀,feelings; mood,qínghuái
回忆录,memoir,huíyìlù
游玩,to amuse oneself; to have fun; to go sightseeing; to take a stroll,yóuwán
心爱,beloved,xīnài
快车,"express (train, bus etc)",kuàichē
登山,to climb a mountain; climbing; mountaineering,dēngshān
合乎,to accord with; conforming to,héhū
说明书,(technical) manual; (book of) directions; synopsis (of a play or film); specification (patent),shuōmíngshū
前沿,"front-line; forward position; outpost; extending ahead; frontier (of science, technology etc)",qiányán
胡说,to talk nonsense; drivel,húshuō
肾脏,kidney,shènzàng
抵触,to conflict; to contradict,dǐchù
发抖,to tremble; to shake; to shiver,fādǒu
回升,to rise again after a fall; to pick up; rally (stock market etc),huíshēng
地雷,landmine; (fig.) sore point; weak spot,dìléi
财力,financial resources; financial ability,cáilì
用法,usage,yòngfǎ
杜绝,to put an end to,dùjué
所作所为,one's conduct and deeds,suǒzuòsuǒwéi
个儿,size; height; stature,gèr
让座,to give up one's seat for sb,ràngzuò
高跟鞋,high-heeled shoes,gāogēnxié
供奉,to consecrate; to enshrine and worship; an offering (to one's ancestors); a sacrifice (to a god),gòngfèng
拓宽,to broaden,tuòkuān
虚弱,weak; in poor health,xūruò
头疼,headache,tóuténg
邮箱,mailbox; post office box; email; email inbox,yóuxiāng
连续剧,serialized drama; dramatic series; show in parts,liánxùjù
吸取,"to absorb; to draw (a lesson, insight etc); to assimilate",xīqǔ
摔倒,to fall down; to slip and fall; to throw sb to the ground,shuāidǎo
触犯,to violate; to offend,chùfàn
莲花,"lotus flower (Nelumbo nucifera Gaertn, among others); water-lily",liánhuā
牌照,(business) licence; vehicle licence; car registration; licence plate,páizhào
言行,words and actions; what one says and what one does,yánxíng
本领,skill; ability; capability,běnlǐng
温室,greenhouse,wēnshì
这样一来,thus; if this happens then,zhèyàngyīlái
柜台,"sales counter; front desk; bar; (of markets, medicines etc) OTC (over-the-counter)",guìtái
宽恕,to forgive; forgiveness,kuānshù
番茄,tomato,fānqié
郁闷,gloomy; depressed,yùmèn
激素,hormone,jīsù
断裂,fracture; rupture; to break apart,duànliè
司长,bureau chief,sīzhǎng
注视,to watch attentively; to gaze at,zhùshì
孙女,son's daughter; granddaughter,sūnnǚ
风味,distinctive flavor; distinctive style,fēngwèi
曙光,dawn; fig. the dawn of a new era,shǔguāng
剂量,dosage; prescribed dose of medicine,jìliàng
人手,manpower; staff; human hand,rénshǒu
遗嘱,testament; will,yízhǔ
伤感,sad; emotional; sentimental; pathos,shānggǎn
悼念,to grieve,dàoniàn
绿地,green area (e.g. urban park or garden),lǜdì
编排,to arrange; to lay out,biānpái
起伏,to move up and down; to undulate; ups and downs,qǐfú
歼灭,to wipe out; to crush; to annihilate,jiānmiè
只顾,solely preoccupied (with one thing); engrossed; focusing (on sth); to look after only one aspect,zhǐgù
艰辛,hardships; arduous; difficult,jiānxīn
伸手,to reach out with one's hand; to hold out a hand; (fig.) to beg; to get involved; to meddle,shēnshǒu
香水,perfume; cologne,xiāngshuǐ
市场经济,market economy,shìchǎngjīngjì
顽强,tenacious; hard to defeat,wánqiáng
附件,enclosure; attachment (email); appendix,fùjiàn
火锅,hotpot,huǒguō
冷酷,grim; unfeeling; callous,lěngkù
磋商,to consult; to discuss seriously; to negotiate; to confer; negotiations; consultations,cuōshāng
动画片,animated film,dònghuàpiàn
淡化,to water down; to play down; to trivialize; to weaken; to become dull with time; to desalinate; desalination,dànhuà
舍不得,to hate to do sth; to hate to part with; to begrudge,shěbude
人行道,sidewalk,rénxíngdào
渔船,fishing boat,yúchuán
轰动,to cause a sensation; to create a stir in (a place); commotion; controversy,hōngdòng
血压,blood pressure,xuèyā
旺盛,vigorous; exuberant,wàngshèng
联通,China United Telecommunications Corporation; aka China Unicom or Unicom; abbr. for 中國聯通|中国联通,liántōng
半决赛,semifinals,bànjuésài
炒作,to hype; to promote (in the media),chǎozuò
完蛋,(coll.) to be done for,wándàn
凭证,proof; certificate; receipt; voucher,píngzhèng
会意,"combined ideogram (one of the Six Methods 六書|六书[liu4 shu1] of forming Chinese characters); Chinese character that combines the meanings of existing elements; also known as joint ideogram or associative compounds; to comprehend without being told explicitly; to cotton on; knowing (smile, glance etc)",huìyì
团聚,to reunite; to have a reunion,tuánjù
自然界,nature; the natural world,zìránjiè
粗鲁,coarse; crude (in one's manner); boorish,cūlǔ
轮廓,an outline; silhouette,lúnkuò
为难,to feel embarrassed or awkward; to make things difficult (for someone); to find things difficult (to do or manage),wéinán
专长,specialty; special knowledge or ability,zhuāncháng
面部,face (body part),miànbù
旗舰,flagship,qíjiàn
颠倒,to turn upside down; to reverse; back to front; confused; deranged; crazy,diāndǎo
着火,to ignite; to burn,zháohuǒ
精通,to be proficient in; to master (a subject),jīngtōng
坦诚,candid; frank; plain dealing,tǎnchéng
劝说,to persuade; persuasion; to advise,quànshuō
特产,special local product; (regional) specialty,tèchǎn
亲眼,with one's own eyes; personally,qīnyǎn
电网,electrical network,diànwǎng
当着,in front of; in the presence of,dāngzhe
烧烤,barbecue; to roast,shāokǎo
吩咐,to tell; to instruct; to command,fēnfù
萧条,bleak; desolate; (economic) depression or slump,xiāotiáo
敏锐,keen; sharp; acute,mǐnruì
金币,gold coin,jīnbì
书房,study (room); studio,shūfáng
指甲,fingernail,zhǐjia
歌舞,singing and dancing,gēwǔ
知觉,perception; consciousness,zhījué
充斥,to be full of; to flood; to congest,chōngchì
时隔,separated in time (usu. followed by a quantity of time),shígé
重型,heavy; heavy duty; large caliber,zhòngxíng
真假,genuine or fake; true or false,zhēnjiǎ
正宗,orthodox school; fig. traditional; old school; authentic; genuine,zhèngzōng
蓝图,blueprint,lántú
取胜,to score a victory; to prevail over one's opponents,qǔshèng
张贴,to post (a notice); to advertise,zhāngtiē
愈来愈,more and more,yùláiyù
比不上,can't compare with,bǐbùshàng
骨折,to suffer a fracture; (of a bone) to break; fracture,gǔzhé
演技,acting; performing skills,yǎnjì
到头来,in the end; finally; as a result,dàotóulái
谋生,to seek one's livelihood; to work to support oneself; to earn a living,móushēng
动静,(detectable) movement; (sign of) activity; movement and stillness,dòngjìng
山坡,hillside,shānpō
时髦,in vogue; fashionable,shímáo
甜美,sweet; pleasant; happy,tiánměi
牛仔,cowboy,niúzǎi
对准,to aim at; to target; to point at; to be directed at; registration; alignment (mechanical engineering),duìzhǔn
生词,new word (in textbook); word that is unfamiliar or not yet studied,shēngcí
跳高,high jump (athletics),tiàogāo
道德经,"the Book of Dao by Laozi or Lao-Tze, the sacred text of Daoism",dàodéjīng
弄好,N/A,N/A
说情,to intercede; to plead for sb else,shuōqíng
笑语,talking and laughing; cheerful talk,xiàoyǔ
滞留,to detain; retention,zhìliú
偷看,to peep; to peek; to steal a glance,tōukàn
地道,tunnel; causeway,dìdào
姓氏,family name,xìngshì
款式,pattern; style; design,kuǎnshì
核电站,nuclear power plant,hédiànzhàn
急性,acute,jíxìng
告诫,to warn; to admonish,gàojiè
妖怪,monster; devil,yāoguài
随身,to (carry) on one's person; to (take) with one,suíshēn
来宾,Laibin prefecture-level city in Guangxi,láibīn
晶体,crystal,jīngtǐ
鸡肉,chicken meat,jīròu
新手,new hand; novice; raw recruit,xīnshǒu
纵横,"lit. warp and weft in weaving; vertically and horizontal; length and breadth; criss-crossed; able to move unhindered; abbr. for 合縱連橫|合纵连横[He2 zong4 Lian2 heng2], School of Diplomacy during the Warring States Period (475-221 BC)",zònghéng
铃声,ring; ringtone; bell stroke; tintinnabulation,língshēng
面孔,face,miànkǒng
与众不同,to stand out from the masses (idiom),yǔzhòngbùtóng
梅花,plum blossom; clubs ♣ (a suit in card games); wintersweet (dialect),méihuā
状元,top scorer in the palace examination (highest rank of the Imperial examination system); see 榜眼[bang3 yan3] and 探花[tan4 hua1]; top scorer in college entrance examination 高考[gao1 kao3]; (fig.) the most brilliantly talented person in the field; leading light,zhuàngyuán
马车,cart; chariot; carriage; buggy,mǎchē
催眠,hypnosis,cuīmián
技艺,skill; art,jìyì
北极,the North Pole; the Arctic Pole; the north magnetic pole,běijí
人工智能,artificial intelligence (AI),réngōngzhìnéng
光纤,optical fiber; fiber optics,guāngxiān
质问,to question; to ask questions; to inquire; to bring to account; to interrogate,zhìwèn
跳动,to throb; to pulse; to bounce; to jiggle; to jump about,tiàodòng
箱子,suitcase; chest; box; case; trunk,xiāngzi
笼子,cage; basket; container,lóngzi
鼓动,to agitate; to arouse; to instigate; to encite,gǔdòng
高空,high altitude,gāokōng
下调,to demote; to pass down to a lower unit,xiàdiào
通俗,common; everyday; average,tōngsú
出院,to leave hospital; to be discharged from hospital,chūyuàn
挽回,to retrieve; to redeem,wǎnhuí
匆匆,hurriedly,cōngcōng
性欲,sexual desire; lust,xìngyù
亚军,second place (in a sports contest); runner-up,yàjūn
月薪,monthly income (in kind),yuèxīn
不要紧,"unimportant; not serious; it doesn't matter; never mind; it looks all right, but",bùyàojǐn
婚纱,wedding dress,hūnshā
整齐,orderly; neat; even; tidy,zhěngqí
关掉,to switch off; to shut off,guāndiào
腐朽,rotten; decayed; decadent; degenerate,fǔxiǔ
泰山,"Mt Tai in Shandong, eastern mountain of the Five Sacred Mountains 五嶽|五岳[Wu3 yue4]",tàishān
画画,N/A,N/A
劣势,inferior; disadvantaged,lièshì
热衷,to feel strongly about; to be fond of; obsession; deep commitment,rèzhōng
禽兽,birds and animals; creature; beast (brutal person),qínshòu
直观,direct observation; directly perceived through the senses; intuitive; audiovisual,zhíguān
使劲,to exert all one's strength,shǐjìn
猜中,to guess correctly; to figure out the right answer,cāizhòng
过头,to overdo it; to overstep the limit; excessively; above one's head; overhead,guòtóu
狭隘,narrow; tight; narrow minded; lacking in experience,xiáài
地名,place name; toponym,dìmíng
合唱,chorus; to chorus,héchàng
拉动,N/A,N/A
诉说,to recount; to tell of; to relate; (fig.) (of a thing) to stand as testament to (some past history),sùshuō
简短,"brief (statement, summary etc); briefly; brevity",jiǎnduǎn
相传,to pass on; to hand down; tradition has it that ...; according to legend,xiāngchuán
支票,check (bank); cheque,zhīpiào
牵头,to lead (an animal by the head); to take the lead; to coordinate (a combined operation); to mediate; a go-between (e.g. marriage broker),qiāntóu
驾照,driver's license,jiàzhào
有所不同,to differ to some extent (idiom),yǒusuǒbùtóng
抗衡,contend against,kànghéng
火花,spark; sparkle,huǒhuā
玩耍,to play (as children do); to amuse oneself,wánshuǎ
迷路,to lose the way; lost; labyrinth; labyrinthus vestibularis (of the inner ear),mílù
不予,to withhold; to refuse,bùyú
空难,air crash; aviation accident or incident,kōngnàn
编造,to compile; to draw up; to fabricate; to invent; to concoct; to make up; to cook up,biānzào
螺旋,spiral; helix; screw,luóxuán
烟雾,smoke; mist; vapor; smog; fumes,yānwù
便捷,convenient and fast,biànjié
图画,drawing; picture,túhuà
粗糙,crude; gruff; rough; coarse,cūcāo
堵塞,to clog up; blockage,dǔsè
畅通,unimpeded; free-flowing; straight path; unclogged; move without obstruction,chàngtōng
就医,to receive medical treatment,jiùyī
用餐,to eat a meal,yòngcān
畸形,deformity; abnormality,jīxíng
承载,to bear the weight; to sustain,chéngzài
践踏,to trample,jiàntà
反过来,conversely; in reverse order; in an opposite direction,fǎnguolái
一心,wholeheartedly; heart and soul,yīxīn
审定,to examine sth and make a decision; to screen; to evaluate; to approve,shěndìng
自负,conceited; to take responsibility,zìfù
领会,to understand; to comprehend; to grasp,lǐnghuì
牵扯,to involve; to implicate; to be interrelated,qiānchě
字典,"Chinese character dictionary (containing entries for single characters, contrasted with a 詞典|词典[ci2 dian3], which has entries for words of one or more characters); (coll.) dictionary",zìdiǎn
主教练,N/A,N/A
自助,self-service,zìzhù
犯规,to break the rules; an illegality; a foul,fànguī
境地,circumstances,jìngdì
奥林匹克,Olympic,àolínpǐkè
延误,to delay; to be held up; to miss (an opportunity); delay; holdup,yánwu
出示,to show; to take out and show to others; to display,chūshì
结识,to get to know sb; to meet sb for the first time,jiéshí
断定,to conclude; to determine; to come to a judgment,duàndìng
评定,to evaluate; to make one's judgment,píngdìng
改革开放,to reform and open to the outside world; refers to Deng Xiaoping's policies from around 1980,gǎigékāifàng
丰满,"Fengman district of Jilin city 吉林市, Jilin province",fēngmǎn
字眼,wording,zìyǎn
稳健,firm; stable and steady,wěnjiàn
毛主席,"Chairman Mao; Mao Zedong 毛澤東|毛泽东 (1893-1976), Chinese Communist leader",máozhǔxí
照料,to tend; to take care of sb,zhàoliào
倒下,to collapse; to topple over,dǎoxià
培训班,training class,péixùnbān
羽毛,feather; plumage; plume,yǔmáo
蜂蜜,honey,fēngmì
微观,micro-; subatomic,wēiguān
预感,to have a premonition; premonition,yùgǎn
莫过于,nothing can surpass,mòguòyú
屡屡,again and again; repeatedly,lǚlǚ
越狱,to break out of prison; to jailbreak (an iOS device etc),yuèyù
欠缺,to be deficient in; lapse; deficiency,qiànquē
客房,guest room,kèfáng
呼应,to conform (with); to echo; to correlate well; (linguistics) agreement,hūyìng
看望,to visit; to pay a call to,kànwàng
唤起,"to waken (to action); to rouse (the masses); to evoke (attention, recollection etc)",huànqǐ
芒果,mango (loanword),mángguǒ
光盘,compact disc; CD or DVD; CD ROM,guāngpán
贵宾,honored guest; distinguished guest; VIP,guìbīn
光彩,luster; splendor; radiance; brilliance,guāngcǎi
信箱,mailbox; post office box,xìnxiāng
继而,then; afterwards,jìér
卡子,clip; hair fastener; checkpoint,qiǎzi
乱七八糟,everything in disorder (idiom); in a hideous mess; at sixes and sevens,luànqībāzāo
值班,to work a shift; on duty,zhíbān
风流,distinguished and accomplished; outstanding; talented in letters and unconventional in lifestyle; romantic; dissolute; loose,fēngliú
气势,imposing manner; loftiness; grandeur; energetic looks; vigor,qìshì
记号,mark; symbol; notation; seal,jìhao
假冒,to impersonate; to pose as (someone else); to counterfeit; to palm off (a fake as a genuine),jiǎmào
团伙,(criminal) gang; gang member; accomplice; crony,tuánhuǒ
开阔,wide; open (spaces); to open up,kāikuò
性情,nature; temperament,xìngqíng
责备,to blame; to criticize; condemnation; reproach,zébèi
装扮,to decorate; to adorn; to dress up; to disguise oneself,zhuāngbàn
独立自主,independent and autonomous (idiom); self-determination; to act independently; to maintain control over one's own affairs,dúlìzìzhǔ
烟火,smoke and fire; fireworks,yānhuǒ
酝酿,(of alcohol) to ferment; (of a crisis) to be brewing; to mull over (an issue); to hold exploratory discussions,yùnniàng
寄托,"to entrust (to sb); to place (one's hope, energy etc) in; a thing in which you invest (your hope, energy etc)",jìtuō
照相,to take a photograph,zhàoxiàng
品德,moral character,pǐndé
发起人,proposer; initiator; founding member,fāqǐrén
外头,outside; out,wàitou
日历,calendar,rìlì
颤抖,to shudder; to shiver; to shake; to tremble,chàndǒu
特长,personal strength; one's special ability or strong points,tècháng
短裤,short pants; shorts,duǎnkù
感慨,"to sigh with sorrow, regret etc; rueful; deeply moved",gǎnkǎi
顺应,to comply; to conform to; in tune with; adapting to; to adjust to,shùnyìng
筹码,bargaining chip; gaming chip; casino token,chóumǎ
水手,mariner; sailor; seaman,shuǐshǒu
风貌,style; manner; ethos,fēngmào
宣读,to read out loud to an audience; a prepared speech (e.g. to a party conference),xuāndú
造假,to counterfeit; to pass off a fake as genuine,zàojiǎ
哎呀,"interjection of wonder, shock or admiration",āiyā
民办,run by the local people; privately operated,mínbàn
轻型,"light (machinery, aircraft etc)",qīngxíng
全心全意,heart and soul; wholeheartedly,quánxīnquányì
哈哈哈,N/A,N/A
不平,uneven; injustice; unfairness; wrong; grievance; indignant; dissatisfied,bùpíng
停顿,to halt; to break off; pause (in speech),tíngdùn
辨别,to differentiate; to distinguish; to discriminate,biànbié
冰雪,ice and snow,bīngxuě
步入,to step into; to enter,bùrù
丑恶,ugly; repulsive,chǒuè
火炬,(flaming) torch,huǒjù
瓶颈,bottleneck,píngjǐng
失眠,to suffer from insomnia,shīmián
辩解,to explain; to justify; to defend (a point of view etc); to provide an explanation; to try to defend oneself,biànjiě
悲痛,grieved; sorrowful,bēitòng
心得,"what one has learned (through experience, reading etc); knowledge; insight; understanding; tips",xīndé
橘子,tangerine,júzi
堆积,to pile up; to heap; accumulation,duījī
先天,inborn; innate; natural,xiāntiān
苦恼,vexed; distressed,kǔnǎo
试行,to try out; to test,shìxíng
瓶子,bottle,píngzi
边疆,border area; borderland; frontier; frontier region,biānjiāng
诸位,(pron) everyone; Ladies and Gentlemen; Sirs,zhūwèi
忘掉,to forget,wàngdiào
罐头,tin; can,guàntou
厌烦,bored; fed up with sth; sick of sth,yànfán
风筝,kite,fēngzhēng
当面,to sb's face; in sb's presence,dāngmiàn
经受,to undergo (hardship); to endure; to withstand,jīngshòu
戴上,to put on (hat etc),dàishang
坦白,honest; forthcoming; to confess,tǎnbái
月票,monthly ticket,yuèpiào
掉队,to fall behind; to drop out,diàoduì
叹息,to sigh; to gasp (in admiration),tànxī
上头,(of alcohol) to go to one's head; (old) (of a bride-to-be) to bind one's hair into a bun; (of a prostitute) to receive a patron for the first time,shàngtóu
地下室,basement; cellar,dìxiàshì
摔跤,to trip and fall; to wrestle; wrestling (sports),shuāijiāo
交警,traffic police; abbr. for 交通警察,jiāojǐng
美德,USA and Germany,měidé
重创,to inflict heavy losses; to inflict serious damage,zhòngchuāng
前台,stage; proscenium; foreground in politics etc (sometimes derog.); front desk; reception desk; (computing) front-end; foreground,qiántái
一无所有,not having anything at all (idiom); utterly lacking; without two sticks to rub together,yīwúsuǒyǒu
晚报,evening newspaper; (in a newspaper's name) Evening News,wǎnbào
派别,denomination; group; school; faction; school of thought,pàibié
并行,"to proceed in parallel; side by side (of two processes, developments, thoughts etc)",bìngxíng
破除,to eliminate; to do away with; to get rid of,pòchú
情愿,willingness; would rather (agree to X than Y),qíngyuàn
电线,wire; power cord,diànxiàn
姨妈,(coll.) mother's sister; maternal aunt,yímā
欣慰,to be gratified,xīnwèi
少见,rare; not familiar (to the speaker); sth rarely experience; hard to see,shǎojiàn
呻吟,to moan; to groan,shēnyín
日程,schedule; itinerary,rìchéng
复原,to restore (sth) to (its) former condition; to recover from illness; recovery,fùyuán
高龄,elderly,gāolíng
投稿,to submit articles for publication; to contribute (writing),tóugǎo
潜能,potential; hidden capability,qiánnéng
领养,adoption; to adopt (a child),lǐngyǎng
痛快,delighted; to one's heart's content; straightforward; also pr. [tong4 kuai5],tòngkuài
露面,to show one's face; to appear (in public),lòumiàn
港币,Hong Kong currency; Hong Kong dollar,gǎngbì
灰尘,dust,huīchén
执着,to be strongly attached to; to be dedicated; to cling to,zhízhuó
通风,airy; ventilation; to ventilate; to disclose information,tōngfēng
乌鸦,crow; raven,wūyā
山路,mountain road,shānlù
喝醉,to get drunk,hēzuì
防疫,disease prevention; protection against epidemic,fángyì
侄子,brother's son; nephew,zhízi
舍得,to be willing to part with sth,shěde
平价,reasonably priced; inexpensive; to keep prices down; (currency exchange) parity,píngjià
花卉,flowers and plants,huāhuì
麻醉,anesthesia; (fig.) to poison (sb's mind),mázuì
开张,to open a business; first transaction of a business day,kāizhāng
稀少,sparse; rare,xīshǎo
京剧,Beijing opera,jīngjù
丢弃,to discard; to abandon,diūqì
燃气,"fuel gas (coal gas, natural gas, methane etc)",ránqì
挑起,to provoke; to stir up; to incite,tiǎoqǐ
抬起,to lift up,táiqǐ
攻读,to major (in a field); to study a specialty to obtain a higher degree,gōngdú
湿度,humidity level,shīdù
神马,mythical horse; Internet slang for 什麼|什么[shen2 me5],shénmǎ
下山,(of the sun) to set,xiàshān
徒步,to be on foot,túbù
海内外,domestic and international; at home and abroad,hǎinèiwài
计较,to bother about; to haggle; to bicker; to argue; plan; stratagem,jìjiào
外壳,envelope; outer shell; hull; cover; case,wàiké
破灭,"to be shattered; to be annihilated (of hope, illusions etc)",pòmiè
警车,police car,jǐngchē
窒息,to choke; to stifle; to suffocate,zhìxī
慎重,cautious; careful; prudent,shènzhòng
遵照,in accordance with; to follow (the rules),zūnzhào
和气,friendly; polite; amiable,héqi
纸币,bank notes; paper currency,zhǐbì
篇幅,length (of a piece of writing); space occupied on a printed page,piānfu
社员,"commune member (PRC, 1958-1985); member of a society (or other organization)",shèyuán
沙龙,salon (loanword),shālóng
丰收,bumper harvest,fēngshōu
燃油,fuel oil,rányóu
引人注目,to attract attention; eye-catching; conspicuous,yǐnrénzhùmù
造价,construction cost,zàojià
高血压,high blood pressure; hypertension,gāoxuèyā
灌输,to imbue with; to inculcate; to instill into; to teach; to impart; to channel water to another place,guànshū
无赖,hoodlum; rascal; rogue; rascally; scoundrelly,wúlài
生机,opportunity to live; to reprieve from death; life force; vitality,shēngjī
奖牌,medal (awarded as a prize),jiǎngpái
妥当,appropriate; proper; ready,tuǒdang
乘车,to ride (in a car or carriage); to drive; to motor,chéngchē
风采,svelte; elegant manner; graceful bearing,fēngcǎi
一无所知,not knowing anything at all (idiom); completely ignorant; without an inkling,yīwúsuǒzhī
包袱,wrapping cloth; a bundle wrapped in cloth; load; weight; burden; funny part; punchline,bāofu
快捷,quick; fast; nimble; agile; (computer) shortcut,kuàijié
自然而然,involuntary; automatically,zìránérrán
渊源,origin; source; relationship,yuānyuán
定时,to fix a time; fixed time; timed (of explosive etc),dìngshí
惩处,to punish; to administer justice,chéngchǔ
器械,apparatus; instrument; equipment; weapon,qìxiè
完好,intact; in good condition,wánhǎo
走近,to approach; to draw near to,zǒujìn
降温,"to become cooler; to lower the temperature; cooling; (of interest, activity etc) to decline",jiàngwēn
汇聚,convergence; to come together,huìjù
转机,(to take) a turn for the better; to change planes,zhuǎnjī
收视率,ratings (of a TV show),shōushìlǜ
礼品,gift; present,lǐpǐn
民工,migrant worker; temporary worker enlisted on a public project,míngōng
观望,to wait and see; to watch from the sidelines; to look around; to survey,guānwàng
概论,outline; introduction; survey; general discussion,gàilùn
上当,taken in (by sb's deceit); to be fooled; to be duped,shàngdàng
三维,three-dimensional; 3D,sānwéi
摇晃,to rock; to shake; to sway,yáohuàng
正版,genuine; legal; see also 盜版|盗版[dao4 ban3],zhèngbǎn
重任,heavy responsibility,zhòngrèn
不能不,have to; cannot but,bùnéngbù
捐助,to donate; to offer (aid); contribution; donation,juānzhù
报销,to submit an expense account; to apply for reimbursement; to write off; to wipe out,bàoxiāo
化肥,fertilizer,huàféi
免职,to relieve sb of his post; to sack; to demote; dismissal; sacking,miǎnzhí
奋力,to do everything one can; to spare no effort; to strive,fènlì
求学,to seek knowledge; to study; to attend college,qiúxué
接替,to replace; to take over (a position or post),jiētì
转告,to pass on; to communicate; to transmit,zhuǎngào
升温,to become hot; temperature rise; (fig.) to intensify; to hot up; to escalate; to get a boost,shēngwēn
微弱,weak; faint; feeble,wēiruò
诺言,promise,nuòyán
聘用,to employ; to hire,pìnyòng
随手,conveniently; without extra trouble; while doing it; in passing,suíshǒu
回馈,to repay a favor; to give back; feedback,huíkuì
入场,"to enter the venue for a meeting; to enter into an examination; to enter a stadium, arena etc",rùchǎng
参展,to exhibit at or take part in a trade show etc,cānzhǎn
识字,to learn to read,shízì
受灾,disaster-stricken; to be hit by a natural calamity,shòuzāi
卷子,steamed roll; spring roll,juǎnzi
开垦,to clear a wild area for cultivation; to put under the plow,kāikěn
惭愧,ashamed,cánkuì
如实,as things really are; realistic,rúshí
鳄鱼,alligator; crocodile,èyú
胚胎,embryo,pēitāi
亲情,"affection; family love; love, esp. within a married couple or between parents and children",qīnqíng
噪声,noise,zàoshēng
演练,to do a drill; to practice; training; drill,yǎnliàn
改版,to revise the current edition; revised edition,gǎibǎn
腐烂,to rot; to putrefy; (fig.) corrupt,fǔlàn
新颖,lit. new bud; fig. new and original,xīnyǐng
莫名其妙,(idiom) baffling; inexplicable,mòmíngqímiào
求救,to cry for help,qiújiù
手脚,hand and foot; movement of limbs; action; trick; step in a procedure (CL:道[dao4]),shǒujiǎo
工序,working procedure; process,gōngxù
棘手,thorny (problem); intractable,jíshǒu
体面,"dignity; face (as in ""losing face""); honorable; creditable; (of sb's appearance) presentable; respectable",tǐmiàn
抑郁,depressed; despondent; gloomy; depression,yìyù
貌似,to appear to be; to seem as if,màosì
熟人,acquaintance; friend,shúrén
抢夺,to plunder; to pillage; to forcibly take,qiǎngduó
商业银行,commercial bank,shāngyèyínháng
受苦,to suffer hardship,shòukǔ
沉淀,to settle; to precipitate (solid sediment out of a solution),chéndiàn
接轨,railtrack connection; to integrate into sth; to dock; to connect; to be in step with; to bring into line with; to align,jiēguǐ
自立,independent; self-reliant; self-sustaining; to stand on one's own feet; to support oneself,zìlì
评论员,N/A,N/A
深信,to believe firmly,shēnxìn
炎热,blistering hot; sizzling hot (weather),yánrè
深切,deeply felt; heartfelt; sincere; honest,shēnqiè
烤肉,barbecue (lit. roast meat),kǎoròu
好奇心,interest in sth; curiosity; inquisitive,hàoqíxīn
脱身,to get away; to escape (from obligations); to free oneself; to disengage,tuōshēn
投掷,to throw sth a long distance; to hurl; to throw at; to throw (dice etc); to flip (a coin),tóuzhì
对白,dialogue (in a movie or a play),duìbái
多方面,many-sided; in many aspects,duōfāngmiàn
修补,to mend,xiūbǔ
实况,live (e.g. broadcast or recording); what is actually happening; scene; the real situation,shíkuàng
庄严,solemn; dignified; stately,zhuāngyán
鄙视,to despise; to disdain; to look down upon,bǐshì
滋润,moist; humid; to moisten; to provide moisture; comfortably off,zīrùn
孵化,breeding; to incubate; innovation (esp. in commerce and marketing),fūhuà
图纸,blueprint; drawing; design plans; graph paper,túzhǐ
子弟,child; the younger generation,zǐdì
肝脏,liver,gānzàng
穿戴,to dress; clothing,chuāndài
活性,(chemistry) activity; active; activated,huóxìng
天性,nature; innate tendency,tiānxìng
公用,public; for public use,gōngyòng
拖拉机,tractor,tuōlājī
车轮,wheel,chēlún
元旦,New Year's Day,yuándàn
委屈,to feel wronged; to cause sb to feel wronged; grievance,wěiqu
分量,(vector) component,fēnliàng
低迷,blurred (landscape etc); low (spirits); in a slump (economy),dīmí
发热,to have a high temperature; feverish; unable to think calmly; to emit heat,fārè
抚摸,to gently caress and stroke; to pet; to fondle,fǔmō
缩水,to shrink (in the wash); fig. to shrink (of profits etc),suōshuǐ
往常,usual; customary,wǎngcháng
丘陵,hills,qiūlíng
也罢,(reduplicated) whether... or...; never mind; fine (indicating acceptance or resignation),yěbà
外婆,(coll.) mother's mother; maternal grandmother,wàipó
一瞬间,split second,yīshùnjiān
管理费,N/A,N/A
大款,very wealthy person,dàkuǎn
油漆,oil paints; lacquer; to paint,yóuqī
钢筋,steel reinforcing bar,gāngjīn
成型,to become shaped; to become formed,chéngxíng
海鲜,seafood,hǎixiān
小康,"Xiaokang, a Confucian near-ideal state of society, second only to Datong 大同[Da4 tong2]",xiǎokāng
小贩,peddler; hawker,xiǎofàn
高额,high quota; large amount,gāoé
艰巨,arduous; terrible (task); very difficult; formidable,jiānjù
丝绸,silk cloth; silk,sīchóu
简陋,simple and crude,jiǎnlòu
扣除,to deduct,kòuchú
料到,to foresee; to anticipate,liàodào
初衷,original intention,chūzhōng
敬意,respect; tribute,jìngyì
花瓣,petal,huābàn
参军,to join the army,cānjūn
过期,to be overdue; to exceed the time limit; to expire (as in expiration date),guòqī
登机,to board a plane,dēngjī
出头,to get out of a predicament; to stick out; to take the initiative; remaining odd fraction after a division; a little more than,chūtóu
有幸,fortunately,yǒuxìng
条纹,stripe,tiáowén
念书,to read; to study,niànshū
新式,new style; latest type,xīnshì
射手,archer; shooter; marksman; (football etc) striker,shèshǒu
岳父,"wife's father, father-in-law",yuèfù
亲热,affectionate; intimate; warmhearted; to get intimate with sb,qīnrè
抵挡,to resist; to hold back; to stop; to ward off; to withstand,dǐdǎng
天桥,"Tianqiao district of Jinan city 濟南市|济南市[Ji3 nan2 shi4], Shandong; Tianqiao district in Beijing, formerly a center of folk culture",tiānqiáo
有序,regular; orderly; successive; in order,yǒuxù
香味,fragrance; bouquet; sweet smell,xiāngwèi
结实,to bear fruit,jiēshí
池塘,pool; pond,chítáng
体贴,considerate (of other people's needs),tǐtiē
披萨,pizza (loanword),pīsà
扣留,to detain; to arrest; to hold; to confiscate,kòuliú
胡闹,to act willfully and make a scene; to make trouble,húnào
捐献,to donate; to contribute; donation; contribution,juānxiàn
义工,volunteer worker; volunteer work,yìgōng
怀里,embrace; bosom,huáilǐ
车道,traffic lane; driveway,chēdào
高昂,to hold (one's head) high; expensive; high (spirits etc),gāoáng
沉浸,to soak; to permeate; to immerse,chénjìn
感性,perception; perceptual; sensibility; sensitive; emotional; sentimental,gǎnxìng
公示,N/A,N/A
放纵,to indulge; to pamper; to connive at; permissive; indulgent; self-indulgent; unrestrained; undisciplined; uncultured; boorish,fàngzòng
无私,selfless; unselfish; disinterested; altruistic,wúsī
次要,secondary,cìyào
遗弃,to leave; to abandon,yíqì
先例,antecedent; precedent,xiānlì
球星,sports star (ball sport),qiúxīng
农民工,migrant workers,nóngmíngōng
强壮,strong; sturdy; robust,qiángzhuàng
像素,pixel,xiàngsù
土匪,bandit,tǔfěi
长假,long vacation,chángjià
湿润,moist,shīrùn
密封,to seal up,mìfēng
围棋,the game of Go,wéiqí
跑车,racing bicycle; sporting bicycle; sports car; logging truck; on the job (of a train conductor),pǎochē
宇航员,astronaut,yǔhángyuán
扫除,to sweep; to clean with a brush; to sweep away (often fig.),sǎochú
哀悼,to grieve over sb's death; to lament sb's death; mourning,āidào
走开,to leave; to walk away; to beat it; to move aside,zǒukāi
白白,in vain; to no purpose; for nothing; white,báibái
二维码,two-dimensional barcode; QR code,èrwéimǎ
报答,to repay; to requite,bàodá
山庄,manor house; villa; (used in hotel names),shānzhuāng
惯性,(physics) inertia; (fig.) force of habit; tendency to do things in the accustomed way; habitual,guànxìng
路程,route; path traveled; distance traveled; course (of development),lùchéng
刹车,to brake (when driving); to stop; to switch off; to check (bad habits); a brake,shāchē
没落,to decline; to wane,mòluò
祖宗,ancestor; forebear,zǔzōng
中奖,to win a prize; a successful gamble,zhòngjiǎng
饭碗,rice bowl; fig. livelihood; job; way of making a living,fànwǎn
多功能,multi-functional; multi-function,duōgōngnéng
背心,"sleeveless garment (vest, waistcoat, singlet, tank top etc)",bèixīn
集装箱,container (for shipping),jízhuāngxiāng
竭力,to do one's utmost,jiélì
吻合,to be a good fit; to be identical with; to adjust oneself to; to fit in,wěnhé
用处,usefulness,yòngchu
阶梯,flight of steps; (fig.) a means of advancement; stepping stone,jiētī
功臣,minister who has given outstanding service,gōngchén
本意,original idea; real intention; etymon,běnyì
钱财,wealth; money,qiáncái
补习,to take extra lessons in a cram school or with a private tutor,bǔxí
香料,spice; flavoring; condiment; perfume,xiāngliào
矛头,spearhead; barb; an attack or criticism,máotóu
打通,to open access; to establish contact; to remove a block; to put through (a phone connection),dǎtōng
前不久,not long ago; not long before,qiánbùjiǔ
无理,irrational; unreasonable,wúlǐ
千方百计,"lit. thousand ways, a hundred plans (idiom); by every possible means",qiānfāngbǎijì
感想,impressions; reflections; thoughts,gǎnxiǎng
咱俩,the two of us,zánliǎ
互补,complementary; to complement each other,hùbǔ
瓷器,chinaware; porcelain,cíqì
隐身,to hide oneself; invisible (person or online status),yǐnshēn
段落,phase; time interval; paragraph; (written) passage,duànluò
胡萝卜,carrot,húluóbo
不用说,needless to say; it goes without saying,bùyòngshuō
首饰,jewelry; head ornament,shǒushì
几率,probability; odds,jīlǜ
磁带,magnetic tape,cídài
勃起,erection; to have an erection,bóqǐ
潜意识,unconscious mind; subconscious mind; subconsciousness,qiányìshí
冷冻,to freeze; to deep-freeze,lěngdòng
沿途,along the sides of the road; by the wayside,yántú
冷淡,cold; indifferent,lěngdàn
相通,interlinked; connected; communicating; in communication; accommodating,xiāngtōng
查找,to search for; to look up,cházhǎo
换言之,in other words,huànyánzhī
振奋,to stir oneself up; to raise one's spirits; to inspire,zhènfèn
鉴别,to differentiate; to distinguish,jiànbié
搜救,search and rescue,sōujiù
剧目,repertoire; list of plays or operas,jùmù
士气,morale,shìqì
母子,mother and child; parent and subsidiary (companies); principal and interest,mǔzǐ
诱发,to induce; to cause; to elicit; to trigger,yòufā
不利于,N/A,N/A
达标,to reach a set standard,dábiāo
亚运会,Asian Games,yàyùnhuì
雪山,N/A,N/A
不免,inevitably,bùmiǎn
小提琴,fiddle; violin,xiǎotíqín
谅解,to understand; to make allowances for; understanding,liàngjiě
浓缩,to concentrate (a liquid); concentration; espresso coffee; abbr. for 意式濃縮咖啡|意式浓缩咖啡,nóngsuō
歹徒,evildoer; malefactor; gangster; hoodlum,dǎitú
顺从,obedient; to comply; to submit; to defer,shùncóng
莫非,can it be possible that; could it be,mòfēi
草坪,lawn,cǎopíng
四肢,the four limbs of the body,sìzhī
要害,vital part; (fig.) key point; crucial,yàohài
分红,dividend; to award a bonus,fēnhóng
嘉年华,carnival (loanword),jiāniánhuá
递给,N/A,N/A
筹集,to collect money; to raise funds,chóují
劫持,to kidnap; to hijack; to abduct; to hold under duress,jiéchí
行贿,to bribe; to give bribes,xínghuì
异地,different place; abroad,yìdì
蒸发,to evaporate; evaporation,zhēngfā
一早,early in the morning; at dawn,yīzǎo
有效期,period of validity; sell-by date,yǒuxiàoqī
急于,eager to; in a hurry to,jíyú
宽阔,expansive; wide; width; thickness,kuānkuò
一般来说,generally speaking,yībānláishuō
退休金,retirement pay; pension,tuìxiūjīn
常人,ordinary person,chángrén
涂料,paint,túliào
中性,neutral,zhōngxìng
甘心,to be willing to; to resign oneself to,gānxīn
汽水,soda; pop,qìshuǐ
水管,water pipe,shuǐguǎn
返还,restitution; return of something to its original owner; remittance,fǎnhuán
门诊,outpatient service,ménzhěn
勒索,to blackmail; to extort,lèsuǒ
水灾,flood; flood damage,shuǐzāi
口腔,oral cavity,kǒuqiāng
阿拉伯语,Arabic (language),ālābóyǔ
外号,nickname,wàihào
工夫,(old) laborer,gōngfū
裂缝,crack; crevice,lièfèng
当心,to take care; to look out,dāngxīn
操心,to worry about,cāoxīn
扑克,poker (game) (loanword); playing cards,pūkè
连夜,that very night; through the night; for several nights in a row,liányè
情结,complex (psychology),qíngjié
小路,minor road; lane; pathway; trail,xiǎolù
核能,nuclear energy,hénéng
位子,place; seat,wèizi
放屁,to fart; to break wind; to talk nonsense; Utter rubbish!,fàngpì
加倍,to double; to redouble,jiābèi
敲门,to knock on a door,qiāomén
极少数,extremely few; a small minority,jíshǎoshù
摄像机,video camera,shèxiàngjī
搞好,to do well at; to do a good job,gǎohǎo
收敛,"to dwindle; to vanish; to make vanish; to exercise restraint; to curb (one's mirth, arrogance etc); to astringe; (math.) to converge",shōuliǎn
辜负,to fail to live up (to expectations); unworthy (of trust); to let down; to betray (hopes); to disappoint,gūfù
减免,"to reduce or waive (taxes, punishment, rent, tuition etc)",jiǎnmiǎn
查明,to investigate and find out; to ascertain,chámíng
怀旧,to feel nostalgic; nostalgia,huáijiù
未成年人,minor (i.e. person under 18),wèichéngniánrén
着迷,to be fascinated; to be captivated,zháomí
落户,to settle; to set up home,luòhù
上厕所,N/A,N/A
比试,to have a competition; to measure with one's hand or arm; to make a gesture of measuring,bǐshì
暴风雨,rainstorm; storm; tempest,bàofēngyǔ
良性,positive (in its effect); leading to good consequences; virtuous; (medicine) benign (tumor etc),liángxìng
要命,to cause sb's death; very; extremely; frightening; annoying,yàomìng
少有,rare; infrequent,shǎoyǒu
阴暗,dim; dark; overcast; darkness; shadow; (fig.) dismal; gloomy; somber; murky; shadowy (side),yīnàn
抽屉,drawer,chōuti
母女,mother-daughter,mǔnǚ
奥秘,secret; mystery,àomì
谦虚,modest; self-effacing; to make modest remarks,qiānxū
眉毛,eyebrow,méimao
瘟疫,epidemic; plague; pestilence; diseased,wēnyì
心碎,heartbroken; extreme depth of sorrow,xīnsuì
矫正,to correct; to rectify (e.g. a physical defect such as hearing or vision); to cure; rectification; correction; to straighten,jiǎozhèng
蜜蜂,bee; honeybee,mìfēng
细微,tiny; minute; fine; subtle; sensitive (instruments),xìwēi
太极,"the Absolute or Supreme Ultimate, the source of all things according to some interpretations of Chinese mythology",tàijí
整数,whole number; integer (math.); round figure,zhěngshù
推移,(of time) to elapse or pass; (of a situation) to develop or evolve,tuīyí
举手,to raise a hand; to put up one's hand (as signal),jǔshǒu
黄昏,dusk; evening; nightfall,huánghūn
敬畏,to revere,jìngwèi
手艺,craftmanship; workmanship; handicraft; trade,shǒuyì
奢侈品,luxury good,shēchǐpǐn
树枝,branch; twig,shùzhī
闪烁,flickering; twinkling; evasive; vague (of speech),shǎnshuò
电磁,electromagnetic,diàncí
潇洒,confident and at ease; free and easy,xiāosǎ
蓬勃,vigorous; flourishing; full of vitality,péngbó
触摸,to touch,chùmō
实惠,tangible benefit; material advantages; cheap; economical; advantageous (deal); substantial (discount),shíhuì
陨石,meteorite; aerolite,yǔnshí
胆子,courage; nerve; guts,dǎnzi
南瓜,pumpkin,nánguā
汇款,to remit money; remittance,huìkuǎn
民歌,folk song,míngē
赤字,(financial) deficit; red letter,chìzì
微微,slight; faint; humble,wēiwēi
鸽子,pigeon; dove; various birds of the family Columbidae,gēzi
光滑,glossy; sleek; smooth,guānghuá
科幻,science fiction; abbr. for 科學幻想|科学幻想[ke1 xue2 huan4 xiang3],kēhuàn
涌入,to come pouring in; influx,yǒngrù
仙女,fairy,xiānnǚ
疏忽,to neglect; to overlook; negligence; carelessness,shūhu
铜牌,bronze medal; bronze plaque bearing a business name or logo etc,tóngpái
宛如,to be just like,wǎnrú
收复,to recover (lost territory etc); to recapture,shōufù
救命,to save sb's life; (interj.) Help!; Save me!,jiùmìng
畜牧,to raise animals,xùmù
一路上,N/A,N/A
洗衣机,washer; washing machine,xǐyījī
黑手,malign agent who manipulates from behind the scenes; hidden hand; (Tw) mechanic; blue-collar worker; manual laborer,hēishǒu
直播员,N/A,N/A
追赶,to pursue; to chase after; to accelerate; to catch up with; to overtake,zhuīgǎn
新款,new style; latest fashion; new model,xīnkuǎn
领悟,to understand; to comprehend,lǐngwù
埋怨,to complain; to grumble (about); to reproach; to blame,mányuàn
手掌,palm,shǒuzhǎng
剪刀,scissors,jiǎndāo
晚宴,banquet; dinner party; soiree,wǎnyàn
美貌,good looks; beauty; good-looking,měimào
问卷,questionnaire,wènjuàn
截然不同,entirely different; different as black and white,jiéránbùtóng
踏实,firmly-based; steady; steadfast; to have peace of mind; free from anxiety; Taiwan pr. [ta4 shi2],tāshi
礼堂,assembly hall; auditorium,lǐtáng
应聘,to accept a job offer; to apply for an advertised position,yìngpìn
接力,relay,jiēlì
懒得,not to feel like (doing sth); disinclined to,lǎndé
踢球,N/A,N/A
抓好,N/A,N/A
交接,(of two things) to come into contact; to meet; to hand over to; to take over from; to associate with; to have friendly relations with; to have sexual intercourse,jiāojiē
指点,to point out; to indicate; to give directions; to show how (to do sth); to censure; to pick at,zhǐdiǎn
深情,deep emotion; deep feeling; deep love,shēnqíng
兽医,veterinarian; veterinary surgeon; vet,shòuyī
炫耀,dazzling; to show off; to flaunt,xuànyào
饮水,drinking water,yǐnshuǐ
意想不到,unexpected; previously unimagined,yìxiǎngbùdào
沉迷,to be engrossed; to be absorbed with; to lose oneself in; to be addicted to,chénmí
关头,juncture; moment,guāntóu
打印机,printer,dǎyìnjī
惊慌,to panic; to be alarmed,jīnghuāng
打听,to ask about; to make some inquiries; to ask around,dǎting
开销,to pay (expenses); expenses; (old) to dismiss (an employee),kāixiāo
迎合,to cater to; to pander to,yínghé
分担,"to share (a burden, a cost, a responsibility)",fēndān
小品,"short, simple literary or artistic creation; essay; skit",xiǎopǐn
定论,final conclusion; accepted argument,dìnglùn
合影,to take a joint photo; group photo,héyǐng
棋子,chess piece,qízǐ
牢记,to keep in mind; to remember,láojì
上调,to raise (prices); to adjust upwards,shàngtiáo
追问,to question closely; to investigate in detail; to examine minutely; to get to the heart of the matter,zhuīwèn
瓜分,to partition; to divide up,guāfēn
试探,to sound out; to probe; to feel out; to try out,shìtàn
无畏,N/A,N/A
整洁,neatly; tidy,zhěngjié
球拍,racket,qiúpāi
居民楼,N/A,N/A
推算,to calculate; to reckon; to extrapolate (in calculation),tuīsuàn
当众,in public; in front of everybody,dāngzhòng
交际,communication; social intercourse,jiāojì
繁华,flourishing; bustling,fánhuá
纪实,record of actual events; documentary (factual rather than fictional),jìshí
万分,very much; extremely; one ten thousandth part,wànfēn
大面积,N/A,N/A
通胀,inflation,tōngzhàng
分辨率,"resolution (of images, monitors, scanners etc)",fēnbiànlǜ
衷心,heartfelt; wholehearted; cordial,zhōngxīn
马桶,chamber pot; wooden pan used as toilet; toilet bowl,mǎtǒng
轮船,steamship; steamer; ocean liner; ship,lúnchuán
满怀,to have one's heart filled with; (to collide) full on; (of farm animals) heavy with young,mǎnhuái
泥土,earth; soil; mud; clay,nítǔ
迫不及待,impatient (idiom); in a hurry; itching to get on with it,pòbùjídài
冷气,air conditioning (Tw),lěngqì
兄弟姐妹,brothers and sisters; siblings,xiōngdìjiěmèi
羽毛球,shuttlecock; badminton,yǔmáoqiú
尊贵,respected; respectable; honorable,zūnguì
现成,ready-made; readily available,xiànchéng
摇摆,to sway; to wobble; to waver,yáobǎi
商讨,to discuss; to deliberate,shāngtǎo
海绵,"sponge (zoology); sponge (piece of absorbent material, either natural or made from plastic etc); foam rubber",hǎimián
身价,"social status; price of a slave; price of a person (a sportsman etc); worth; value (of stocks, valuables etc)",shēnjià
学年,academic year,xuénián
裸露,naked; bare; uncovered; exposed,luǒlù
孕育,"to be pregnant; to produce offspring; to nurture (a development, school of thought, artwork etc); fig. replete with (culture etc)",yùnyù
无关紧要,indifferent; insignificant,wúguānjǐnyào
煤气,coal gas; gas (fuel),méiqì
通讯员,correspondent; reporter; messenger boy,tōngxùnyuán
心血,heart's blood; expenditure (for some project); meticulous care,xīnxuè
血缘,bloodline,xuèyuán
话费,call charge,huàfèi
洋葱,onion (Allium cepa); bulb onion,yángcōng
安稳,smooth and steady,ānwěn
耳光,a slap on the face,ěrguāng
自以为是,to believe oneself infallible (idiom); to be opinionated,zìyǐwéishì
鼠标,mouse (computing),shǔbiāo
琢磨,to carve and polish (jade); to polish and refine a literary work,zhuómó
滚动,to roll; (to do sth) in a loop; to scroll (computing); to progressively expand (economics); to rumble (of thunder),gǔndòng
路段,N/A,N/A
廉洁,honest; not coercive; honesty; integrity; incorruptible,liánjié
名言,saying; famous remark,míngyán
老汉,old man; I (an old man referring to himself),lǎohàn
发脾气,to get angry,fāpíqì
看样子,it seems; it looks as if,kànyàngzi
正能量,positive energy; positivity,zhèngnéngliàng
请假,to request leave of absence,qǐngjià
偏远,remote; far from civilization,piānyuǎn
去向,the position of sth; whereabouts,qùxiàng
塞车,traffic jam,sāichē
处方,medical prescription; recipe; formula,chǔfāng
叫作,to call; to be called,jiàozuò
按键,button or key (on a device); keystroke; to press a button,ànjiàn
紧接着,N/A,N/A
王后,queen,wánghòu
幸亏,fortunately; luckily,xìngkuī
舅舅,mother's brother; maternal uncle (informal),jiùjiu
冒充,to feign; to pretend to be; to pass oneself off as,màochōng
疏远,to drift apart; to become estranged; to alienate; estrangement,shūyuǎn
悬殊,widely different; large disparity,xuánshū
攻关,to storm a strategic pass; fig. to tackle a key problem,gōngguān
不料,unexpectedly; to one's surprise,bùliào
总而言之,in short; in a word; in brief,zǒngéryánzhī
活该,(coll.) serve sb right; deservedly; ought; should,huógāi
各式各样,(of) all kinds and sorts; various,gèshìgèyàng
唯独,only; just (i.e. it is only that...); all except; unique,wéidú
吓唬,to scare; to frighten,xiàhu
挤压,to squeeze; to press; to extrude,jǐyā
凉爽,cool and refreshing,liángshuǎng
只管,"solely engrossed in one thing; just (one thing, no need to worry about the rest); simply; by all means; please feel free; do not hesitate (to ask for sth)",zhǐguǎn
垃圾桶,rubbish bin; trash can; garbage can; Taiwan pr. [le4 se4 tong3],lājītǒng
伤势,condition of an injury,shāngshì
抒情,to express emotion; lyric,shūqíng
名气,reputation; fame,míngqì
成语,"Chinese set expression, typically of 4 characters, often alluding to a story or historical quotation; idiom; proverb; saying; adage",chéngyǔ
提炼,"to extract (ore, minerals etc); to refine; to purify; to process",tíliàn
叛逆,to rebel; to revolt; a rebel,pànnì
交纳,to pay (taxes or dues),jiāonà
敬重,to respect deeply; to revere; to esteem,jìngzhòng
多边,multilateral,duōbiān
往年,in former years; in previous years,wǎngnián
治病,to treat an illness,zhìbìng
错觉,misconception; illusion; misperception,cuòjué
崇尚,to hold up (as an model); to hold in esteem; to revere; to advocate,chóngshàng
负有,to be responsible for,fùyǒu
沉思,to contemplate; to ponder; contemplation; meditation,chénsī
本色,inherent qualities; natural qualities; distinctive character; true qualities,běnsè
火腿,ham,huǒtuǐ
朝代,dynasty; reign (of a king),cháodài
邮编,postal code; zip code,yóubiān
转折点,turning point; breaking point,zhuǎnzhédiǎn
过节,to celebrate a festival; after the celebrations (i.e. once the festival is over),guòjié
可贵,to be treasured; praiseworthy,kěguì
纵容,to indulge; to connive at,zòngróng
患病,to fall ill,huànbìng
上瘾,to get into a habit; to become addicted,shàngyǐn
肤浅,skin-deep; superficial; shallow,fūqiǎn
诀窍,secret; trick; knack; key,juéqiào
国宝,national treasure,guóbǎo
外衣,outer clothing; semblance; appearance,wàiyī
机动车,motor vehicle,jīdòngchē
搞鬼,to make mischief; to play tricks,gǎoguǐ
酒水,beverage; a drink,jiǔshuǐ
跳远,long jump (athletics),tiàoyuǎn
宏大,great; grand,hóngdà
羞愧,ashamed,xiūkuì
索取,to ask; to demand,suǒqǔ
高尔夫球,golf; golf ball,gāoěrfūqiú
平庸,mediocre; indifferent; commonplace,píngyōng
积蓄,to save; to put aside; savings,jīxù
脑筋,brains; mind; head; way of thinking,nǎojīn
红灯,red light,hóngdēng
零食,between-meal nibbles; snacks,língshí
窗帘,window curtains,chuānglián
出具,"to issue (document, certificate etc); to provide",chūjù
史无前例,unprecedented in history,shǐwúqiánlì
挂钩,hook (on which to hang sth); to couple; to link together; to establish contact with; hook; coupling links (e.g. between two railway coaches),guàgōu
把手,to shake hands,bǎshǒu
遍地,everywhere; all over,biàndì
积极性,zeal; initiative; enthusiasm; activity,jījíxìng
富含,N/A,N/A
墓碑,gravestone; tombstone,mùbēi
下楼,N/A,N/A
出发点,starting point; (fig.) basis; motive,chūfādiǎn
学子,(literary) student; scholar,xuézǐ
柱子,pillar,zhùzi
金子,Kaneko (Japanese surname),jīnzǐ
官吏,bureaucrat; official,guānlì
微不足道,negligible; insignificant,wēibùzúdào
蚊子,mosquito,wénzi
麦克风,microphone (loanword),màikèfēng
越发,increasingly; more and more; ever more; all the more,yuèfā
节假日,public holiday,jiéjiàrì
长短,length; duration; accident; right and wrong; good and bad; long and short,chángduǎn
胶囊,capsule (pharm.); caplet,jiāonáng
车主,vehicle owner,chēzhǔ
麻木,numb; insensitive; apathetic,mámù
果汁,fruit juice,guǒzhī
稍稍,somewhat; a little; slightly,shāoshāo
监护,to act as a guardian,jiānhù
退学,to quit school,tuìxué
主妇,housewife; woman of senior authority in a household; the lady of the house; hostess,zhǔfù
胆小,cowardice; timid,dǎnxiǎo
认错,to admit an error; to acknowledge one's mistake,rèncuò
摆放,to set up; to arrange; to lay out,bǎifàng
着眼,to have one's eyes on (a goal); having sth in mind; to concentrate,zhuóyǎn
升值,to rise in value; to appreciate,shēngzhí
智商,IQ (intelligence quotient),zhìshāng
无家可归,homeless,wújiākěguī
戒烟,to give up smoking,jièyān
进场,to enter the venue; to enter the arena; (aviation) to approach the airfield; (investing) to get into the market,jìnchǎng
据此,according to this; on the ground of the above; (formally introduces reported speech in writing),jùcǐ
顺畅,smooth and unhindered; fluent,shùnchàng
漆黑,pitch-black,qīhēi
减速,to reduce speed; to slow down; to take it easy,jiǎnsù
点火,to ignite; to light a fire; to agitate; to start an engine; ignition; fig. to stir up trouble,diǎnhuǒ
厂长,factory director,chǎngzhǎng
兴旺,prosperous; thriving; to prosper; to flourish,xīngwàng
狭小,narrow,xiáxiǎo
真情,real situation; the truth,zhēnqíng
吹了,failed; busted; to have not succeeded; to have died; to have parted company; to have chilled (of a relationship),chuīle
难点,difficulty,nándiǎn
脱颖而出,to reveal one's talent (idiom); to rise above others; to distinguish oneself,tuōyǐngérchū
趁着,N/A,N/A
悠闲,leisurely,yōuxián
时节,season; time,shíjié
戒备,to take precautions; to guard against (emergency),jièbèi
怨恨,to resent; to harbor a grudge against; to loathe; resentment; rancor,yuànhèn
尖端,sharp pointed end; the tip; the cusp; tip-top; most advanced and sophisticated; highest peak; the best,jiānduān
缅怀,to commemorate; to recall fondly; to think of the past,miǎnhuái
舞厅,dance hall; ballroom,wǔtīng
忠心,good faith; devotion; loyalty; dedication,zhōngxīn
退缩,to shrink back; to cower,tuìsuō
剧组,cast and crew; performers and production team,jùzǔ
头晕,dizzy,tóuyūn
祝愿,to wish,zhùyuàn
搁置,to shelve; to set aside,gēzhì
申办,to apply for; to bid for,shēnbàn
养老金,pension,yǎnglǎojīn
便饭,an ordinary meal; simple home cooking,biànfàn
自来水,running water; tap water,zìláishuǐ
敏捷,nimble; quick; shrewd,mǐnjié
继母,stepmother,jìmǔ
多亏,thanks to; luckily,duōkuī
从头,anew; from the start,cóngtóu
收留,to offer shelter; to have sb in one's care,shōuliú
变质,to degenerate; to deteriorate; (of food) to go bad; to go off; (geology) metamorphism,biànzhì
地段,section; district,dìduàn
源泉,fountainhead; well-spring; water source; fig. origin,yuánquán
向导,guide,xiàngdǎo
单调,monotonous,dāndiào
欣喜,happy,xīnxǐ
年薪,annual salary,niánxīn
超标,to cross the limit; to be over the accepted norm; excessive,chāobiāo
停业,to cease trading (temporarily or permanently); to close down,tíngyè
胶带,adhesive tape; rubber belt; recording tape,jiāodài
神情,look; expression,shénqíng
不懈,untiring; unremitting; indefatigable,bùxiè
小熊,N/A,N/A
丰盛,rich; sumptuous,fēngshèng
执意,to be determined to; to insist on,zhíyì
核对,to check; to verify; to audit; to examine,héduì
随心所欲,to follow one's heart's desires; to do as one pleases (idiom),suíxīnsuǒyù
恐怖组织,terrorist organization,kǒngbùzǔzhī
长辈,one's elders; older generation,zhǎngbèi
投射,to throw (a projectile); to cast (light),tóushè
顾及,to take into consideration; to attend to,gùjí
皮带,strap; leather belt,pídài
失利,to lose; to suffer defeat,shīlì
耀眼,to dazzle; dazzling,yàoyǎn
世袭,succession; inheritance; hereditary,shìxí
黄瓜,cucumber,huángguā
股份有限公司,joint-stock limited company; corporation,gǔfènyǒuxiàngōngsī
出走,to leave home; to go off; to run away,chūzǒu
洁净,clean; to cleanse,jiéjìng
空地,air-to-surface (missile),kōngdì
资历,qualifications; experience; seniority,zīlì
坐落,to be situated; to be located (of a building),zuòluò
眼界,ken; scope,yǎnjiè
幸免,narrowly and luckily escape,xìngmiǎn
儒学,Confucianism,rúxué
补救,to remedy,bǔjiù
朴素,plain and simple; unadorned; simple living; not frivolous,pǔsù
衣柜,wardrobe; armoire,yīguì
救治,to provide critical care (to a patient or a diseased plant),jiùzhì
估价,to value; to appraise; to be valued at; estimate; valuation,gūjià
取笑,to tease; to make fun of,qǔxiào
抽奖,to draw a prize; a lottery; a raffle,chōujiǎng
平坦,level; even; smooth; flat,píngtǎn
个子,height; stature; build; size,gèzi
奖品,award; prize,jiǎngpǐn
怪不得,no wonder!; so that's why!,guàibude
宠爱,to dote on sb,chǒngài
宽广,wide; broad; extensive; vast,kuānguǎng
跳水,to dive (into water); (sports) diving; to commit suicide by jumping into water; (fig.) (of stock prices etc) to fall dramatically,tiàoshuǐ
郑重,serious; solemn,zhèngzhòng
驾驭,to urge on (of horse); to drive; to steer; to handle; to manage; to master; to dominate,jiàyù
序幕,prologue,xùmù
趋于,to tend towards,qūyú
踊跃,to leap; to jump; eager; enthusiastically,yǒngyuè
烦躁,jittery; twitchy; fidgety,fánzào
弊端,malpractice; abuse; corrupt practice,bìduān
喷泉,fountain,pēnquán
烟花,fireworks; prostitute (esp. in Yuan theater),yānhuā
埋伏,to ambush; to lie in wait for; to lie low; ambush,máifú
能耐,ability; capability,néngnài
眼下,now; at present; subocular (medicine),yǎnxià
迄今为止,so far; up to now; still (not),qìjīnwéizhǐ
看得见,can see; visible,kàndéjiàn
懒惰,idle; lazy,lǎnduò
增收,N/A,N/A
折叠,"to fold; collapsible; folding (bicycle, antenna, bed etc)",zhédié
路灯,street lamp; street light,lùdēng
辨认,to recognize; to identify,biànrèn
秒钟,(time) second,miǎozhōng
溶解,to dissolve,róngjiě
尾声,coda; epilogue; end,wěishēng
遗物,remnant,yíwù
不解,to not understand; to be puzzled by; indissoluble,bùjiě
落差,"drop in elevation; (fig.) gap (in wages, expectations etc); disparity",luòchā
沸腾,(of a liquid) to boil; (of sentiments etc) to boil over; to flare up; to be impassioned,fèiténg
诚恳,sincere; honest; cordial,chéngkěn
搅拌,to stir; to agitate,jiǎobàn
钉子,nail; snag; saboteur,dīngzi
推开,to push open (a gate etc); to push away; to reject; to decline,tuīkāi
脱落,to drop off; to come off; to lose (hair etc); to omit (a character when writing),tuōluò
胶片,(photographic) film,jiāopiàn
思绪,train of thought; emotional state; mood; feeling,sīxù
肩负,to shoulder (a burden); to bear; to suffer (a disadvantage),jiānfù
素描,sketch,sùmiáo
倾诉,to say everything (that is on one's mind),qīngsù
用得着,to be able to use; useable; to have a use for sth; (in interrogative sentence) to be necessary to,yòngdezháo
开朗,spacious and well-lit; open and clear; (of character) optimistic; cheerful; carefree,kāilǎng
木板,slab; board; plank,mùbǎn
坚硬,hard; solid,jiānyìng
零钱,change (of money); small change; pocket money,língqián
逼真,lifelike; true to life; distinctly; clearly,bīzhēn
牢牢,firmly; safely,láoláo
浓郁,rich; strong; heavy (fragrance); dense; full-bodied; intense,nóngyù
笑脸,smiling face; smiley :) ☺,xiàoliǎn
生活费,cost of living; living expenses; alimony,shēnghuófèi
梯子,ladder; stepladder,tīzi
捣乱,to disturb; to look for trouble; to stir up a row; to bother sb intentionally,dǎoluàn
差错,mistake; slip-up; fault; error (in data transmission); accident; mishap,chācuò
反面,reverse side; backside; the other side (of a problem etc); negative; bad,fǎnmiàn
爱戴,to love and respect; love and respect,àidài
灵敏,smart; clever; sensitive; keen; quick; sharp,língmǐn
检疫,quarantine,jiǎnyì
餐桌,dining table; dinner table,cānzhuō
试卷,examination paper; test paper,shìjuàn
逾期,to be overdue; to fail to meet a deadline; to be behind in doing sth,yúqī
相册,photo album,xiàngcè
每逢,every time; on each occasion; whenever,měiféng
愈演愈烈,ever more critical; problems get more and more intense,yùyǎnyùliè
钻研,to study meticulously; to delve into,zuānyán
涵义,content; meaning; connotation; implication,hányì
相声,comic dialogue; sketch; crosstalk,xiàngsheng
造福,to benefit (e.g. the people),zàofú
壁垒,rampart; barrier,bìlěi
用意,intention; purpose,yòngyì
乐曲,musical composition,yuèqǔ
跳伞,to parachute; to bail out; parachute jumping,tiàosǎn
展览会,exhibition; show,zhǎnlǎnhuì
辽阔,vast; extensive,liáokuò
失明,to lose one's eyesight; to become blind; blindness,shīmíng
出厂,to leave the factory (of finished goods),chūchǎng
克隆,clone (loanword),kèlóng
过不去,to make life difficult for; to embarrass; unable to make it through,guòbuqù
饺子,dumpling; pot-sticker,jiǎozi
敬业,to be dedicated to one's work; to respect one's work,jìngyè
逃生,to flee for one's life,táoshēng
关照,to take care; to keep an eye on; to look after; to tell; to remind,guānzhào
一如既往,just as in the past (idiom); as before; continuing as always,yīrújìwǎng
拖鞋,slippers; sandals; flip-flops,tuōxié
体温,(body) temperature,tǐwēn
伺候,to serve; to wait upon,cìhòu
青春期,puberty; adolescence,qīngchūnqī
牵制,to control; to curb; to restrict; to impede; to pin down (enemy troops),qiānzhì
威信,"Weixin county in Zhaotong 昭通[Zhao1 tong1], Yunnan",wēixìn
流利,fluent,liúlì
息息相关,closely bound up (idiom); intimately related,xīxīxiāngguān
布满,to be covered with; to be filled with,bùmǎn
绑定,binding (loanword); to bind (e.g. an account to a mobile phone number),bǎngdìng
筹措,to raise (money),chóucuò
帮手,helper; assistant,bāngshǒu
明朗,bright; clear; obvious; forthright; open-minded; bright and cheerful,mínglǎng
燕子,swallow,yànzi
光临,(formal) to honor with one's presence; to attend,guānglín
痴迷,infatuated; obsessed,chīmí
抬高,to raise (price etc),táigāo
不见得,not necessarily; not likely,bùjiànde
无边,without boundary; not bordered,wúbiān
强加,to impose; to force upon,qiángjiā
风范,air; manner; model; paragon; demeanor,fēngfàn
可口,tasty; to taste good,kěkǒu
牙膏,toothpaste,yágāo
送礼,to give a present,sònglǐ
颈部,neck,jǐngbù
柔和,gentle; soft,róuhé
模特儿,(fashion) model (loanword),mótèr
芝麻,sesame (seed),zhīma
后遗症,(medicine) sequelae; residual effects; (fig.) repercussions; aftermath,hòuyízhèng
机智,quick-witted; resourceful,jīzhì
漫游,to travel around; to roam; (mobile telephony) roaming,mànyóu
业内,N/A,N/A
领队,to lead a group; leader of a group; captain (of sports squad),lǐngduì
精明,astute; shrewd,jīngmíng
架子,shelf; frame; stand; framework; airs; arrogance,jiàzi
酱油,soy sauce,jiàngyóu
灭火,to extinguish a fire; firefighting,mièhuǒ
徽章,badge; emblem; insignia; crest; logo; coat of arms,huīzhāng
屡次,repeatedly; time and again,lǚcì
报废,to scrap; to be written off,bàofèi
伴奏,to accompany (musically),bànzòu
默契,tacit understanding; mutual understanding; rapport; connected at a deep level with each other; (of team members) well coordinated; tight,mòqì
贯通,to link up; to thread together,guàntōng
计时,to measure time; to time; to reckon by time,jìshí
郊外,outskirts,jiāowài
颇为,rather; quite,pōwéi
忧伤,distressed; laden with grief,yōushāng
中秋,"the Mid-autumn festival, the traditional moon-viewing festival on the 15th of the 8th lunar month",zhōngqiū
新奇,novelty; new and odd,xīnqí
脉络,"arteries and veins; network of blood vessels; vascular system (of a plant or animal); (fig.) fabric (i.e. underlying structure, as in ""social fabric""); overall context",màiluò
缓缓,slowly; unhurriedly; little by little,huǎnhuǎn
脸颊,cheek,liǎnjiá
时不时,from time to time,shíbùshí
烹调,to cook; cooking,pēngtiáo
由此可见,"from this, it can be seen that...",yóucǐkějiàn
内向,reserved (personality); introverted; (economics etc) domestic-oriented,nèixiàng
缴费,to pay a fee,jiǎofèi
轮子,wheel,lúnzi
领军,to lead troups; (fig.) to lead; leading,lǐngjūn
主题歌,N/A,N/A
光环,halo; ring of light,guānghuán
账单,bill,zhàngdān
排球,volleyball,páiqiú
小心翼翼,cautious and solemn (idiom); very carefully; prudent; gently and cautiously,xiǎoxīnyìyì
凡事,everything,fánshì
内脏,internal organs; viscera,nèizàng
猩猩,orangutan,xīngxing
晚点,(of trains etc) late; delayed; behind schedule; light dinner,wǎndiǎn
教条,doctrine; dogma; creed; dogmatic,jiàotiáo
牡丹,"Mudan District of Heze City 菏澤市|菏泽市[He2 ze2 Shi4], Shandong; Mutan township in Pingtung County 屏東縣|屏东县[Ping2 dong1 Xian4], Taiwan",mǔdan
表白,to explain oneself; to express; to reveal one's thoughts or feelings; declaration; confession,biǎobái
周到,thoughtful; considerate; attentive; thorough; also pr. [zhou1 dao5],zhōudào
输赢,win or loss; outcome,shūyíng
名胜,a place famous for its scenery or historical relics; scenic spot,míngshèng
测算,to take measurements and calculate,cèsuàn
自费,at one's own expense; self-funded,zìfèi
梳理,to comb; fig. to sort out,shūlǐ
价位,price level,jiàwèi
应邀,at sb's invitation; on invitation,yìngyāo
浮动,to float and drift; unstable,fúdòng
请客,to give a dinner party; to entertain guests; to invite to dinner,qǐngkè
橙色,orange (color),chéngsè
交锋,to cross swords; to have a confrontation (with sb),jiāofēng
霸王,hegemon; overlord; despot,bàwáng
怀着,N/A,N/A
拼搏,to struggle; to wrestle,pīnbó
手续费,service charge; processing fee; commission,shǒuxùfèi
不得已,to act against one's will; to have no alternative but to; to have to; to have no choice; must,bùdéyǐ
小声,in a low voice; (speak) in whispers,xiǎoshēng
公共场所,N/A,N/A
讲课,teach; lecture,jiǎngkè
了结,to settle; to finish; to conclude; to wind up,liǎojié
美观,pleasing to the eye; beautiful; artistic,měiguān
仁慈,benevolent; charitable; kind; kindly; kindness; merciful,réncí
保重,to take care of oneself,bǎozhòng
烛光,"candle light; candle-lit (vigil etc); candela, unit of luminous intensity (cd)",zhúguāng
吸纳,to take in; to absorb; to admit; to accept,xīnà
体谅,to empathize; to allow (for sth); to show understanding; to appreciate,tǐliàng
蕴藏,to hold in store; to contain (untapped reserves etc),yùncáng
气愤,indignant; furious,qìfèn
银幕,movie screen,yínmù
算计,to reckon; to calculate; to plan; to expect; to scheme,suànji
百科全书,encyclopedia,bǎikēquánshū
高雅,dainty; elegance; elegant,gāoyǎ
百分比,percentage,bǎifēnbǐ
谋划,to scheme; to plot; conspiracy,móuhuà
辞典,dictionary; also written 詞典|词典[ci2 dian3],cídiǎn
贝壳,shell; conch; cowry; mother of pearl; hard outer skin; also pr. [bei4 qiao4],bèiké
时而,occasionally; from time to time,shíér
寂静,quiet,jìjìng
体能,physical capability; stamina,tǐnéng
栏杆,railing; banister,lángān
收支,cash flow; financial balance; income and expenditure,shōuzhī
扼杀,to strangle; to throttle,èshā
化纤,synthetic fiber,huàxiān
音节,syllable,yīnjié
素食,vegetables; vegetarian food,sùshí
不得了,desperately serious; disastrous; extremely; exceedingly,bùdéliǎo
匆忙,hasty; hurried,cōngmáng
值钱,valuable; costly; expensive,zhíqián
楼房,a building of two or more stories,lóufáng
交界,common boundary; common border,jiāojiè
离奇,odd; bizarre,líqí
我们俩,N/A,N/A
他们俩,N/A,N/A
摇头,to shake one's head,yáotóu
万万,absolutely; wholly,wànwàn
天鹅,swan,tiāné
清明,"Qingming or Pure Brightness, 5th of the 24 solar terms 二十四節氣|二十四节气[er4 shi2 si4 jie2 qi5] 5th-19th April; Pure Brightness Festival or Tomb Sweeping Day (in early April)",qīngmíng
篇章,writing; sections and chapters,piānzhāng
肥皂,soap,féizào
印证,to seal; to confirm; to corroborate; to verify,yìnzhèng
鲜艳,bright-colored; gaily-colored,xiānyàn
贱人,slut; cheap person,jiànrén
容貌,one's appearance; one's aspect; looks; features,róngmào
单打,singles (in sports),dāndǎ
木偶,puppet,mùǒu
心疼,to love dearly; to feel sorry for sb; to regret; to grudge; to be distressed,xīnténg
洽谈,to discuss,qiàtán
三明治,sandwich (loanword),sānmíngzhì
延缓,to defer; to postpone; to put off; to retard; to slow sth down,yánhuǎn
一举一动,every movement; each and every move,yījǔyīdòng
预估,to estimate; to forecast; prediction; projection,yùgū
病症,disease; illness,bìngzhèng
得失,gains and losses; success and failure; merits and demerits,déshī
筹办,to arrange; to make preparations,chóubàn
萝卜,"radish (Raphanus sativus), esp. white radish 白蘿蔔|白萝卜[bai2 luo2 bo5]",luóbo
高峰期,peak period; rush hour,gāofēngqī
配送,to put together an order and deliver it (i.e. 配貨|配货[pei4 huo4] and 送貨|送货[song4 huo4]); to deliver (goods),pèisòng
相伴,to accompany sb; to accompany each other,xiāngbàn
饱和,saturation,bǎohé
富翁,rich person; millionaire; billionaire,fùwēng
僵局,impasse; deadlock,jiāngjú
自由化,liberalization; freeing (from sth),zìyóuhuà
辛勤,hardworking; industrious,xīnqín
一概,all; without any exceptions; categorically,yīgài
画展,art exhibition,huàzhǎn
神气,expression; manner; vigorous; impressive; lofty; pretentious,shénqì
火药,gunpowder,huǒyào
失灵,out of order (of machine); not working properly; a failing (of a system),shīlíng
看护,to nurse; to look after; to watch over; (old) hospital nurse,kānhù
发疯,to go mad; to go crazy; to lose one's mind,fāfēng
西红柿,tomato,xīhóngshì
成天,(coll.) all day long; all the time,chéngtiān
压倒,to overwhelm; to overpower; overwhelming,yādǎo
搏斗,to wrestle; to fight; to struggle,bódòu
年限,age limit; fixed number of years,niánxiàn
调试,to debug; to adjust components during testing; debugging,tiáoshì
通行证,a pass (authority to enter); a laissez-passer or safe conduct,tōngxíngzhèng
言辞,words; expression; what one says,yáncí
磨损,wear and tear; abrasion,mósǔn
好意,good intention; kindness,hǎoyì
摸索,to feel about; to grope about; to fumble; to do things slowly,mōsuo
十字路口,crossroads; intersection,shízìlùkǒu
珍藏,collection; to collect (valuables),zhēncáng
抛开,to throw out; to get rid of,pāokāi
深思,to ponder; to consider,shēnsī
当务之急,top priority job; matter of vital importance,dāngwùzhījí
取而代之,to substitute for sb; to remove and replace,qǔérdàizhī
牧民,herdsman,mùmín
弥漫,"to pervade; to fill the air; diffuse; everywhere present; about to inundate (water); permeated by (smoke); filled with (dust); to saturate (the air with fog, smoke etc)",mímàn
接班人,successor,jiēbānrén
海量,huge volume,hǎiliàng
此致,(used at the end of a letter to introduce a polite salutation),cǐzhì
谈起,N/A,N/A
摇篮,cradle,yáolán
诚挚,sincere; cordial,chéngzhì
简要,concise; brief,jiǎnyào
复发,to recur (of a disease); to reappear; to relapse (into a former bad state),fùfā
试题,exam question; test topic,shìtí
阴谋论,conspiracy theory,yīnmóulùn
侧重,to place particular emphasis on,cèzhòng
双赢,profitable to both sides; a win-win situation,shuāngyíng
寓意,moral (of a story); lesson to be learned; implication; message; import; metaphorical meaning,yùyì
闹事,to cause trouble; to create a disturbance,nàoshì
违章,to break the rules; to violate regulations,wéizhāng
下个月,next month,xiàgèyuè
感触,one's thoughts and feelings; emotional stirring; moved; touched,gǎnchù
差额,balance (financial); discrepancy (in a sum or quota); difference,chāé
我俩,N/A,N/A
好似,to seem; to be like,hǎosì
毫不犹豫,without the slightest hesitation,háobùyóuyù
苛刻,harsh; severe; demanding,kēkè
劝告,to advise; to urge; to exhort; exhortation; advice,quàngào
冷水,cold water; unboiled water; fig. not yet ready (of plans),lěngshuǐ
敬佩,to esteem; to admire,jìngpèi
难关,difficulty; crisis,nánguān
抱负,aspiration; ambition,bàofù
借条,receipt for a loan; IOU,jiètiáo
流转,to be on the move; to roam or wander; to circulate (of goods or capital),liúzhuǎn
古董,curio; antique,gǔdǒng
纠结,to intertwine; to band together (with); to link up (with); twisted; tangled; confused; to be at a loss,jiūjié
远见,vision,yuǎnjiàn
酗酒,heavy drinking; to get drunk; to drink to excess,xùjiǔ
出游,to go on a tour; to have an outing,chūyóu
年终,end of the year,niánzhōng
扑灭,to eradicate; to extinguish,pūmiè
血脉,blood vessels,xuèmài
精髓,marrow; pith; quintessence; essence,jīngsuǐ
转弯,to turn; to go around a corner,zhuǎnwān
廉政,honest or clean politics,liánzhèng
拖欠,in arrears; behind in payments; to default on one's debts,tuōqiàn
外公,(coll.) mother's father; maternal grandfather,wàigōng
大家庭,N/A,N/A
打猎,to go hunting,dǎliè
操场,playground; sports field; drill ground,cāochǎng
理科,the sciences (as opposed to the humanities 文科[wen2 ke1]),lǐkē
归结,to sum up; to conclude; in a nutshell; the end (of a story),guījié
归宿,place to return to; home; final destination; ending,guīsù
心事,a load on one's mind; worry,xīnshì
铅笔,(lead) pencil,qiānbǐ
划算,to calculate; to weigh (pros and cons); to view as profitable; worthwhile; value for money; cost-effective,huásuàn
管子,"Guanzi or Guan Zhong 管仲 (-645 BC), famous politician of Qi 齊國|齐国 of Spring and Autumn period; Guanzi, classical book containing writings of Guan Zhong and his school",guǎnzǐ
纽带,tie; link; bond,niǔdài
索赔,to ask for compensation; to claim damages; claim for damages,suǒpéi
绯闻,sex scandal,fēiwén
胃口,appetite; liking,wèikǒu
连锁店,chain store,liánsuǒdiàn
拜见,to pay a formal visit; to call to pay respects; to meet one's senior or superior,bàijiàn
你们俩,N/A,N/A
排练,to rehearse; rehearsal,páiliàn
长处,good aspects; strong points,chángchù
被窝,quilt wrapped around the body as a tube (traditional bedding); (contemporary) bedding; quilt; blankets; cover; bed,bèiwō
狡猾,crafty; cunning; sly,jiǎohuá
醒目,eye-grabbing (headline); striking (illustration),xǐngmù
调皮,naughty; mischievous; unruly,tiáopí
呵护,to bless; to cherish; to take good care of; to conserve,hēhù
爱慕,to adore; to admire,àimù
精简,to simplify; to reduce,jīngjiǎn
高超,excellent; superlative,gāochāo
本钱,capital; (fig.) asset; advantage; the means (to do sth),běnqián
顶多,at most; at best,dǐngduō
绽放,to blossom,zhànfàng
萌芽,to sprout (lit. or fig.); to bud; to germinate; germ; seed; bud,méngyá
镇定,calm; unperturbed; cool,zhèndìng
毅力,perseverance; willpower,yìlì
疲倦,to tire; tired,píjuàn
相提并论,to discuss two disparate things together (idiom); to mention on equal terms; to place on a par with; (often with negatives: impossible to mention X in the same breath as Y),xiāngtíbìnglùn
领带,necktie,lǐngdài
急忙,hastily,jímáng
伤员,wounded person,shāngyuán
麻痹,paralysis; palsy; numbness; to benumb; (fig.) to lull; negligent; apathetic,mábì
烟囱,chimney,yāncōng
假使,if; in case; suppose; given ...,jiǎshǐ
寝室,bedroom; dormitory,qǐnshì
团圆,to have a reunion,tuányuán
富强,rich and powerful,fùqiáng
绝招,unique skill; unexpected tricky move (as a last resort); masterstroke; finishing blow,juézhāo
杆菌,bacillus (any rod-shaped bacteria),gǎnjūn
光泽,Guangze county in Nanping 南平[Nan2 ping2] Fujian,guāngzé
出众,to stand out; outstanding,chūzhòng
摄氏度,°C (degrees Celsius),shèshìdù
手头,on hand; at hand; one's financial situation,shǒutóu
晕倒,to faint; to swoon; to black out; to become unconscious,yūndǎo
招数,"move (in chess, on stage, in martial arts); gambit; trick; scheme; movement; same as 著數|着数[zhao1 shu4]",zhāoshù
腹泻,diarrhea; to have the runs,fùxiè
斗志,will to fight; fighting spirit,dòuzhì
吃不上,unable to get anything to eat; to miss a meal,chībushàng
躺下,to lie down,tǎngxià
叫板,"to signal the musicians (in Chinese opera, by prolonging a spoken word before attacking a song); (coll.) to challenge",jiàobǎn
忙乱,rushed and muddled,mángluàn
稀缺,scarce; scarcity,xīquē
谎话,lie,huǎnghuà
繁重,heavy; burdensome; heavy-duty; arduous; onerous,fánzhòng
雄厚,robust; strong and solid,xiónghòu
路由器,router (computing),lùyóuqì
皮鞋,leather shoes,píxié
衰老,to age; to deteriorate with age; old and weak,shuāilǎo
筷子,chopsticks,kuàizi
风尚,current custom; current way of doing things,fēngshàng
打针,to give or have an injection,dǎzhēn
相比之下,by comparison,xiāngbǐzhīxià
募捐,to solicit contributions; to collect donations,mùjuān
通知书,N/A,N/A
靠拢,to draw close to,kàolǒng
墨水,ink,mòshuǐ
摆设,to arrange; to set out; to decorate; to display; decorative items,bǎishè
私自,private; personal; secretly; without explicit approval,sīzì
医务,medical affairs,yīwù
乒乓球,table tennis; ping-pong; table tennis ball,pīngpāngqiú
两手,N/A,N/A
辞退,to dismiss; to discharge; to fire,cítuì
公证,notarization; notarized; acknowledgement,gōngzhèng
再三,over and over again; again and again,zàisān
期中,interim; midterm,qīzhōng
上岗,to take up one's post; to be given a job,shànggǎng
山丘,hill,shānqiū
说到底,in the final analysis; in the end,shuōdàodǐ
透彻,penetrating; thorough; incisive,tòuchè
从容,to go easy; unhurried; calm; Taiwan pr. [cong1 rong2],cóngróng
立方米,cubic meter (unit of volume),lìfāngmǐ
取暖,to warm oneself (by a fire etc),qǔnuǎn
品位,rank; grade; quality; (aesthetic) taste,pǐnwèi
花纹,decorative design,huāwén
反常,unusual; abnormal,fǎncháng
个股,share (in a listed company),gègǔ
磨难,a torment; a trial; tribulation; a cross (to bear); well-tried,mónàn
汗水,sweat; perspiration,hànshuǐ
敲诈,to rip off; to extort (money); extortion; blackmail,qiāozhà
质地,texture; background (texture); grain; quality; character; disposition,zhìdì
猜猜,N/A,N/A
摇滚乐,rock music; rock 'n roll,yáogǔnyuè
便利店,convenience store,biànlìdiàn
食欲,appetite,shíyù
冲刺,to sprint; to spurt; to dash; big effort,chōngcì
马戏,circus,mǎxì
不舒服,unwell; feeling ill; to feel uncomfortable; uneasy,bùshūfu
做证,N/A,N/A
相对而言,N/A,N/A
误区,mistaken ideas; misconceptions; the error of one's ways,wùqū
少儿,child,shàoér
推选,to elect; to choose; to nominate,tuīxuǎn
椰子,coconut,yēzi
疗效,healing efficacy; healing effect,liáoxiào
收据,receipt,shōujù
波浪,wave,bōlàng
防火墙,firewall,fánghuǒqiáng
一大早,at dawn; at first light; first thing in the morning,yīdàzǎo
凭着,N/A,N/A
树叶,tree leaves,shùyè
皱纹,wrinkle,zhòuwén
腊肉,N/A,N/A
升学,to enter the next grade school,shēngxué
家禽,poultry; domestic fowl,jiāqín
流逝,(of time) to pass; to elapse,liúshì
影星,film star,yǐngxīng
漩涡,whirlpool; eddy; vortex; (fig.) maelstrom,xuánwō
记忆力,faculty of memory; ability to remember,jìyìlì
可想而知,it is obvious that...; as one can well imagine...,kěxiǎngérzhī
用不着,not need; have no use for,yòngbuzháo
吹牛,to talk big; to shoot off one's mouth; to chat (dialect),chuīniú
阴性,negative; feminine,yīnxìng
陈旧,old-fashioned,chénjiù
果真,really; as expected; sure enough; if indeed...; if it's really...,guǒzhēn
挥霍,to squander money; extravagant; prodigal; free and easy; agile,huīhuò
博文,blog article; to write a blog article (netspeak),bówén
大熊猫,giant panda (Ailuropoda melanoleuca),dàxióngmāo
不知所措,not knowing what to do (idiom); at one's wits' end; embarrassed and at a complete loss,bùzhīsuǒcuò
大奖赛,N/A,N/A
印章,seal; signet; chop; stamp,yìnzhāng
过瘾,to satisfy a craving; to get a kick out of sth; gratifying; immensely enjoyable; satisfying; fulfilling,guòyǐn
相约,"to agree (on a meeting place, date etc); to reach agreement; to make an appointment",xiāngyuē
大意,general idea; main idea,dàyì
复查,rechecking; re-inspection; reexamination,fùchá
惊险,thrilling; a thriller,jīngxiǎn
拉拢,to rope in; fig. to involve sb; to entice,lālǒng
带队,N/A,N/A
传人,to teach; to impart; a disciple; descendant,chuánrén
剔除,to reject; to discard; to get rid of,tīchú
诞辰,birthday,dànchén
英俊,handsome,yīngjùn
层出不穷,more and more emerge; innumerable succession; breeding like flies (idiom),céngchūbùqióng
嗜好,hobby; indulgence; habit; addiction,shìhào
榜首,top of the list,bǎngshǒu
动不动,"(typically followed by 就[jiu4]) apt to (lose one's temper, catch a cold etc); at the drop of a hat",dòngbudòng
肥沃,fertile,féiwò
花瓶,flower vase; fig. just a pretty face,huāpíng
凝聚力,cohesion; cohesiveness; cohesive,níngjùlì
霸占,to occupy by force; to seize; to dominate,bàzhàn
虚幻,imaginary; illusory,xūhuàn
功力,merit; efficacy; competence; skill; power,gōnglì
迟疑,to hesitate,chíyí
上旬,first third of a month,shàngxún
不经意,not paying attention; carelessly; by accident,bùjīngyì
平淡,flat; dull; ordinary; nothing special,píngdàn
霸道,"the Way of the Hegemon; abbr. for 霸王之道; despotic rule; rule by might; evil as opposed to the Way of the King 王道; overbearing; tyranny; (of liquor, medicine etc) strong; potent",bàdào
好歹,good and bad; most unfortunate occurrence; in any case; whatever,hǎodǎi
人渣,dregs of society; scum,rénzhā
千克,kilogram,qiānkè
诸如此类,things like this (idiom); and so on; and the rest; etc,zhūrúcǐlèi
一齐,at the same time; simultaneously,yīqí
如意,"as one wants; according to one's wishes; ruyi scepter, a symbol of power and good fortune",rúyì
饮用水,drinking water; potable water,yǐnyòngshuǐ
反差,contrast; discrepancy,fǎnchā
果园,orchard,guǒyuán
俗话说,as the proverb says; as they say...,súhuàshuō
吉祥物,mascot,jíxiángwù
坏处,harm; troubles,huàichu
福气,good fortune; a blessing,fúqi
元老,senior figure; elder; doyen,yuánlǎo
勘探,to explore; to survey; to prospect (for oil etc); prospecting,kāntàn
没完没了,without end; incessantly; on and on,méiwánméiliǎo
抓捕,to seize; to capture,zhuābǔ
叹气,to sigh; to heave a sigh,tànqì
留心,to be careful; to pay attention to,liúxīn
公款,public money,gōngkuǎn
专人,specialist; person appointed for specific task,zhuānrén
银牌,silver medal,yínpái
旅店,inn; small hotel,lǚdiàn
膳食,meal,shànshí
上榜,to appear on the public roll of successful examinees (i.e. pass an exam); to make the list; (of a song) to hit the charts,shàngbǎng
慢车,local bus or train; slow train with many stops,mànchē
后头,behind; the back; the rear; later; afterwards; (in) the future,hòutou
买不起,cannot afford; can't afford buying,mǎibuqǐ
摊位,vendor's booth,tānwèi
猫头鹰,owl,māotóuyīng
通宵,all night; throughout the night,tōngxiāo
绝技,consummate skill; supreme feat; tour-de-force; stunt,juéjì
粽子,glutinous rice and choice of filling wrapped in leaves and boiled,zòngzi
飞速,flying speed; rapid (growth),fēisù
后盾,support; backing,hòudùn
及早,at the earliest possible time; as soon as possible,jízǎo
侄女,niece; brother's daughter,zhínǚ
接班,to take over (from those working the previous shift); to take over (in a leadership role etc); to succeed sb,jiēbān
衰竭,organ failure; exhaustion; prostration (medicine),shuāijié
一连,in a row; in succession; running,yīlián
填充,pad; padding,tiánchōng
摄像,to videotape,shèxiàng
挺身而出,to step forward bravely,tǐngshēnérchū
锤子,hammer,chuízi
镶嵌,to inlay; to embed; to set (e.g. a jewel in a ring); tiling; tesselation,xiāngqiàn
熬夜,to stay up late or all night,áoyè
饱满,full; plump,bǎomǎn
意料,to anticipate; to expect,yìliào
无故,without cause or reason,wúgù
冤枉,to accuse wrongly; to treat unjustly; injustice; wronged; not worthwhile,yuānwang
大惊小怪,to make a fuss about nothing (idiom),dàjīngxiǎoguài
光顾,to visit (as a customer),guānggù
谈不上,to be out of the question,tánbushàng
涂抹,to paint; to smear; to apply (makeup etc); to doodle; to erase; to obliterate,túmǒ
情谊,friendship; camaraderie,qíngyì
奔波,to rush about; to be constantly on the move,bēnbō
迷茫,vast and indistinct; perplexed; bewildered; at a loss,mímáng
专卖店,specialty store,zhuānmàidiàn
坦率,frank (discussion); blunt; open,tǎnshuài
火柴,match (for lighting fire),huǒchái
暖气,central heating; heater; warm air,nuǎnqì
芭蕾,ballet (loanword),bālěi
脉搏,pulse (both medical and figurative),màibó
世界级,world-class,shìjièjí
外文,foreign language (written),wàiwén
幻影,phantom; mirage,huànyǐng
逛街,to take a walk; to window-shop; to stroll down the street,guàngjiē
嗓子,throat; voice,sǎngzi
搁浅,to be stranded (of ship); to run aground; fig. to run into difficulties and stop,gēqiǎn
清凉,cool; refreshing; (of clothing) skimpy; revealing,qīngliáng
迈出,to step out; to take a (first) step,màichū
凶狠,cruel; vicious; fierce and malicious; vengeful,xiōnghěn
还款,repayment; to pay back money,huánkuǎn
扎根,to take root,zhāgēn
瞧不起,to look down upon; to hold in contempt,qiáobùqǐ
磁盘,(computer) disk,cípán
静脉,vein,jìngmài
惨痛,bitter; painful; deeply distressed,cǎntòng
防洪,flood control; flood prevention,fánghóng
不为人知,not known to anyone; secret; unknown,bùwéirénzhī
折合,to convert into; to amount to; to be equivalent to,zhéhé
凡人,ordinary person; mortal; earthling,fánrén
大巴,(coll.) large bus; coach; (abbr. for 大型巴士),dàbā
矿泉水,mineral spring water,kuàngquánshuǐ
恨不得,wishing one could do sth; to hate to be unable; itching to do sth,hènbude
茄子,"eggplant (Solanum melongena L.); aubergine; brinjal; Guinea squash; phonetic ""cheese"" (when being photographed); equivalent of ""say cheese""",qiézi
交费,N/A,N/A
路子,method; way; approach,lùzi
休养,to recuperate; to recover; to convalesce,xiūyǎng
霸气,imperious; aggressive; assertive; dictatorial manner; boldness,bàqì
稳妥,dependable,wěntuǒ
乳腺癌,breast cancer,rǔxiànái
贵重,precious,guìzhòng
标榜,to flaunt; to advertise; to parade; boost; excessive praise,biāobǎng
隔阂,misunderstanding; estrangement; (language etc) barrier,géhé
像样,presentable; decent; up to par,xiàngyàng
更衣室,change room; dressing room; locker room; toilet,gēngyīshì
第一线,N/A,N/A
核桃,walnut,hétao
老乡,fellow townsman; fellow villager; sb from the same hometown,lǎoxiāng
自卑,to have low self-esteem; to abase oneself,zìbēi
病床,hospital bed; sickbed,bìngchuáng
拖累,to encumber; to be a burden on; to implicate,tuōlěi
枪毙,to execute by firing squad; to shoot dead; fig. to discard; to get rid of,qiāngbì
庆贺,to congratulate; to celebrate,qìnghè
关机,to turn off (a machine or device); to finish shooting a film,guānjī
寻觅,to look for,xúnmì
本期,the current period; this term (usually in finance),běnqī
风趣,charm; humor; wit; humorous; witty,fēngqù
躲藏,to conceal oneself; to go into hiding; to take cover,duǒcáng
省钱,to save money,shěngqián
朗诵,to read aloud with expression; to recite; to declaim,lǎngsòng
通通,all; entire; complete,tōngtōng
影迷,film enthusiast; movie fan,yǐngmí
荒诞,beyond belief; incredible; preposterous; fantastic,huāngdàn
回信,to reply; to write back; letter written in reply,huíxìn
轻而易举,easy; with no difficulty,qīngéryìjǔ
受骗,to be cheated; to be taken in; to be hoodwinked,shòupiàn
投奔,to seek shelter; to seek asylum,tóubèn
根深蒂固,deep-rooted (problem etc),gēnshēndìgù
赔钱,to lose money; to pay for damages,péiqián
作客,to live somewhere as a visitor; to stay with sb as a guest; to sojourn,zuòkè
取款,to withdraw money from a bank,qǔkuǎn
口试,oral examination; oral test,kǒushì
敢情,actually; as it turns out; indeed; of course,gǎnqing
殿堂,palace; hall; temple buildings,diàntáng
药材,medicinal ingredient,yàocái
无济于事,to no avail; of no use,wújìyúshì
回扣,brokerage; a commission paid to a middleman; euphemism for a bribe; a kickback,huíkòu
弊病,malady; evil; malpractice; drawback; disadvantage,bìbìng
发怒,to get angry,fānù
化验,chemical examination; to do a lab test,huàyàn
竹子,bamboo,zhúzi
快餐,fast food; snack; quick meal,kuàicān
照耀,to shine; to illuminate,zhàoyào
必不可少,absolutely necessary; indispensable; essential,bìbùkěshǎo
大伙儿,erhua variant of 大伙[da4 huo3],dàhuǒr
歌星,singing star; famous singer,gēxīng
滞后,to lag behind,zhìhòu
藏身,to hide; to go into hiding; to take refuge,cángshēn
路途,(lit. and fig.) road; path,lùtú
双打,doubles (in sports),shuāngdǎ
稻草,rice straw,dàocǎo
聚在一起,to get together,jùzàiyīqǐ
闺蜜,"(coll.) (a woman's) close female friend; bestie; (originally written 閨密|闺密, an abbr. for 閨中密友|闺中密友)",guīmì
纵深,"depth (from front to rear); depth (into a territory); span (of time); (fig.) depth (of deployment, progress, development etc)",zòngshēn
停放,to park (a car etc); to moor (a boat etc); to leave sth (in a place),tíngfàng
铭记,to engrave in one's memory,míngjì
乌云,black cloud,wūyún
收盘,market close,shōupán
针灸,acupuncture and moxibustion; to give or have acupuncture and moxibustion,zhēnjiǔ
痛心,grieved; pained,tòngxīn
看不起,to look down upon; to despise,kànbuqǐ
见效,to have the desired effect,jiànxiào
偏僻,remote; desolate; far from the city,piānpì
五星级,five-star (hotel),wǔxīngjí
输血,to transfuse blood; to give aid and support,shūxuè
作对,to set oneself against; to oppose; to make a pair,zuòduì
兴致,mood; spirits; interest,xìngzhì
紧缺,in short supply; scarce,jǐnquē
惊叹,to exclaim in admiration; a gasp of surprise,jīngtàn
和睦,peaceful relations; harmonious,hémù
水温,water temperature,shuǐwēn
抵消,to counteract; to cancel out; to offset,dǐxiāo
或多或少,more or less,huòduōhuòshǎo
笔试,written examination; paper test (for an applicant),bǐshì
公墓,public cemetery,gōngmù
相貌,appearance,xiàngmào
来历,history; antecedents; origin,láilì
冷笑,"to sneer; to laugh grimly; grin of dissatisfaction (bitterness, helplessness, indignation etc); bitter, grim, sarcastic or angry smile",lěngxiào
单方面,unilateral,dānfāngmiàn
安检,security check; to undergo a security check; abbr. for 安全檢查|安全检查[an1 quan2 jian3 cha2],ānjiǎn
间断,disconnected; interrupted; suspended; a gap; a break,jiànduàn
自如,unobstructed; unconstrained; smoothly; with ease; freely,zìrú
帆船,sailboat,fānchuán
家境,family financial situation; family circumstances,jiājìng
口水,saliva,kǒushuǐ
打折,to give a discount,dǎzhé
苍白,pale; wan,cāngbái
液晶,liquid crystal,yèjīng
全力以赴,to do at all costs; to make an all-out effort,quánlìyǐfù
生怕,to fear; afraid; extremely nervous; for fear that; to avoid; so as not to,shēngpà
手帕,handkerchief,shǒupà
夏令营,summer camp,xiàlìngyíng
讨价还价,to haggle over price; to bargain,tǎojiàhuánjià
冲洗,to rinse; to wash; to develop (photographic film),chōngxǐ
旁观,spectator; non-participant,pángguān
替身,stand-in; substitute; body double; stuntman; scapegoat; fall guy; to stand in for sb else,tìshēn
快活,happy; cheerful,kuàihuo
调侃,to ridicule; to tease; to mock; idle talk; chitchat,tiáokǎn
赤裸裸,bare; naked; (fig.) plain; undisguised; unadorned,chìluǒluǒ
比方,analogy; instance; for instance,bǐfang
同伙,colleague; co-conspirator; accomplice,tónghuǒ
苏醒,to come to; to awaken; to regain consciousness,sūxǐng
抑郁症,clinical depression,yìyùzhèng
往日,former days; the past,wǎngrì
老鹰,(coll.) eagle; hawk; any similar bird of prey,lǎoyīng
浩劫,calamity; catastrophe; apocalypse,hàojié
宣泄,to drain (by leading off water); to unburden oneself; to divulge; to leak a secret,xuānxiè
暑期,summer vacation time,shǔqī
伯伯,father's elder brother; uncle,bóbo
灯泡,light bulb; see also 電燈泡|电灯泡[dian4 deng1 pao4]; third-wheel or unwanted third party spoiling a couple's date (slang),dēngpào
对联,rhyming couplet; pair of lines of verse written vertically down the sides of a doorway,duìlián
折射,to refract; refraction; to reflect (in the figurative sense: to show the nature of),zhéshè
项链,necklace,xiàngliàn
肺癌,lung cancer,fèiái
贴切,close-fitting; closest (translation),tiēqiè
奏效,to show results; effective,zòuxiào
草稿,draft; outline; sketch,cǎogǎo
奖杯,trophy cup,jiǎngbēi
结冰,to freeze,jiébīng
无话可说,to have nothing to say (idiom),wúhuàkěshuō
暖和,warm; nice and warm,nuǎnhuo
车窗,"car window; window of vehicle (bus, train etc)",chēchuāng
顽皮,naughty,wánpí
大吃一惊,to have a surprise (idiom); shocked or startled; gobsmacked,dàchīyījīng
家教,family education; upbringing; to bring sb up; private tutor,jiājiào
谜团,riddle; enigma; unpredictable situation; elusive matters,mítuán
行李箱,suitcase; baggage compartment; overhead bin; (car) trunk; boot,xínglixiāng
吊销,to suspend (an agreement); to revoke,diàoxiāo
暂缓,to postpone,zànhuǎn
棍子,stick; rod,gùnzi
繁体字,traditional Chinese character,fántǐzì
供不应求,supply does not meet demand,gōngbùyìngqiú
覆盖率,coverage,fùgàilǜ
内科,internal medicine; general medicine,nèikē
抽签,to perform divination with sticks; to draw lots; a ballot (in share dealing),chōuqiān
口碑,public praise; public reputation; commonly held opinions; current idiom,kǒubēi
晴天,clear sky; sunny day,qíngtiān
罪魁祸首,"criminal ringleader, main offender (idiom); main culprit; fig. main cause of a disaster",zuìkuíhuòshǒu
味儿,taste,wèir
拘束,to restrict; to restrain; constrained; awkward; ill at ease; uncomfortable; reticent,jūshù
塑料袋,plastic bag,sùliàodài
当即,at once; on the spot,dāngjí
夸奖,to praise; to applaud; to compliment,kuājiǎng
胡椒,pepper,hújiāo
奶茶,milk tea,nǎichá
特制,special; unique,tèzhì
紫外线,ultraviolet ray,zǐwàixiàn
订婚,to get engaged,dìnghūn
动身,to go on a journey; to leave,dòngshēn
发源地,place of origin; birthplace; source,fāyuándì
风度,elegance (for men); elegant demeanor; grace; poise,fēngdù
立功,to render meritorious service; to make worthy contributions; to distinguish oneself,lìgōng
圈套,trap; snare; trick,quāntào
益处,benefit,yìchu
赞叹,to exclaim in admiration,zàntàn
绝缘,to have no contact with; to be cut off from; (electricity) to insulate,juéyuán
文件夹,folder; file (paper),wénjiànjiā
口感,taste; texture (of food); how food feels in the mouth,kǒugǎn
疲软,tired and feeble,píruǎn
转交,to pass on to sb; to carry and give to sb else,zhuǎnjiāo
弯腰,to stoop,wānyāo
稿件,piece of writing submitted for publication; manuscript; article,gǎojiàn
惊醒,to rouse; to be woken by sth; to wake with a start; to sleep lightly,jīngxǐng
雌性,female,cíxìng
行政诉讼,N/A,N/A
学分,course credit,xuéfēn
显眼,conspicuous; eye-catching; glamorous,xiǎnyǎn
拐杖,crutches; crutch; walking stick,guǎizhàng
超前,to be ahead of one's time; to surpass or outdo one's predecessors; to be ahead of the pack; to take the lead; advanced,chāoqián
斑点,spot; stain; speckle,bāndiǎn
继父,stepfather,jìfù
墨镜,sunglasses,mòjìng
昼夜,"day and night; period of 24 hours; continuously, without stop",zhòuyè
陶醉,to be infatuated with; to be drunk with; to be enchanted with; to revel in,táozuì
下意识,subconscious mind,xiàyìshí
高调,high-sounding speech; bombast; high-profile,gāodiào
家政,housekeeping,jiāzhèng
盛宴,feast,shèngyàn
张扬,"Zhang Yang (1967-), PRC film director and screenwriter",zhāngyáng
姥姥,(coll.) mother's mother; maternal grandmother,lǎolao
举重,to lift weights; weight-lifting (sports),jǔzhòng
交集,intersection (symbol ∩) (set theory),jiāojí
及格,to pass an exam or a test; to meet a minimum standard,jígé
轻蔑,to contempt; to disdain; pejorative,qīngmiè
碰见,to run into; to meet (unexpectedly); to bump into,pèngjiàn
晨报,morning newspaper; (in a newspaper's name) Morning Post,chénbào
破案,to solve a case; shabby old table,pòàn
方向盘,steering wheel,fāngxiàngpán
喂养,"to feed (a child, domestic animal etc); to keep; to raise (an animal)",wèiyǎng
融洽,harmonious; friendly relations; on good terms with one another,róngqià
提防,to guard against; to be vigilant; watch you don't (slip); also pr. [ti2 fang2],dīfáng
肇事,to cause an accident; to be responsible for an incident; to provoke a disturbance,zhàoshì
得当,appropriate; suitable,dédàng
挨打,to take a beating; to get thrashed; to come under attack,áidǎ
紊乱,disorder; chaos,wěnluàn
盛开,blooming; in full flower,shèngkāi
愈合,(of a wound) to heal,yùhé
人品,moral standing; moral quality; character; personality; appearance; looks (colloquial); bearing,rénpǐn
螺丝,screw,luósī
悄然,quietly; sorrowfully,qiǎorán
就近,nearby; in a close neighborhood,jiùjìn
吃亏,to suffer losses; to come to grief; to lose out; to get the worst of it; to be at a disadvantage; unfortunately,chīkuī
突如其来,to arise abruptly; to arrive suddenly; happening suddenly,tūrúqílái
寿司,sushi,shòusī
柜子,cupboard; cabinet,guìzi
带路,to lead the way; to guide; to show the way; fig. to instruct,dàilù
弓箭,bow and arrow,gōngjiàn
鉴赏,to appreciate (as a connoisseur),jiànshǎng
观摩,to observe and emulate; to study (esp. following sb's example),guānmó
飙升,to rise rapidly; to soar,biāoshēng
爬行,to crawl; to creep,páxíng
浸泡,to steep; to soak; to immerse,jìnpào
一经,N/A,N/A
鲁莽,hot-headed; impulsive; reckless,lǔmǎng
嗅觉,sense of smell,xiùjué
壮丽,magnificence; magnificent; majestic; glorious,zhuànglì
凝固,to freeze; to solidify; to congeal; fig. with rapt attention,nínggù
稽查,inspection,jīchá
红火,prosperous,hónghuǒ
冲浪,to surf; surfing,chōnglàng
毛发,hair,máofà
掉下来,N/A,N/A
吃醋,to feel jealous,chīcù
行家,connoisseur; expert; veteran,hángjiā
紧凑,compact; terse; tight (schedule),jǐncòu
自言自语,to talk to oneself; to think aloud; to soliloquize,zìyánzìyǔ
乞讨,to beg; to go begging,qǐtǎo
靴子,boots,xuēzi
讲学,to lecture (on branch of learning),jiǎngxué
跟不上,not able to keep up with,gēnbushàng
孔雀,peacock,kǒngquè
想方设法,"to think up every possible method (idiom); to devise ways and means; to try this, that and the other",xiǎngfāngshèfǎ
除夕,lunar New Year's Eve,chúxī
含糊,ambiguous; vague; careless; perfunctory,hánhu
寓言,fable,yùyán
呼和浩特,"Hohhot prefecture-level city, capital of Inner Mongolia autonomous region 內蒙古自治區|内蒙古自治区[Nei4 meng3 gu3 Zi4 zhi4 qu1]",hūhéhàotè
不屑,to disdain to do sth; to think sth not worth doing; to feel it beneath one's dignity,bùxiè
交情,friendship; friendly relations,jiāoqing
夜总会,nightclub; nightspot,yèzǒnghuì
有朝一日,one day; sometime in the future,yǒuzhāoyīrì
顺手,easily; without trouble; while one is at it; in passing; handy,shùnshǒu
祸害,disaster; harm; scourge; bad person; to damage; to harm; to wreck,huòhài
丫头,"girl; servant girl; (used deprecatingly, but sometimes also as a term of endearment)",yātou
音量,sound volume,yīnliàng
轰轰烈烈,strong; vigorous; large-scale,hōnghōnglièliè
保暖,to stay warm; to protect against the cold,bǎonuǎn
刻苦,hardworking; assiduous,kèkǔ
公仆,public servant,gōngpú
近视,shortsighted; nearsighted; myopia,jìnshì
发炎,to become inflamed; inflammation,fāyán
考场,exam room,kǎochǎng
雷同,mirroring others; identical,léitóng
弄清,to clarify; to fully understand,nòngqīng
错综复杂,tangled and complicated (idiom),cuòzōngfùzá
权衡,to consider; to weigh (a matter); to balance (pros and cons),quánhéng
提速,to increase the specified cruising speed; to pick up speed; to speed up,tísù
稿子,draft of a document; script; manuscript; mental plan; precedent,gǎozi
反问,to ask (a question) in reply; to answer a question with a question; rhetorical question,fǎnwèn
转达,to pass on; to convey; to communicate,zhuǎndá
消遣,to while the time away; amusement; pastime; recreation; to make sport of,xiāoqiǎn
便秘,constipation; Taiwan pr. [bian4 bi4],biànmì
启迪,to edify; enlightenment,qǐdí
飞利浦,Philips (company),fēilìpǔ
真挚,sincere; sincerity,zhēnzhì
接通,to connect; to put through,jiētōng
船票,ship ticket,chuánpiào
脚印,footprint,jiǎoyìn
充沛,abundant; plentiful; vigorous,chōngpèi
身躯,body,shēnqū
预兆,omen; sign (of sth yet to occur); prior indication; to foreshadow,yùzhào
鞠躬,to bow; (literary) to bend down,jūgōng
致辞,"to express in words or writing; to make a speech (esp. short introduction, vote of thanks, afterword, funeral homily etc); to address (an audience); same as 致詞|致词",zhìcí
气泡,bubble; blister (in metal); (of beverages) sparkling; carbonated,qìpào
贫富,poor and rich,pínfù
汇合,confluence; to converge; to join; to fuse; fusion,huìhé
失恋,to lose one's love; to break up (in a romantic relationship); to feel jilted,shīliàn
乡亲,fellow countryman (from the same village); local people; villager; the folks back home,xiāngqīn
应酬,social niceties; social interaction; a dinner party,yìngchou
动听,pleasant to listen to,dòngtīng
粪便,excrement; feces; night soil,fènbiàn
住址,address,zhùzhǐ
香肠,sausage,xiāngcháng
闺女,maiden; unmarried woman; daughter,guīnǚ
随处可见,N/A,N/A
赛跑,race (running); to race (running),sàipǎo
围巾,scarf; shawl,wéijīn
父女,father and daughter,fùnǚ
响亮,loud and clear; resounding,xiǎngliàng
国有企业,nationalized business; state-owned business,guóyǒuqǐyè
耗时,time-consuming; to take a period of (x amount of time),hàoshí
情调,sentiment; tone and mood; taste,qíngdiào
劣质,shoddy; of poor quality,lièzhì
不耐烦,impatience; impatient,bùnàifán
蓬勃发展,N/A,N/A
床位,"bed (in hospital, hotel, train etc); berth; bunk",chuángwèi
主食,main food; staple (rice and noodles),zhǔshí
效仿,see 仿傚|仿效[fang3 xiao4],xiàofǎng
托运,to consign (goods); to check through (baggage),tuōyùn
本着,based on...; in conformance with..; taking as one's main principle,běnzhe
雷电,thunder and lightning,léidiàn
悬念,"suspense in a movie, play etc; concern for sb's welfare",xuánniàn
得体,appropriate to the occasion; fitting,détǐ
凶猛,fierce; violent; ferocious,xiōngměng
忽悠,to rock; to sway; to flicker (e.g. of lights reflected on water); to flutter (e.g. of a flag); to trick sb into doing sth; to dupe; to con,hūyou
月饼,mooncake (esp. for the Mid-Autumn Festival),yuèbǐng
望见,to espy; to spot,wàngjiàn
敬爱,respect and love,jìngài
国学,Chinese national culture; studies of ancient Chinese civilization; the Imperial College (history),guóxué
症结,hard lump in the abdomen (in Chinese medicine); crux of an issue; main point in an argument; sticking point; deadlock in negotiations,zhēngjié
过早,premature; untimely,guòzǎo
流淌,to flow,liútǎng
敬请,please (do sth) (deferential form),jìngqǐng
厄运,bad luck; misfortune; adversity,èyùn
忘不了,cannot forget,wàngbùliǎo
甲状腺,thyroid gland,jiǎzhuàngxiàn
慢慢来,take your time; take it easy,mànmànlái
直视,to look straight at,zhíshì
点缀,to decorate; to adorn; sprinkled; studded; only for show,diǎnzhuì
重量级,heavyweight (boxing etc),zhòngliàngjí
总的来说,generally speaking; to sum up; in summary; in short,zǒngdeláishuō
脊椎,vertebra; backbone,jǐzhuī
告示,announcement,gàoshi
坚韧,tough and durable; tenacious,jiānrèn
恩赐,favor; to give charity to sb out of pity,ēncì
顺势,to take advantage; to seize an opportunity; in passing; without taking extra trouble; conveniently,shùnshì
撤换,to dismiss and replace (sb); to replace (sb or sth),chèhuàn
选修,(at a school) to take as an elective; an elective; elective (subject),xuǎnxiū
缩影,miniature version of sth; microcosm; epitome; (Tw) to microfilm,suōyǐng
显赫,illustrious; celebrated,xiǎnhè
矿藏,mineral resources,kuàngcáng
公鸡,cock; rooster,gōngjī
打捞,to salvage; to dredge; to fish out (person or object from the sea),dǎlāo
歪曲,to distort; to misrepresent,wāiqū
黑马,dark horse; fig. unexpected winner,hēimǎ
着眼于,N/A,N/A
挟持,to seize,xiéchí
跳槽,to change jobs; job-hopping,tiàocáo
赶往,to hurry to (somewhere),gǎnwǎng
示意,to hint; to indicate (an idea to sb),shìyì
小看,to look down on; to underestimate,xiǎokàn
名著,masterpiece,míngzhù
下乡,to go to the countryside,xiàxiāng
懂事,sensible; thoughtful; intelligent,dǒngshì
冲撞,to collide; jerking motion; to impinge; to offend; to provoke,chōngzhuàng
背诵,to recite; to repeat from memory,bèisòng
渴求,to long for; to crave for; to greatly desire,kěqiú
钟头,hour,zhōngtóu
舒畅,happy; entirely free from worry,shūchàng
晴朗,sunny and cloudless,qínglǎng
伯父,father's elder brother; term of respect for older man,bófù
埋藏,to bury; to hide by burying; hidden,máicáng
鲜活,vivid; lively; (of food ingredients) live or fresh,xiānhuó
喘息,to gasp for breath; to take a breather,chuǎnxī
音像,audio and video; audiovisual,yīnxiàng
河畔,riverside; river plain,hépàn
倒计时,to count down; countdown,dàojìshí
不以为然,not to accept as correct (idiom); to object; to disapprove; to take exception to,bùyǐwéirán
斩断,to cut off; to chop sth in half,zhǎnduàn
周密,careful; thorough; meticulous; dense; impenetrable,zhōumì
仰望,to look up at; to look up to sb hopefully,yǎngwàng
接送,picking up and dropping off; greeting and sending off; shuttle (transport service),jiēsòng
开水,boiled water; boiling water,kāishuǐ
韧性,toughness,rènxìng
石膏,gypsum CaSO4·2(H2O); plaster; plaster cast (for a broken bone),shígāo
演艺圈,show business,yǎnyìquān
当之无愧,"fully deserving, without any reservations (idiom); entirely worthy (of a title, honor etc)",dāngzhīwúkuì
朗读,to read aloud,lǎngdú
省略,to leave out; an omission,shěnglüè
铺路,to pave (with paving stones); to lay a road; (fig.) to lay the groundwork (for sth); to give a present to sb to ensure success,pūlù
境遇,circumstance,jìngyù
奶牛,milk cow; dairy cow,nǎiniú
知己,to know oneself; to be intimate or close; intimate friend,zhījǐ
粗略,rough (not precise or accurate); cursory,cūlüè
钻进,"to get into; to dig into (studies, job etc); to squeeze into",zuānjìn
钦佩,to admire; to look up to; to respect sb greatly,qīnpèi
管用,efficacious; useful,guǎnyòng
衬衣,shirt,chènyī
指教,to give advice or comments,zhǐjiào
藏品,museum piece; collector's item; precious object,cángpǐn
招待会,reception,zhāodàihuì
老太婆,old woman (at times contemptuous),lǎotàipó
少不了,cannot do without; to be unavoidable; are bound to be many,shǎobuliǎo
过半,over fifty percent; more than half,guòbàn
楷模,model; example,kǎimó
催促,to urge,cuīcù
荧光,fluorescence; fluorescent,yíngguāng
布莱尔,Blair (name),bùláiěr
端正,upright; regular; proper; correct,duānzhèng
看得起,to show respect for; to think highly of,kàndeqǐ
争光,to win an honor; to strive to win a prize,zhēngguāng
读音,pronunciation; literary (rather than colloquial) pronunciation of a Chinese character,dúyīn
绿茶,green tea,lǜchá
不景气,slack; in a slump,bùjǐngqì
得力,able; capable; competent; efficient,délì
特价,special price,tèjià
国徽,the national emblem of the PRC (a red circle containing the five stars of the PRC flag over Tiananmen 天安門|天安门[Tian1 an1 men2]),guóhuī
写字楼,office building,xiězìlóu
凝视,to gaze at; to fix one's eyes on,níngshì
兴奋剂,stimulant; doping (in athletics),xīngfènjì
一天到晚,all day long; the whole day,yītiāndàowǎn
窍门,a trick; an ingenious method; know-how; the knack (of doing sth),qiàomén
就诊,to see a doctor; to seek medical advice,jiùzhěn
预赛,preliminary competition; to hold preliminary heats,yùsài
缘分,fate or chance that brings people together; predestined affinity or relationship; (Budd.) destiny,yuánfèn
掉头,to turn one's head; to turn round; to turn about,diàotóu
疼爱,to love dearly,téngài
藏匿,to cover up; to conceal; to go into hiding,cángnì
拜拜,(loanword) bye-bye; also pr. [bai1 bai1] etc; (coll.) to part ways (with sb); (fig.) to have nothing further to do (with sb or sth),báibái
外币,foreign currency,wàibì
随时随地,anytime and anywhere,suíshísuídì
钢笔,fountain pen,gāngbǐ
比萨,"Pisa, town in Toscana, Italy",bǐsà
流露,"to reveal (indirectly, implicitly); to show (interest, contempt etc) by means of one's actions, tone of voice etc",liúlù
探亲,to go home to visit one's family,tànqīn
纬度,latitude,wěidù
媲美,to match; is comparable with,pìměi
冰山,iceberg,bīngshān
脱节,to come apart,tuōjié
劝阻,to advise against; to dissuade,quànzǔ
大猩猩,gorilla,dàxīngxing
木匠,carpenter,mùjiàng
白板,whiteboard; tabula rasa; blank slate,báibǎn
新房,brand new house; bridal chamber,xīnfáng
老实说,"honestly speaking; to be frank, ...",lǎoshíshuō
世故,the ways of the world,shìgù
傻逼,,shǎbī
低谷,valley; trough (as opposed to peaks); fig. low point; lowest ebb; nadir of one's fortunes,dīgǔ
新陈代谢,metabolism (biology); the new replaces the old (idiom),xīnchéndàixiè
工作量,workload; volume of work,gōngzuòliàng
血浆,blood plasma,xuèjiāng
狂欢节,carnival,kuánghuānjié
高傲,arrogant; haughty; proud,gāoào
恩惠,favor; grace,ēnhuì
薯条,french fries; french fried potatoes; chips,shǔtiáo
孝顺,filial; dutiful; devoted to one's parents (and grandparents etc); to show filial piety towards (an older family member); filial piety,xiàoshùn
野餐,picnic; to have a picnic,yěcān
枯燥,dry and dull; uninteresting; dry-as-dust,kūzào
冷落,desolate; unfrequented; to treat sb coldly; to snub; to cold shoulder,lěngluò
箭头,arrowhead; arrow symbol,jiàntóu
一塌糊涂,muddled and completely collapsing (idiom); in an awful condition; complete shambles; a total mess,yītāhútu
飞碟,flying saucer; frisbee,fēidié
羞涩,shy; bashful,xiūsè
暴躁,irascible; irritable; violent,bàozào
宝库,"treasure-house; treasury; treasure-trove (often fig., book of treasured wisdom)",bǎokù
无所事事,to have nothing to do; to idle one's time away (idiom),wúsuǒshìshì
做客,to be a guest or visitor,zuòkè
炎症,inflammation,yánzhèng
妒忌,to be jealous of (sb's achievements etc); to be envious; envy,dùjì
和平共处,"peaceful coexistence of nations, societies etc",hépínggòngchǔ
戈壁,Gobi (desert),gēbì
隐约,vague; faint; indistinct,yǐnyuē
复印,to photocopy; to duplicate a document,fùyìn
茅台,"Maotai town in Renhuai county, Guizhou; Maotai liquor 茅臺酒|茅台酒",máotái
互信,mutual trust,hùxìn
难以想象,N/A,N/A
挑剔,picky; fussy,tiāoti
新闻发布会,news conference,xīnwénfābùhuì
阅历,to experience; experience,yuèlì
黑板,blackboard,hēibǎn
倔强,stubborn; obstinate; unbending,juéjiàng
诱饵,bait,yòuěr
车展,motor show,chēzhǎn
专著,monograph; specialized text,zhuānzhù
去处,place; destination,qùchù
白菜,Chinese cabbage; pak choi,báicài
扇子,fan,shànzi
休克,shock (loanword); to go into shock,xiūkè
电灯,electric light,diàndēng
补课,to make up missed lesson; to reschedule a class,bǔkè
由衷,heartfelt; sincere; unfeigned,yóuzhōng
自责,to blame oneself,zìzé
售票,N/A,N/A
光碟,optical disc; compact disc; CD; CD-ROM,guāngdié
管教,to discipline; to teach; to guarantee,guǎnjiào
公厕,public toilet,gōngcè
自始至终,from start to finish (idiom),zìshǐzhìzhōng
稳重,steady; earnest; staid,wěnzhòng
水壶,kettle; canteen; watering can,shuǐhú
猛然,suddenly; abruptly,měngrán
碰巧,by chance; by coincidence; to happen to,pèngqiǎo
照常,as usual,zhàocháng
交响乐,symphony,jiāoxiǎngyuè
偷窥,to peep; to peek; to act as voyeur,tōukuī
适量,appropriate amount,shìliàng
蜜月,honeymoon,mìyuè
颜面,face; prestige,yánmiàn
泄密,to leak secrets,xièmì
歇斯底里,hysteria (loanword); hysterical,xiēsīdǐlǐ
疏导,to dredge; to open up a path for; to remove obstructions; to clear the way; to enlighten; persuasion,shūdǎo
凑合,to bring together; to make do in a bad situation; to just get by; to improvise; passable; not too bad,còuhe
节俭,frugal; economical,jiéjiǎn
出人意料,unexpected (idiom); surprising,chūrényìliào
稀奇,rare; strange,xīqí
两栖,amphibious; dual-talented; able to work in two different lines,liǎngqī
空隙,crack; gap between two objects; gap in time between two events,kòngxì
免疫力,immunity,miǎnyìlì
别扭,awkward; difficult; uncomfortable; not agreeing; at loggerheads; gauche,bièniu
毅然,firmly; resolutely; without hesitation,yìrán
须知,key information; instructions; it must be borne in mind,xūzhī
急诊,emergency call; emergency (medical) treatment,jízhěn
零下,below zero,língxià
上流,upper class,shàngliú
未免,unavoidably; can't help; really; rather,wèimiǎn
晒太阳,to be in the sun (getting warm or sunbathing etc); to put sth in the sun (e.g. to dry it),shàitàiyáng
胆固醇,cholesterol,dǎngùchún
焕发,to shine; to glow; to irradiate; to flash,huànfā
旺季,busy season; peak period; see also 淡季[dan4 ji4],wàngjì
内需,domestic demand,nèixū
动感,sense of movement (often in a static work of art); dynamic; vivid; lifelike,dònggǎn
上楼,to go upstairs,shànglóu
一成不变,nothing much changes (idiom); always the same; stuck in a rut,yīchéngbùbiàn
摆动,to sway; to swing; to move back and forth; to oscillate,bǎidòng
豆子,bean; pea,dòuzi
淘气,naughty; mischievous,táoqì
侦破,to investigate (as detective); to solve (crime); to uncover (a plot); to sniff out; to break in and analyze; detective work; to scout,zhēnpò
新潮,modern; fashionable,xīncháo
哀求,to entreat; to implore; to plead,āiqiú
常理,common sense; conventional reasoning and morals,chánglǐ
得益于,N/A,N/A
朴实,plain; simple; guileless; down-to-earth; sincere and honest,pǔshí
附和,to agree; to go along with; to echo (what sb says),fùhè
大跃进,"Great Leap Forward (1958-1960), Mao's attempt to modernize China's economy, which resulted in economic devastation, and millions of deaths from famine caused by misguided policies",dàyuèjìn
疏通,to unblock; to dredge; to clear the way; to get things flowing; to facilitate; to mediate; to lobby; to explicate (a text),shūtōng
刺绣,to embroider; embroidery,cìxiù
熟睡,asleep; sleeping soundly,shúshuì
机灵,clever; quick-witted,jīling
酒楼,restaurant,jiǔlóu
叫好,to applaud; to cheer,jiàohǎo
喧闹,to make a noise; noisy,xuānnào
毛衣,(wool) sweater,máoyī
杂技,acrobatics,zájì
放肆,wanton; unbridled; presumptuous; impudent,fàngsì
坦然,calm; undisturbed,tǎnrán
杀毒,N/A,N/A
剩女,"""leftover woman"" (successful career woman who has remained single)",shèngnǚ
初等,elementary (i.e. easy),chūděng
押金,deposit; down payment,yājīn
空想,daydream; fantasy; to fantasize,kōngxiǎng
供求,supply and demand (economics),gōngqiú
竟敢,to have the impertinence; to have the cheek to,jìnggǎn
敷衍,to elaborate (on a theme); to expound (the classics); perfunctory; to skimp; to botch; to do sth half-heartedly or just for show; barely enough to get by,fūyǎn
唠叨,to prattle; to chatter away; to nag; garrulous; nagging,láodao
不慎,incautious; inattentive,bùshèn
回首,to turn around; to look back; to recollect,huíshǒu
仇人,foe; one's personal enemy,chóurén
小腿,lower leg (from knee to ankle); shank,xiǎotuǐ
汹涌,"to surge up violently (of ocean, river, lake etc); turbulent",xiōngyǒng
理直气壮,in the right and self-confident (idiom); bold and confident with justice on one's side; to have the courage of one's convictions; just and forceful,lǐzhíqìzhuàng
丰硕,plentiful; substantial; rich (in resources etc),fēngshuò
嘲弄,to tease; to poke fun at; to make fun of,cháonòng
肝癌,liver cancer,gānái
情不自禁,unable to restrain emotions; cannot help,qíngbùzìjīn
减压,to reduce pressure; to relax,jiǎnyā
颇有,N/A,N/A
袖手旁观,to watch with folded arms (idiom); to look on without lifting a finger,xiùshǒupángguān
一帆风顺,propitious wind throughout the journey (idiom); plain sailing; to go smoothly; have a nice trip!,yīfānfēngshùn
纵观,to survey comprehensively; an overall survey,zòngguān
伸缩,to lengthen and shorten; flexible; adjustable; retractable; extensible; telescoping (collapsible),shēnsuō
中国画,Chinese painting,zhōngguóhuà
伙食,food; meals,huǒshí
污秽,nasty; sordid; filthy,wūhuì
二手车,second-hand car,èrshǒuchē
吉普,Jeep (car brand),jípǔ
把关,to guard a pass; to check on sth,bǎguān
掏钱,N/A,N/A
客流,N/A,N/A
职业病,occupational disease,zhíyèbìng
一把手,working hand; member of a work team; participant; (short form of 第一把手[di4 yi1 ba3 shou3]) the boss,yībǎshǒu
乞求,to beg,qǐqiú
赶忙,to hurry; to hasten; to make haste,gǎnmáng
沉稳,steady; calm; unflustered,chénwěn
运动鞋,sports shoes; sneakers,yùndòngxié
外企,"foreign enterprise; company established in mainland China with direct investment from foreign entities or from investors in Taiwan, Macao or Hong Kong; abbr. for 外資企業|外资企业",wàiqǐ
励志,to encourage; encouragement,lìzhì
开动,to start; to set in motion; to move; to march; to dig in (eating); to tuck in (eating),kāidòng
忧愁,to be worried,yōuchóu
察看,to watch; to look carefully at,chákàn
录音机,(tape) recording machine; tape recorder,lùyīnjī
竞相,competitive; eagerly; to vie,jìngxiāng
退让,to move aside; to get out of the way; to back down; to concede,tuìràng
对得起,not to let sb down; to treat sb fairly; be worthy of,duìdeqǐ
疗养,to get well; to heal; to recuperate; to convalesce; convalescence; to nurse,liáoyǎng
门路,way of doing sth; the right social connection,ménlù
得手,to go smoothly; to come off; to succeed,déshǒu
答辩,to reply (to an accusation); to defend one's dissertation,dábiàn
预售,advance sale; to sell in advance; to book,yùshòu
庸俗,vulgar; tacky; tawdry,yōngsú
汪洋,vast body of water,wāngyáng
口令,oral command; a word of command (used in drilling troops or gymnasts); password (used by sentry),kǒulìng
爽快,refreshed; rejuvenated; frank and straightforward,shuǎngkuai
同感,(have the) same feeling; similar impression; common feeling,tónggǎn
第一手,first-hand,dìyīshǒu
衰弱,weak; feeble,shuāiruò
办不到,impossible; can't be done; no can do; unable to accomplish,bànbudào
过硬,to have perfect mastery of sth; to be up to the mark,guòyìng
喜庆,jubilation; festive,xǐqìng
母鸡,hen,mǔjī
东道主,host; official host (e.g. venue for games or a conference),dōngdàozhǔ
岳母,"wife's mother, mother-in-law",yuèmǔ
爆满,"filled to capacity (of theater, stadium, gymnasium etc)",bàomǎn
封顶,"to put a roof (on a building); to cap the roof (finishing a building project); fig. to put a ceiling (on spending, prize, ambition etc); to top off; fig. to reach the highest point (of growth, profit, interest rates); to stop growing (of plant bud or branch)",fēngdǐng
算账,(accounting) to balance the books; to do the accounts; (fig.) to settle an account; to get one's revenge,suànzhàng
破旧,shabby,pòjiù
超速,to exceed the speed limit; to speed; high-speed,chāosù
手术室,N/A,N/A
强项,key strength; strong suit; specialty,qiángxiàng
打雷,to rumble with thunder; clap of thunder,dǎléi
容颜,mien; complexion,róngyán
惋惜,to regret; to feel that it is a great pity; to feel sorry for sb,wǎnxī
理发,a barber; hairdressing,lǐfà
激化,N/A,N/A
日复一日,day after day,rìfùyīrì
间隙,interval; gap; clearance,jiànxì
脸庞,face,liǎnpáng
留恋,reluctant to leave; to hate to have to go; to recall fondly,liúliàn
苦涩,bitter and astringent; pained; agonized,kǔsè
害虫,injurious insect; pest,hàichóng
脊髓,spinal cord; medulla spinalis,jǐsuǐ
似曾相识,déjà vu (the experience of seeing exactly the same situation a second time); seemingly familiar; apparently already acquainted,sìcéngxiāngshí
警钟,alarm bell,jǐngzhōng
观感,one's impressions; observations,guāngǎn
焦急,anxiety; anxious,jiāojí
发愁,to worry; to fret; to be anxious; to become sad,fāchóu
畜牧业,animal husbandry; stock raising; livestock raising,xùmùyè
慌乱,frenetic; hurried,huāngluàn
隔开,to separate,gékāi
伤疤,scar,shāngbā
雷雨,thunderstorm,léiyǔ
竭尽全力,to spare no effort (idiom); to do one's utmost,jiéjìnquánlì
红茶,black tea,hóngchá
麻辣,hot and numbing,málà
名副其实,"not just in name only, but also in reality (idiom); aptly named; worthy of the name",míngfùqíshí
起程,to set out; to leave,qǐchéng
耽搁,to tarry; to delay; to stop over,dānge
拉链,zipper,lāliàn
缆车,cable car,lǎnchē
工科,engineering as an academic subject,gōngkē
阻拦,to stop; to obstruct,zǔlán
凶残,savage; cruel; fierce,xiōngcán
通畅,unobstructed; clear,tōngchàng
深奥,profound; abstruse; recondite; profoundly,shēnào
恩怨,gratitude and grudges; resentment; grudges; grievances,ēnyuàn
喝彩,to acclaim; to cheer,hècǎi
韵味,implicit charm in rhyme or sound; hinted appeal; interest,yùnwèi
迁就,to yield; to adapt to; to accommodate to (sth),qiānjiù
边远,far from the center; remote; outlying,biānyuǎn
四面八方,in all directions; all around; far and near,sìmiànbāfāng
坚持不懈,to persevere unremittingly (idiom); to keep going until the end,jiānchíbùxiè
正品,certified goods; quality product; normal product; A-class goods,zhèngpǐn
看台,terrace; spectator's grandstand; viewing platform,kàntái
聘任,to appoint (to a position); appointed,pìnrèn
盘算,to plot; to scheme; to calculate,pánsuàn
下海,"to go out to sea; to enter the sea (to swim etc); (fig.) to take the plunge (e.g. leave a secure job, or enter prostitution etc)",xiàhǎi
啊哈,N/A,N/A
宽敞,spacious; wide,kuānchang
前头,in front; at the head; ahead; above,qiántou
吃苦,to bear hardships,chīkǔ
珍视,to place great importance on; to treasure,zhēnshì
情绪化,emotional; sentimental,qíngxùhuà
打官司,to file a lawsuit; to sue; to dispute,dǎguānsi
扁平,flat; planar,biǎnpíng
日新月异,"daily renewal, monthly change (idiom); every day sees new developments; rapid progress",rìxīnyuèyì
独身,unmarried; single,dúshēn
松绑,to untie; (fig.) to ease restrictions,sōngbǎng
祥和,auspicious and peaceful,xiánghé
绷带,bandage (loanword),bēngdài
岁数,age (number of years old),suìshu
建树,to make a contribution; to establish; to found; contribution,jiànshù
僵化,to become rigid,jiānghuà
嫁妆,dowry,jiàzhuang
倒车,"to change buses, trains etc",dǎochē
仿制,to copy; to imitate; to make by imitating a model,fǎngzhì
疑点,a doubtful point,yídiǎn
山川,N/A,N/A
隐性,hidden; crypto-; recessive (gene),yǐnxìng
煎饼,"jianbing, a savory Chinese crêpe; pancake",jiānbǐng
特例,special case; isolated example,tèlì
太极拳,"shadowboxing or Taiji, T'aichi or T'aichichuan; traditional form of physical exercise or relaxation; a martial art",tàijíquán
争气,to work hard for sth; to resolve on improvement; determined not to fall short,zhēngqì
闹市,downtown area; city center,nàoshì
巡警,police patrol; patrol officer; police officer (old),xúnjǐng
自力更生,regeneration through one's own effort (idiom); self-reliance,zìlìgēngshēng
衰减,to weaken; to attenuate,shuāijiǎn
免不了,unavoidable; can't be avoided,miǎnbùliǎo
伸张,to uphold (e.g. justice or virtue); to promote,shēnzhāng
毫升,milliliter,háoshēng
轮换,to rotate; to take turns; to switch,lúnhuàn
唾液,saliva,tuòyè
高估,to overestimate; to overrate,gāogū
擦干,to wipe dry,cāgān
解围,to lift a siege; to help sb out of trouble or embarrassment,jiěwéi
停泊,to anchor; anchorage; mooring (of a ship),tíngbó
歉意,apology; regret,qiànyì
儿科,pediatrics,érkē
用功,diligent; industrious (in one's studies); to study hard; to make great effort,yònggōng
缤纷,vast and various; rich and diverse,bīnfēn
霍乱,cholera,huòluàn
健壮,robust; healthy; sturdy,jiànzhuàng
站住,to stand,zhànzhù
狼狈,in a difficult situation; to cut a sorry figure; scoundrel! (derog.),lángbèi
共性,overall character,gòngxìng
透气,to flow freely (of air); to ventilate; to breathe (of fabric etc); to take a breath of fresh air; to divulge,tòuqì
旗袍,Chinese-style dress; cheongsam,qípáo
专柜,sales counter dedicated to a certain kind of product (e.g. alcohol),zhuānguì
药方,prescription,yàofāng
半路,halfway; midway; on the way,bànlù
来龙去脉,the rise and fall of the terrain (idiom); (fig.) the whole sequence of events; causes and effects,láilóngqùmài
应有尽有,everything that should be here is here (idiom); all one can think of is on hand; to have all one needs,yīngyǒujìnyǒu
佳节,festive day; holiday,jiājié
荆棘,thistles and thorns; brambles; thorny undergrowth,jīngjí
亲朋好友,friends and family; kith and kin,qīnpénghǎoyǒu
出难题,to raise a tough question,chūnántí
小曲,popular song; folk tune; ballad,xiǎoqǔ
手雷,grenade,shǒuléi
痴呆,imbecility; dementia,chīdāi
一目了然,obvious at a glance (idiom),yīmùliǎorán
遮盖,to hide; to cover (one's tracks),zhēgài
半场,half of a game or contest; half-court,bànchǎng
爬山,to climb a mountain; to mountaineer; hiking; mountaineering,páshān
重播,to replay; to rerun; (agriculture) to reseed; to oversow,chóngbō
沉着,steady; calm and collected; not nervous,chénzhuó
恩人,a benefactor; a person who has significantly helped sb else,ēnrén
连忙,promptly; at once,liánmáng
回味,to reflect on; to ponder over; aftertaste,huíwèi
官僚主义,bureaucracy,guānliáozhǔyì
嫌弃,to regard with disdain; to shun,xiánqì
闹钟,alarm clock,nàozhōng
机舱,cabin of a plane,jīcāng
知足,content with one's situation; to know contentment (hence happiness),zhīzú
表率,example; model,biǎoshuài
赶赴,to hurry; to rush,gǎnfù
出汗,to perspire; to sweat,chūhàn
略微,a little bit; slightly,lüèwēi
裂痕,crack; gap; split,lièhén
亮丽,bright and beautiful,liànglì
修车,to repair a bike (car etc),xiūchē
淀粉,starch; amylum C6H10O5,diànfěn
小费,tip; gratuity,xiǎofèi
牵挂,to worry about; to be concerned about,qiānguà
不由自主,can't help; involuntarily (idiom),bùyóuzìzhǔ
修长,slender; lanky; tall and thin,xiūcháng
偷懒,to goof off; to be lazy,tōulǎn
韧带,ligament,rèndài
艾特,"at symbol, @",àitè
恼火,to get angry; irritated; to annoy; to aggravate; annoying,nǎohuǒ
眼红,to covet; envious; jealous; green with envy; infuriated; furious,yǎnhóng
退票,to bounce (a check); to return a ticket; ticket refund,tuìpiào
由此看来,N/A,N/A
恰巧,fortunately; unexpectedly; by coincidence,qiàqiǎo
丰富多彩,richly colorful,fēngfùduōcǎi
苦力,"bitter work; hard toil; (loanword) coolie, unskilled Chinese laborer in colonial times",kǔlì
夜市,night market,yèshì
茫茫,boundless; vast and obscure,mángmáng
路况,"road condition(s) (e.g. surface, traffic flow etc)",lùkuàng
摇摇欲坠,tottering; on the verge of collapse,yáoyáoyùzhuì
突破口,N/A,N/A
威慑,to cower by military force; deterrence,wēishè
游人,a tourist,yóurén
国画,traditional Chinese painting,guóhuà
暴利,sudden huge profits,bàolì
眨眼,to blink; to wink; in the twinkling of an eye,zhǎyǎn
垫底,N/A,N/A
刷牙,to brush one's teeth,shuāyá
失传,(of skills etc) to die out; lost; extinct,shīchuán
虚荣,vanity,xūróng
微波炉,microwave oven,wēibōlú
恶性循环,vicious circle,èxìngxúnhuán
赞许,to praise; to laud,zànxǔ
公费,at public expense,gōngfèi
园地,garden area,yuándì
拉锁,zipper,lāsuǒ
醒悟,to come to oneself; to come to realize; to come to see the truth; to wake up to reality,xǐngwù
渺小,minute; tiny; negligible; insignificant,miǎoxiǎo
健美,healthy and beautiful; to do fitness exercises; abbr. for 健美運動|健美运动[jian4 mei3 yun4 dong4],jiànměi
残缺,badly damaged; shattered,cánquē
沧桑,great changes; ups and downs; vicissitudes; abbr. of 滄海桑田|沧海桑田[cang1 hai3 sang1 tian2],cāngsāng
随处,everywhere; anywhere,suíchù
伤残,disabled; maimed; crippled; (of objects) damaged,shāngcán
荒凉,desolate,huāngliáng
棒子,stick; club; cudgel; maize (corn); ear of maize; corncob; (derog.) Korean,bàngzi
车位,parking spot; unloading point; garage place; stand for taxi,chēwèi
原装,genuine; intact in original packaging (not locally assembled and packaged),yuánzhuāng
欠条,IOU; certificate of indebtedness,qiàntiáo
杨树,poplar tree; various trees of genus Populus,yángshù
委婉,tactful; euphemistic; (of voice etc) suave; soft,wěiwǎn
形形色色,all kinds of; all sorts of; every (different) kind of,xíngxíngsèsè
旱灾,drought,hànzāi
少林寺,"Shaolin Temple, Buddhist monastery famous for its kung fu monks",shàolínsì
名利,fame and profit,mínglì
沙尘,airborne sand and dust,shāchén
奢望,an extravagant hope; to have excessive expectations,shēwàng
岸上,ashore; on the riverbank,ànshàng
家喻户晓,understood by everyone (idiom); well known; a household name,jiāyùhùxiǎo
腐化,to rot; to decay; to become corrupt,fǔhuà
方方面面,all sides; all aspects; multi-faceted,fāngfāngmiànmiàn
清洁工,cleaner; janitor; garbage collector,qīngjiégōng
废品,production rejects; seconds; scrap; discarded material,fèipǐn
费劲,to require effort; strenuous,fèijìn
胆怯,timidity; timid; cowardly,dǎnqiè
接二连三,one after another (idiom); in quick succession,jiēèrliánsān
凄凉,mournful; miserable,qīliáng
话筒,microphone; (telephone) receiver; handset,huàtǒng
养老院,nursing home,yǎnglǎoyuàn
一不小心,N/A,N/A
酿造,"to brew; to make (wine, vinegar, soybean paste etc) by fermentation",niàngzào
心胸,heart; mind; ambition; aspiration,xīnxiōng
欢快,cheerful and lighthearted; lively,huānkuài
不同寻常,N/A,N/A
过奖,to overpraise; to flatter,guòjiǎng
拍戏,to shoot a movie,pāixì
猎犬,hound; hunting dog,lièquǎn
时差,time difference; time lag; jet lag,shíchā
好家伙,my God!; oh boy!; man!,hǎojiāhuo
吸管,(drinking) straw; pipette; eyedropper; snorkel,xīguǎn
看管,to look after,kānguǎn
成家,to settle down and get married (of a man); to become a recognized expert,chéngjiā
元宵节,"Lantern Festival, the final event of the Spring Festival 春節|春节, on 15th of first month of the lunar calendar",yuánxiāojié
耐性,patience; endurance,nàixìng
犹豫不决,hesitancy; indecision; to waver,yóuyùbùjué
彩电,color TV,cǎidiàn
骨气,unyielding character; courageous spirit; integrity; moral backbone,gǔqì
摆平,to be fair; to be impartial; to settle (a matter etc),bǎipíng
忌讳,taboo; to avoid as taboo; to abstain from,jìhuì
针锋相对,to oppose each other with equal harshness (idiom); tit for tat; measure for measure,zhēnfēngxiāngduì
振作,to bestir oneself; to pull oneself together; to cheer up; to uplift; to stimulate,zhènzuò
成才,to make sth of oneself; to become a person who is worthy of respect,chéngcái
远近,far and near; distance,yuǎnjìn
安逸,easy and comfortable; easy,ānyì
辫子,plait; braid; pigtail; a mistake or shortcoming that may be exploited by an opponent; handle,biànzi
朦胧,hazy,ménglóng
不起眼,unremarkable; nothing out of the ordinary,bùqǐyǎn
确凿,definite; conclusive; undeniable; authentic; also pr. [que4 zuo4],quèzáo
自相矛盾,to contradict oneself; self-contradictory; inconsistent,zìxiāngmáodùn
橡皮,rubber; an eraser,xiàngpí
占卜,to divine,zhānbǔ
兴高采烈,happy and excited (idiom); in high spirits; in great delight,xìnggāocǎiliè
彻夜,the whole night,chèyè
定金,down payment; advance payment,dìngjīn
风浪,wind and waves; stormy sea,fēnglàng
消沉,depressed; bad mood; low spirit,xiāochén
喧哗,hubbub; clamor; to make a racket,xuānhuá
哲理,philosophic theory; philosophy,zhélǐ
奔腾,Pentium (microprocessor by Intel),bēnténg
品行,behavior; moral conduct,pǐnxíng
写照,portrayal,xiězhào
接听,to answer the phone,jiētīng
一刹那,N/A,N/A
天平,scales (to weigh things),tiānpíng
苗条,(of a woman) slim; slender; graceful,miáotiao
伯母,wife of father's elder brother; aunt; (polite form of address for a woman who is about the age of one's mother),bómǔ
惦记,to think of; to keep thinking about; to be concerned about,diànjì
漏水,to leak (of water),lòushuǐ
切身,direct; concerning oneself; personal,qièshēn
临街,facing the street,línjiē
不值,not worth,bùzhí
无忧无虑,carefree and without worries (idiom),wúyōuwúlǜ
不得而知,unknown; unable to find out,bùdéérzhī
本分,(to play) one's part; one's role; one's duty; (to stay within) one's bounds; dutiful; keeping to one's role,běnfèn
招手,to wave; to beckon,zhāoshǒu
倾销,"to dump (goods, products)",qīngxiāo
缺氧,lacking oxygen; anaerobic,quēyǎng
密不可分,inextricably linked (idiom); inseparable,mìbùkěfēn
私事,personal matters,sīshì
振荡,vibration; oscillation,zhèndàng
谜语,riddle; conundrum,míyǔ
小气,stingy; miserly; narrow-minded; petty,xiǎoqì
忙活,to be really busy; pressing business,mánghuo
专程,specifically; specially (for that purpose),zhuānchéng
季军,third in a race; bronze medalist,jìjūn
底蕴,inside information; concrete details,dǐyùn
算盘,abacus; plan; scheme,suànpán
避暑,to be away for the summer holidays; to spend a holiday at a summer resort; to prevent sunstroke,bìshǔ
划船,to row a boat; rowing boat; rowing (sport),huáchuán
措手不及,no time to deal with it (idiom); caught unprepared,cuòshǒubùjí
直奔,to go straight to; to make a beeline for,zhíbèn
入场券,admission ticket,rùchǎngquàn
皮球,"ball (made of rubber, leather etc)",píqiú
冗长,long and tedious; redundant; superfluous; supernumerary; verbose (of writing),rǒngcháng
挂号,to register (at a hospital etc); to send by registered mail,guàhào
魄力,courage; daring; boldness; resolution; drive,pòlì
俘获,to capture (enemy property or personnel); capture (physics: absorption of subatomic particle by an atom or nucleus),fúhuò
自理,to take care of oneself; to provide for oneself,zìlǐ
大体上,overall; in general terms,dàtǐshàng
罢休,to give up; to abandon (a goal etc); to let sth go; forget it; let the matter drop,bàxiū
尼龙,nylon (loanword),nílóng
性价比,cost-performance ratio,xìngjiàbǐ
水龙头,faucet; tap,shuǐlóngtóu
发火,to catch fire; to ignite; to detonate; to get angry,fāhuǒ
屹立,to tower; to stand straight (of person's bearing),yìlì
嫦娥,"Chang'e, the lady in the moon (Chinese mythology); one of the Chang'e series of PRC lunar spacecraft",chángé
爪子,(animal's) claw,zhuǎzi
从今以后,N/A,N/A
撒娇,to act like a spoiled child; to throw a tantrum; to act coquettishly,sājiāo
插嘴,to interrupt (sb talking); to butt in; to cut into a conversation,chāzuǐ
没劲,to have no strength; to feel weak; exhausted; feeling listless; boring; of no interest,méijìn
脱口而出,to blurt out; to let slip (an indiscreet remark),tuōkǒuérchū
酒鬼,drunkard,jiǔguǐ
爱惜,to cherish; to treasure; to use sparingly,àixī
中庸,"the Doctrine of the Mean, one of the Four Books 四書|四书[Si4 shu1]",zhōngyōng
念念不忘,to keep in mind constantly (idiom),niànniànbùwàng
妨害,to impair; damaging; harmful; a nuisance,fánghài
括号,parentheses; brackets,kuòhào
下棋,to play chess,xiàqí
期末,end of term,qīmò
心里话,(to express one's) true feelings; what is on one's mind; secret mind,xīnlihuà
秘方,secret recipe,mìfāng
生命线,lifeline,shēngmìngxiàn
大提琴,cello; violoncello,dàtíqín
风沙,sand blown by wind; sandstorm,fēngshā
文娱,cultural recreation; entertainment,wényú
中秋节,the Mid-Autumn Festival on 15th of 8th lunar month,zhōngqiūjié
跟前,the front (of); (in) front; (in) sb's presence; just before (a date),gēnqián
劳累,tired; exhausted; worn out; to toil,láolèi
恍然大悟,to suddenly realize; to suddenly see the light,huǎngrándàwù
有奖,N/A,N/A
挂失,to report the loss of something,guàshī
公益性,N/A,N/A
起劲,vigorously; energetically; enthusiastically,qǐjìn
茫然,blankly; vacantly; at a loss,mángrán
翻天覆地,sky and the earth turning upside down (idiom); fig. complete confusion; everything turned on its head,fāntiānfùdì
灰心,to lose heart; to be discouraged,huīxīn
挂念,concerned,guàniàn
波折,twists and turns,bōzhé
自由自在,free and easy (idiom); carefree; leisurely,zìyóuzìzài
献血,to donate blood,xiànxuè
周旋,to mix with others; to socialize; to deal with; to contend,zhōuxuán
物证,material evidence,wùzhèng
年迈,old; aged,niánmài
胃癌,stomach cancer,wèiái
一事无成,to have achieved nothing; to be a total failure; to get nowhere,yīshìwúchéng
滑冰,to skate; skating,huábīng
触觉,touch; sense of touch; tactile,chùjué
无可厚非,see 未可厚非[wei4 ke3 hou4 fei1],wúkěhòufēi
气魄,spirit; boldness; positive outlook; imposing attitude,qìpò
慌张,confused; flustered,huāngzhāng
齐心协力,to work with a common purpose (idiom); to make concerted efforts; to pull together; to work as one,qíxīnxiélì
龙舟,dragon boat; imperial boat,lóngzhōu
内分泌,"endocrine (internal secretion, e.g. hormone)",nèifēnmì
庄重,grave; solemn; dignified,zhuāngzhòng
芬芳,perfume; fragrant,fēnfāng
鞋带,shoelace,xiédài
前列腺,prostate,qiánlièxiàn
美满,happy; blissful,měimǎn
走投无路,to be at an impasse (idiom); in a tight spot; at the end of one's rope; desperate,zǒutóuwúlù
充电器,battery charger,chōngdiànqì
揣测,to guess; to conjecture,chuǎicè
眼圈,rim of the eye; eye socket,yǎnquān
备课,(of a teacher) to prepare lessons,bèikè
平常心,levelheadedness; calmness; equanimity,píngchángxīn
软实力,soft power (in international relations),ruǎnshílì
书架,bookshelf,shūjià
春运,(increased) passenger transportation around Chinese New Year,chūnyùn
颓废,decadent; dispirited; depressed; dejected,tuífèi
根治,to bring under permanent control; to effect a radical cure,gēnzhì
沉闷,oppressive (of weather); heavy; depressed; not happy; (of sound) dull; muffled,chénmèn
得天独厚,blessed by heaven (idiom); enjoying exceptional advantages; favored by nature,détiāndúhòu
赶不上,can't keep up with; can't catch up with; cannot overtake,gǎnbùshàng
油腻,grease; greasy food; oily; rich (of food); fatty; greasy and dirty; a slippery character,yóunì
转眼,in a flash; in the blink of an eye; to glance,zhuǎnyǎn
成问题,N/A,N/A
一心一意,concentrating one's thoughts and efforts; single-minded; bent on; intently,yīxīnyīyì
出息,"to yield interest, profit etc; to exhale (Buddhism)",chūxī
商贩,trader; peddler,shāngfàn
恰到好处,it's just perfect; it's just right,qiàdàohǎochù
贮藏,to store up; to hoard; deposits,zhùcáng
文具,"stationery; item of stationery (pen, pencil, eraser, pencil sharpener etc)",wénjù
把柄,handle; (fig.) information that can be used against sb,bǎbǐng
敬礼,to salute; salute,jìnglǐ
威风,might; awe-inspiring authority; impressive,wēifēng
凶恶,fierce; ferocious; fiendish; frightening,xiōngè
吃力,to entail strenuous effort; to toil at a task; strenuous; laborious; strain,chīlì
重合,to match up; to coincide,chónghé
清淡,"light (of food, not greasy or strongly flavored); insipid; slack (sales)",qīngdàn
冬眠,hibernation,dōngmián
车速,vehicle speed,chēsù
难处,trouble; difficulty; problem,nánchu
庙会,temple fair,miàohuì
涌动,N/A,N/A
辛辣,spicy hot (taste); fig. biting (criticism),xīnlà
果树,fruit tree,guǒshù
浇水,to water (plants etc),jiāoshuǐ
冷门,"a neglected branch (of arts, science, sports etc); fig. a complete unknown who wins a competition",lěngmén
好学,eager to study; studious; erudite,hàoxué
停车位,N/A,N/A
盖子,cover; lid; shell,gàizi
扫墓,to sweep a grave (and pay one's respects to the dead person),sǎomù
蔗糖,cane sugar; sucrose,zhètáng
炉子,stove; oven; furnace,lúzi
含蓄,"to contain; to hold; (of a person or style etc) reserved; restrained; (of words, writings) full of hidden meaning; implicit; veiled (criticism)",hánxù
标致,Peugeot,biāozhì
偶遇,a chance encounter; to meet accidentally,ǒuyù
书桌,desk,shūzhuō
转学,to change schools; to transfer to another college,zhuǎnxué
热水器,water heater,rèshuǐqì
别看,N/A,N/A
毛笔,writing brush,máobǐ
放水,to turn on the water; to let water out; to throw a game (sports),fàngshuǐ
凌乱,messy; disarrayed; disheveled; chaos,língluàn
感染力,inspiration; infectious (enthusiasm),gǎnrǎnlì
公事,work-related matters; documents,gōngshì
透支,(bank) overdraft,tòuzhī
豆浆,soy milk,dòujiāng
凳子,stool; small seat,dèngzi
焦躁,fretful; impatient,jiāozào
雄伟,grand; imposing; magnificent; majestic,xióngwěi
不了了之,to settle a matter by leaving it unsettled; to end up with nothing definite,bùliǎoliǎozhī
签到,to register; to sign in,qiāndào
队形,formation,duìxíng
招揽,to attract (customers); to drum up (trade),zhāolǎn
帐子,mosquito net,zhàngzi
输家,N/A,N/A
扣子,button,kòuzi
礼拜天,Sunday,lǐbàitiān
遂心,to one's liking,suìxīn
凉鞋,sandal,liángxié
笼统,general; broad; sweeping; lacking in detail; vague,lǒngtǒng
字迹,handwriting,zìjì
止血,to staunch (bleeding); hemostatic (drug),zhǐxuè
水产品,N/A,N/A
守候,to wait for; to expect; to keep watch; to watch over; to nurse,shǒuhòu
寿险,life insurance; abbr. for 人壽保險|人寿保险,shòuxiǎn
口才,eloquence,kǒucái
难说,N/A,N/A
诉苦,to grumble; to complain; grievance,sùkǔ
单边,unilateral,dānbiān
成交量,N/A,N/A
洋溢,brimming with; steeped in,yángyì
红枣,jujube; red date,hóngzǎo
合情合理,reasonable and fair (idiom),héqínghélǐ
安眠药,sleeping pill,ānmiányào
无可奈何,have no way out; have no alternative; abbr. to 無奈|无奈[wu2 nai4],wúkěnàihé
卖弄,to show off; to make a display of,màinong
恰恰相反,N/A,N/A
防汛,flood control; anti-flood (precautions),fángxùn
别致,unusual; unique,biézhì
划时代,epoch-marking,huàshídài
松树,pine; pine tree,sōngshù
起跑线,the starting line (of a race); scratch line (in a relay race),qǐpǎoxiàn
谋害,to conspire to murder; to plot against sb's life,móuhài
顺心,happy; satisfactory,shùnxīn
送别,to farewell,sòngbié
口香糖,chewing gum,kǒuxiāngtáng
黑猩猩,common chimpanzee,hēixīngxing
待会儿,in a moment; later; also pr. [dai1 hui3 r5] or [dai1 hui5 r5],dāihuìr
以身作则,to set an example (idiom); to serve as a model,yǐshēnzuòzé
持之以恒,to pursue unremittingly (idiom); to persevere,chízhīyǐhéng
刁难,to be hard on sb; to deliberately make things difficult,diāonàn
浓重,dense; thick; strong; rich (colors); heavy (aroma); deep (friendship); profound (effect),nóngzhòng
绿灯,green light (traffic signal); (fig.) permission to proceed,lǜdēng
爵士乐,jazz (loanword),juéshìyuè
波澜,billows; great waves (fig. of a story with great momentum),bōlán
稠密,dense,chóumì
火速,at top speed; at a tremendous lick,huǒsù
力所能及,as far as one's capabilities extend (idiom); to the best of one's ability; within one's powers,lìsuǒnéngjí
富足,rich; plentiful,fùzú
窗子,window,chuāngzi
长足,"remarkable (progress, improvement, expansion etc)",chángzú
留念,to keep as a souvenir; to recall fondly,liúniàn
慰藉,to console; to comfort; consolation,wèijiè
无足轻重,insignificant,wúzúqīngzhòng
气管,windpipe; trachea; respiratory tract; air duct; gas pipe,qìguǎn
芝士,cheese (loanword),zhīshì
大街小巷,great streets and small alleys (idiom); everywhere in the city,dàjiēxiǎoxiàng
推卸,to avoid (esp. responsibility); to shift (the blame); to pass the buck,tuīxiè
与日俱增,to increase steadily; to grow with each passing day,yǔrìjùzēng
阀门,valve (mechanical),fámén
口渴,thirsty,kǒukě
夜班,night shift,yèbān
画册,picture album,huàcè
腹痛,bellyache; stomach pain,fùtòng
畅谈,to talk freely; to discuss without inhibition,chàngtán
理睬,to heed; to pay attention to,lǐcǎi
劲头,enthusiasm; zeal; vigor; strength,jìntóu
夸耀,to brag about; to flaunt,kuāyào
协议书,contract; protocol,xiéyìshū
推敲,to think over,tuīqiāo
饶恕,to forgive; to pardon; to spare,ráoshù
熏陶,to seep in; to influence; to nurture; influence; training,xūntáo
追悼会,memorial service; funeral service,zhuīdàohuì
毛孔,pore,máokǒng
文雅,elegant; refined,wényǎ
忠贞,loyal and dependable,zhōngzhēn
拜会,pay an official call; call on; visit in an official capacity,bàihuì
奋勇,dauntless; to summon up courage and determination; using extreme force of will,fènyǒng
溯源,to investigate the origin of sth; to trace a river upstream back to its source,sùyuán
拙劣,clumsy; botched,zhuōliè
一路平安,to have a pleasant journey; Bon voyage!,yīlùpíngān
擦肩而过,brief encounter; to brush past sb,cājiānérguò
胸膛,chest,xiōngtáng
浮躁,fickle and impatient; restless; giddy; scatterbrained,fúzào
牙刷,toothbrush,yáshuā
不由得,can't help; cannot but,bùyóude
海藻,seaweed; marine alga; kelp,hǎizǎo
倒卖,to resell at a profit; to speculate,dǎomài
遭殃,to suffer a calamity,zāoyāng
断断续续,intermittent; off and on; discontinuous; stop-go; stammering; disjointed; inarticulate,duànduànxùxù
贺卡,greeting card; congratulation card,hèkǎ
巴不得,(coll.) to be eager for; to long for; to look forward to,bābude
防盗,to guard against theft; anti-theft,fángdào
悔恨,remorse; repentance,huǐhèn
发扬光大,to develop and promote; to carry forward; to bring to great height of development,fāyángguāngdà
凉快,nice and cold; pleasantly cool,liángkuai
碍事,(usu used in the negative) to be of importance or to matter; to be in the way; to be a hindrance,àishì
俗语,common saying; proverb; colloquial speech,súyǔ
顺其自然,to let nature take its course (idiom),shùnqízìrán
虚心,open-minded; humble,xūxīn
止步,to halt; to stop; to go no farther,zhǐbù
小溪,brook; streamlet,xiǎoxī
补考,to sit for a makeup exam; to resit an exam; makeup exam; resit,bǔkǎo
呼救,to call for help,hūjiù
抗菌,antibacterial,kàngjūn
角膜,cornea,jiǎomó
鼻涕,nasal mucus; snivel,bítì
中餐,Chinese meal; Chinese food,zhōngcān
股民,stock investor; share trader,gǔmín
诧异,flabbergasted; astonished,chàyì
五颜六色,multi-colored; every color under the sun,wǔyánliùsè
秀丽,pretty; beautiful,xiùlì
不怎么样,not up to much; very indifferent; nothing great about it; nothing good to be said about it,bùzěnmeyàng
勇往直前,to advance bravely,yǒngwǎngzhíqián
比比皆是,can be found everywhere,bǐbǐjiēshì
桑拿,sauna (loanword),sāngná
暗地里,secretly; inwardly; on the sly,àndìli
功底,training in the basic skills; knowledge of the fundamentals,gōngdǐ
骇人听闻,shocking; horrifying; atrocious; terrible,hàiréntīngwén
售货员,salesperson,shòuhuòyuán
怨言,complaint,yuànyán
作废,to become invalid; to cancel; to delete; to nullify,zuòfèi
咽喉,throat,yānhóu
出主意,N/A,N/A
不亚于,no less than; not inferior to,bùyàyú
清明节,"Qingming or Pure Brightness Festival or Tomb Sweeping Day, celebration for the dead (in early April)",qīngmíngjié
辛劳,laborious,xīnláo
带头人,N/A,N/A
领略,to have a taste of; to realize; to appreciate,lǐnglüè
旋涡,spiral; whirlpool; eddy; vortex,xuánwō
笛子,bamboo flute,dízi
球鞋,athletic shoes,qiúxié
久违,(haven't done sth) for a long time; a long time since we last met,jiǔwéi
亏本,to make a loss,kuīběn
朱红,vermilion,zhūhóng
鞭策,to spur on; to urge on; to encourage sb (e.g. to make progress),biāncè
逊色,"inferior (often in the combination 毫無遜色|毫无逊色, not in the least inferior)",xùnsè
吹捧,to flatter; to laud sb's accomplishments; adulation,chuīpěng
挖苦,to speak sarcastically; to make cutting remarks,wākǔ
香油,sesame oil; perfumed oil,xiāngyóu
瓜子,"melon seed; seeds of pumpkin, watermelon or sunflower etc, roasted and flavored, consumed as a snack",guāzǐ
源源不断,a steady flow (idiom); an unending stream,yuányuánbùduàn
馅饼,meat pie; pie; pasty,xiànbǐng
闭上,to close; to shut up,bìshang
沸沸扬扬,bubbling and gurgling; hubbubing; abuzz,fèifèiyángyáng
蕴涵,to contain; to accumulate; to embrace; implicit condition; implication; entailment,yùnhán
错位,"to misplace; displacement (e.g. of broken bones); out of alignment; faulty contact; erroneous judgment; inversion (medical, e.g. breach delivery)",cuòwèi
茂盛,lush,màoshèng
奔赴,to rush to; to hurry to,bēnfù
未知数,unknown quantity,wèizhīshù
告辞,to say goodbye; to take one's leave,gàocí
冰凉,ice-cold,bīngliáng
老字号,"shop, firm, or brand of merchandise with a long-established reputation",lǎozìhào
稀罕,rare; uncommon; rarity; to value as a rarity; to cherish; Taiwan pr. [xi1 han3],xīhan
红薯,sweet potato,hóngshǔ
荷花,lotus,héhuā
引人入胜,to enchant; fascinating,yǐnrénrùshèng
后顾之忧,"fears of trouble in the rear (idiom); family worries (obstructing freedom of action); worries about the future consequences; often in negative expressions, meaning ""no worries about anything""",hòugùzhīyōu
饭馆,restaurant,fànguǎn
气馁,to be discouraged,qìněi
长袖,long sleeves; long-sleeved shirt,chángxiù
长跑,long-distance running,chángpǎo
学艺,to learn a skill or art,xuéyì
链子,chain,liànzi
抚恤,(of an organization that has a duty of care) to give financial support to relatives of sb who has died or suffered serious injury,fǔxù
哗然,in uproar; commotion; causing a storm of protest; tumultuous,huárán
敲定,to come to a decision; to fix on (a date etc); to determine; to finalize; to nail down (a deal etc),qiāodìng
实话实说,to tell the truth; to tell it as it is,shíhuàshíshuō
试用期,trial period; probationary period,shìyòngqī
擦伤,to abrade; to scrape; to chafe; to graze; abrasion; friction burn; scratch,cāshāng
刑事诉讼,N/A,N/A
小卒,foot soldier; minor figure; a nobody; (chess) pawn,xiǎozú
雪上加霜,(idiom) to make matters even worse; to add insult to injury,xuěshàngjiāshuāng
必修,(of an academic course) required; compulsory,bìxiū
退却,to retreat; to shrink back,tuìquè
滚滚,nickname for a panda,gǔngǔn
积淀,"deposits accumulated over long periods; fig. valuable experience, accumulated wisdom",jīdiàn
苦瓜,"bitter melon (bitter gourd, balsam pear, balsam apple, leprosy gourd, bitter cucumber)",kǔguā
寒假,winter vacation,hánjià
灵巧,deft; nimble; ingenious,língqiǎo
忍心,to have the heart to do sth; to steel oneself to a task,rěnxīn
土生土长,locally born and bred; indigenous; home-grown,tǔshēngtǔzhǎng
逆行,to go the wrong way; to go against one-way traffic regulation,nìxíng
一干二净,thoroughly (idiom); completely; one and all; very clean,yīgānèrjìng
松弛,to relax; relaxed; limp; lax,sōngchí
默默无闻,obscure and unknown (idiom); an outsider without any reputation; a nobody; an unknown quantity,mòmòwúwén
茂密,dense (of plant growth); lush,màomì
黑心,ruthless and lacking in conscience; vicious mind full of hatred and jealousy; black core (flaw in pottery),hēixīn
一应俱全,with everything needed available,yīyīngjùquán
索性,you might as well (do it); simply; just,suǒxìng
要领,main aspects; essentials; gist,yàolǐng
一回事,one thing; the same as,yīhuíshì
拿手,expert in; good at,náshǒu
雨衣,raincoat,yǔyī
柳树,willow,liǔshù
座右铭,motto; maxim,zuòyòumíng
缝合,to sew together; suture (in surgery); to sew up (a wound),fénghé
水桶,bucket,shuǐtǒng
循序渐进,"in sequence, step by step (idiom); to make steady progress incrementally",xúnxùjiànjìn
鸟巢,bird's nest; nickname for Beijing 2008 Olympic stadium,niǎocháo
轻巧,dexterous; deft; easy; light and easy to use; nimble; agile; lithe; graceful,qīngqiǎo
粗心,careless; thoughtless,cūxīn
与时俱进,abreast of modern developments; to keep up with the times; progressive; timely,yǔshíjùjìn
艰苦奋斗,to struggle arduously,jiānkǔfèndòu
端庄,dignified; composed,duānzhuāng
打磨,polish; grind,dǎmó
显出,to express; to exhibit,xiǎnchū
矮小,short and small; low and small; undersized,ǎixiǎo
陪葬,"to be buried with or next to dead person (of deceased's partner, or of funerary objects)",péizàng
格格不入,(idiom) inharmonious; incompatible,gégébùrù
耳目一新,a pleasant change; a breath of fresh air; refreshing,ěrmùyīxīn
要强,eager to excel; eager to get ahead in life; strong-minded,yàoqiáng
走过场,to go through the motions,zǒuguòchǎng
挨着,near,āizhe
磨合,to break in; to wear in,móhé
桂花,osmanthus flowers; Osmanthus fragrans,guìhuā
堵车,traffic jam; (of traffic) to get congested,dǔchē
左转,to turn left,zuǒzhuǎn
兜售,to hawk; to peddle,dōushòu
大肠,the large intestine,dàcháng
偏方,folk remedy; home remedy,piānfāng
印刷术,printing; printing technology,yìnshuāshù
低碳,N/A,N/A
单薄,weak; frail; thin; flimsy,dānbó
追尾,to tailgate; to hit the car in front as a result of tailgating,zhuīwěi
深入人心,to enter deeply into people's hearts; to have a real impact on the people (idiom),shēnrùrénxīn
提心吊胆,(saying) to be very scared and on edge,tíxīndiàodǎn
下肢,lower limbs,xiàzhī
恭维,to praise; to speak highly of; compliment; praise,gōngwei
脊梁,backbone; spine; Taiwan pr. [ji3 liang5],jǐliáng
酷似,to strikingly resemble,kùsì
开场白,"prologue of play; opening remarks; preamble (of speeches, articles etc)",kāichǎngbái
端午节,Dragon Boat Festival (5th day of the 5th lunar month),duānwǔjié
趁早,as soon as possible; at the first opportunity; the sooner the better; before it's too late,chènzǎo
揣摩,to analyze; to try to figure out; to try to fathom,chuǎimó
嘱咐,to tell; to exhort; injunction,zhǔfù
区县,N/A,N/A
打牌,to play mahjong or cards,dǎpái
简体字,"simplified Chinese character, as opposed to traditional Chinese character 繁體字|繁体字[fan2 ti3 zi4]",jiǎntǐzì
取经,to journey to India on a quest for the Buddhist scriptures; to learn by studying another's experience,qǔjīng
辛酸,pungent (taste); bitter; fig. sad; miserable,xīnsuān
老远,very far away,lǎoyuǎn
帮扶,N/A,N/A
不如说,N/A,N/A
苦心,painstaking effort; to take a lot of trouble; laborious at pains,kǔxīn
悔改,to repent; repentance,huǐgǎi
五花八门,myriad; all kinds of; all sorts of,wǔhuābāmén
靶子,target,bǎzi
驰名,famous,chímíng
台球,billiards,táiqiú
通顺,smooth; clear and coherent,tōngshùn
照例,as a rule; as usual; usually,zhàolì
节水,to save water,jiéshuǐ
送行,to see someone off; to throw someone a send-off party,sòngxíng
绕行,detour; long way around,ràoxíng
相辅相成,to complement one another (idiom),xiāngfǔxiāngchéng
顺理成章,logical; only to be expected; rational and clearly structured (of text),shùnlǐchéngzhāng
保修,to promise to keep sth in good repair; guarantee; warranty,bǎoxiū
意料之外,contrary to expectation; unexpected,yìliàozhīwài
指头,finger; toe,zhǐtou
刺耳,ear-piercing,cìěr
口子,hole; opening; cut; gap; gash; my husband or wife; classifier for people (used for indicating the number of people in a family etc); precedent,kǒuzi
坚挺,firm and upright; strong (of currency),jiāntǐng
甜头,"sweet taste (of power, success etc); benefit",tiántou
万无一失,surefire; absolutely safe (idiom),wànwúyīshī
结账,to pay the bill; to settle accounts; also written 結帳|结帐,jiézhàng
红润,ruddy; rosy; florid,hóngrùn
光缆,optical cable,guānglǎn
指南针,compass,zhǐnánzhēn
联欢,to have a get-together; celebration; party,liánhuān
水槽,sink,shuǐcáo
精练,(textiles) to scour; to degum (silk),jīngliàn
乔装,to pretend; to feign; to disguise oneself,qiáozhuāng
工整,fine work; carefully and neatly done,gōngzhěng
竹竿,N/A,N/A
谦逊,humble; modest; unpretentious; modesty,qiānxùn
质朴,simple; plain; unadorned; unaffected; unsophisticated; rustic; earthy,zhìpǔ
见义勇为,"to see what is right and act courageously (idiom, from Analects); to stand up bravely for the truth; acting heroically in a just cause",jiànyìyǒngwéi
会诊,consultation (medical); to meet for diagnosis; (by extension) consultation of different specialists,huìzhěn
眼色,signal made with one's eyes; meaningful glance,yǎnsè
天分,natural gift; talent,tiānfèn
抢手,(of goods) popular; in great demand,qiǎngshǒu
修路,to repair a road,xiūlù
休眠,to be dormant (biology); inactive (volcano); to hibernate (computing),xiūmián
四合院,courtyard house with a fully enclosed courtyard (type of Chinese residence),sìhéyuàn
出山,to leave the mountain (of a hermit); to come out of obscurity to a government job; to take a leading position,chūshān
私家车,private car,sījiāchē
弄死,to kill; to put to death,nòngsǐ
热气,steam; heat,rèqì
托付,to entrust,tuōfù
西餐,Western-style food,xīcān
明媚,bright and beautiful,míngmèi
午睡,to take a nap; siesta,wǔshuì
炒饭,fried rice; (slang) (Tw) to have sex,chǎofàn
下决心,to determine; to resolve,xiàjuéxīn
乳腺,mammary gland,rǔxiàn
何苦,why bother?; is it worth the trouble?,hékǔ
使唤,to order sb about; to use sb,shǐhuàn
尾气,exhaust (i.e. waste gas from engine); emissions,wěiqì
商贾,merchant,shānggǔ
楼道,corridor; passageway (in storied building),lóudào
弄虚作假,to practice fraud (idiom); by trickery,nòngxūzuòjiǎ
倾家荡产,to lose a family fortune (idiom),qīngjiādàngchǎn
所剩无几,there is not much left,suǒshèngwújǐ
探求,to seek; to pursue; to investigate,tànqiú
马虎,careless; sloppy; negligent; skimpy,mǎhu
考题,exam question,kǎotí
雌激素,estrogen,cíjīsù
常温,room temperature; ordinary temperatures,chángwēn
窘迫,poverty-stricken; very poor; hard-pressed; in a predicament; embarrassed,jiǒngpò
踪影,trace; vestige; presence,zōngyǐng
刷子,brush; scrub,shuāzi
殷勤,politely; solicitously; eagerly attentive,yīnqín
告状,"to tell on sb; to complain (to a teacher, a superior etc); to bring a lawsuit",gàozhuàng
强占,to occupy by force,qiángzhàn
空荡荡,absolutely empty (space); complete vacuum,kōngdàngdàng
山岭,mountain ridge,shānlǐng
接济,to give material assistance to,jiējì
雷声,thunder,léishēng
乳制品,dairy products,rǔzhìpǐn
苦练,"to train hard; to practice diligently; hard work; blood, sweat, and tears",kǔliàn
茶道,Japanese tea ceremony; sado,chádào
如愿以偿,to have one's wish fulfilled,rúyuànyǐcháng
上火,to get angry; to suffer from excessive internal heat (TCM),shànghuǒ
自信心,self-confidence,zìxìnxīn
胶水,glue,jiāoshuǐ
柿子,persimmon,shìzi
衬托,to set off,chèntuō
韩元,Won (Korean currency),hányuán
果酱,jam,guǒjiàng
架势,attitude; position (on an issue etc),jiàshi
点击率,click-through rate (CTR) (Internet),diǎnjīlǜ
急迫,urgent; pressing; imperative,jípò
利索,nimble,lìsuo
调料,condiment; seasoning; flavoring,tiáoliào
分寸,propriety; appropriate behavior; proper speech or action; within the norms,fēncun
惊心动魄,shaking one to the core; extremely disturbing; hair-raising (idiom),jīngxīndòngpò
蓝领,blue-collar; blue-collar worker,lánlǐng
清静,quiet; peaceful and quiet,qīngjìng
孪生,twin,luánshēng
惨白,deathly pale,cǎnbái
一卡通,Yikatong (Beijing public transport smart card),yīkǎtōng
暂定,temporary arrangement; provisional; tentative,zàndìng
叮嘱,to warn repeatedly; to urge; to exhort again and again,dīngzhǔ
求证,to seek proof; to seek confirmation,qiúzhèng
存心,deliberately,cúnxīn
毯子,blanket,tǎnzi
拜年,to pay a New Year call; to wish sb a Happy New Year,bàinián
淡淡,faint; dim; dull; insipid; unenthusiastic; indifferent,dàndàn
谜底,answer to a riddle,mídǐ
祭奠,to offer sacrifices (to one's ancestors); to hold or attend a memorial service,jìdiàn
鞭炮,firecrackers; string of small firecrackers,biānpào
睁开,to open (one's eyes),zhēngkāi
独唱,(in singing) solo; to solo,dúchàng
红眼,N/A,N/A
台灯,desk lamp; table lamp,táidēng
药膏,ointment,yàogāo
出毛病,a problem appears; to break down,chūmáobìng
包扎,to wrap up; to pack; to bind up (a wound),bāozā
埋没,to engulf; to bury; to overlook; to stifle; to neglect; to fall into oblivion,máimò
顺路,by the way; while out doing sth else; conveniently,shùnlù
照办,to follow the rules; to do as instructed; to play by the book; to comply with a request,zhàobàn
赫然,with astonishment; with a shock; awe-inspiringly; impressively; furiously (angry),hèrán
粘贴,"to stick; to affix; to adhere; to paste (as in ""copy and paste""); Taiwan pr. [nian2 tie1]; also written 黏貼|黏贴[nian2 tie1]",zhāntiē
供暖,N/A,N/A
触目惊心,"lit. shocks the eye, astonishes the heart (idiom); shocking; horrible to see; a ghastly sight",chùmùjīngxīn
气派,impressive; stylish; magnificent; imposing manner; dignified air,qìpài
萌发,to sprout; to shoot; to bud,méngfā
能耗,N/A,N/A
学时,class hour; period,xuéshí
顺差,(trade or budget) surplus,shùnchā
名贵,famous and valuable; rare; precious,míngguì
耻笑,to sneer at sb; to ridicule,chǐxiào
池子,pond; bathhouse pool; dance floor of a ballroom; (old) stalls (front rows in a theater),chízi
集邮,stamp collecting; philately,jíyóu
猖狂,savage; furious,chāngkuáng
晕车,to be carsick,yùnchē
钩子,hook,gōuzi
剪子,clippers; scissors; shears,jiǎnzi
灵通,fast and abundant (news); clever; effective,língtōng
扫兴,to have one's spirits dampened; to feel disappointed,sǎoxìng
袖珍,pocket-sized; pocket (book etc),xiùzhēn
梳子,comb,shūzi
礁石,reef,jiāoshí
慈祥,kindly; benevolent (often of older person),cíxiáng
无所作为,attempting nothing and accomplishing nothing (idiom); without any initiative or drive; feckless,wúsuǒzuòwéi
不约而同,to agree by chance (idiom); taking the same action without prior consultation,bùyuēértóng
徐徐,slowly; gently,xúxú
阵雨,shower,zhènyǔ
较劲,to match one's strength with; to compete; more competitive; to set oneself against sb; disobliging; to make a special effort,jiàojìn
哺育,to feed; to nurture; to foster,bǔyù
惊慌失措,to lose one's head out of fear (idiom),jīnghuāngshīcuò
生姜,fresh ginger,shēngjiāng
下功夫,see 下工夫[xia4 gong1 fu5],xiàgōngfu
穴位,acupuncture point,xuéwèi
重中之重,of the utmost importance; of highest priority,zhòngzhōngzhīzhòng
演播室,broadcasting studio,yǎnbōshì
怨气,grievance; resentment; complaint,yuànqì
司空见惯,a common occurrence (idiom),sīkōngjiànguàn
抄写,to copy; to transcribe,chāoxiě
启事,"announcement (written, on billboard, letter, newspaper or website); to post information; a notice",qǐshì
电子版,N/A,N/A
抢眼,eye-catching,qiǎngyǎn
喜酒,wedding feast; liquor drunk at a wedding feast,xǐjiǔ
呜呜,(interj) boo hoo,wūwū
饭盒,lunchbox; mess tin,fànhé
木瓜,papaya (Carica papaya); genus Chaenomeles of shrubs in the family Rosaceae; Chinese flowering quince (Chaenomeles speciosa),mùguā
千辛万苦,to suffer untold hardships (idiom); trials and tribulations; with difficulty; after some effort,qiānxīnwànkǔ
无形中,imperceptibly; virtually,wúxíngzhōng
舅妈,(coll.) aunt; maternal uncle's wife,jiùmā
飘飘,to float about; to flutter (in the breeze); (dialect) gay guy; (Tw) ghost,piāopiāo
省事,to simplify matters; to save trouble,shěngshì
热气球,hot air balloon,rèqìqiú
味精,monosodium glutamate (MSG),wèijīng
热泪盈眶,eyes brimming with tears of excitement (idiom); extremely moved,rèlèiyíngkuàng
庄稼,farm crop,zhuāngjia
零花钱,pocket money; allowance,línghuāqián
底子,base; foundation; bottom,dǐzi
动弹,to budge,dòngtan
堤坝,dam; dike,dībà
争先恐后,striving to be first and fearing to be last (idiom); outdoing one another,zhēngxiānkǒnghòu
治学,scholarship; high-level study; to do scholarly research; to pursue a high level of study,zhìxué
两口子,husband and wife,liǎngkǒuzi
大同小异,virtually the same; differing only on small points,dàtóngxiǎoyì
鸭肉,N/A,N/A
工商界,industry; the world of business,gōngshāngjiè
赐教,N/A,N/A
目瞪口呆,dumbstruck (idiom); stupefied; stunned,mùdèngkǒudāi
甚至于,so much (that); even (to the extent that),shènzhìyú
水货,smuggled goods; unauthorized goods,shuǐhuò
短处,shortcoming; defect; fault; one's weak points,duǎnchù
短袖,short sleeves; short-sleeved shirt,duǎnxiù
郊游,to go for an outing; to go on an excursion,jiāoyóu
拨通,N/A,N/A
冬瓜,"wax gourd (Cucurbitaceae, Benincasa hispida); white gourd; white hairy melon; Chinese squash",dōngguā
好客,hospitality; to treat guests well; to enjoy having guests; hospitable; friendly,hàokè
辞呈,(written) resignation,cíchéng
秉承,to take orders; to receive commands; to carry on (a tradition),bǐngchéng
右转,to turn right,yòuzhuǎn
亲和力,(personal) warmth; approachability; accessibility; (in a product) user friendliness; (chemistry) affinity,qīnhélì
炒股,(coll.) to speculate in stocks,chǎogǔ
特邀,special invitation,tèyāo
阎王,"same as 閻羅王|阎罗王; Yama, King of Hell; translation of Sanskrit: Yama Raja",yánwáng
精妙,exquisite; fine and delicate (usu. of works of art),jīngmiào
留神,to take care; to be careful,liúshén
击掌,to clap one's hands; to clap each other's hands; high five,jīzhǎng
恩情,kindness; affection; grace; favor,ēnqíng
喜事,happy occasion; wedding,xǐshì
记忆犹新,to remain fresh in one's memory (idiom),jìyìyóuxīn
函授,to teach by correspondence,hánshòu
说白了,to speak frankly,shuōbáile
逞强,to show off; to try to be brave,chěngqiáng
食宿,board and lodging; room and board,shísù
祖籍,ancestral hometown; original domicile (and civil registration),zǔjí
死心,to give up; to admit failure; to drop the matter; to reconcile oneself to loss; to have no more illusions about,sǐxīn
狼藉,in a mess; scattered about; in complete disorder,lángjí
笨重,heavy; cumbersome; unwieldy,bènzhòng
骏马,fine horse; steed,jùnmǎ
一动不动,motionless,yīdòngbùdòng
过渡期,N/A,N/A
浮云,floating clouds; fleeting; transient,fúyún
乖巧,clever (child); smart; lovable; cute,guāiqiǎo
熄火,"(of fire, lamp etc) to go out; to put out (fire); (fig.) to die down; (of a vehicle) to stall",xīhuǒ
爆竹,firecracker,bàozhú
步行街,car-free zone; pedestrian street,bùxíngjiē
计策,stratagem,jìcè
敬酒,to toast; to propose a toast,jìngjiǔ
内行,expert; adept; experienced; an expert; a professional,nèiháng
小肠,small intestine,xiǎocháng
刮风,to be windy,guāfēng
厚道,kind and honest; generous; sincere,hòudao
泥潭,quagmire,nítán
保鲜,N/A,N/A
拍板,clapper-board; auctioneer's hammer; to beat time with clappers,pāibǎn
游船,N/A,N/A
节气,solar term,jiéqi
波涛,great waves; billows,bōtāo
换位,N/A,N/A
花椒,Sichuan pepper; Chinese prickly ash,huājiāo
眉头,brows,méitóu
见谅,please forgive me,jiànliàng
立交桥,overpass; flyover,lìjiāoqiáo
基本功,basic skills; fundamentals,jīběngōng
堆砌,lit. to pile up (bricks); to pack; fig. to pad out (writing with fancy phrases); ornate rhetoric,duīqì
捧场,to cheer on (originally esp. as paid stooge); to root for sb; to sing sb's praises; to flatter,pěngchǎng
翻番,to double; to increase by a certain number of times,fānfān
悦耳,sweet-sounding; beautiful (of sound),yuèěr
阅览室,reading room,yuèlǎnshì
看热闹,to enjoy watching a bustling scene; to go where the crowds are,kànrènao
面目全非,nothing remains the same (idiom); change beyond recognition,miànmùquánfēi
薯片,fried potato chips,shǔpiàn
惨叫,to scream; blood-curdling screech; miserable shriek,cǎnjiào
艳丽,gorgeous; garish and beautiful,yànlì
生硬,stiff; harsh,shēngyìng
炒菜,to stir-fry; to do the cooking; stir-fried dish,chǎocài
受惊,startled,shòujīng
操劳,to work hard; to look after,cāoláo
长裤,trousers,chángkù
存折,passbook; bankbook,cúnzhé
疲惫不堪,N/A,N/A
潜移默化,imperceptible influence; to influence secretly,qiányímòhuà
因人而异,varying from person to person (idiom); different for each individual,yīnrénéryì
孤零零,lone; isolated and without help; all alone; solitary,gūlínglíng
络绎不绝,continuously; in an endless stream (idiom),luòyìbùjué
温习,to review (a lesson etc),wēnxí
古朴,"simple and unadorned (of art, architecture etc)",gǔpǔ
菜市场,food market,càishìchǎng
烘干,to dry over a stove,hōnggān
外行,layman; amateur,wàiháng
精疲力竭,"spirit weary, strength exhausted (idiom); spent; drained; washed out",jīngpílìjié
汤圆,"boiled balls of glutinous rice flour, eaten during the Lantern Festival",tāngyuán
志气,ambition; resolve; backbone; drive; spirit,zhìqì
赡养,to support; to provide support for; to maintain,shànyǎng
夜校,evening school; night school,yèxiào
响声,noise,xiǎngshēng
求医,to seek medical treatment; to see a doctor,qiúyī
辅导老师,N/A,N/A
指手画脚,to gesticulate while talking (idiom); to explain by waving one's hands; to criticize or give orders summarily,zhǐshǒuhuàjiǎo
出丑,shameful; scandalous; to be humiliated; to make a fool of sb or oneself; to make sb lose face,chūchǒu
飘逸,graceful; elegant; to drift; to float,piāoyì
模版,N/A,N/A
高达,"Gundam, Japanese animation franchise; Jean-Luc Godard (1930-), French-Swiss film director",gāodá
家家户户,each and every family (idiom); every household,jiājiāhùhù
侠义,chivalrous; chivalry; knight-errantry,xiáyì
凉水,cool water; unboiled water,liángshuǐ
刮目相看,to have a whole new level of respect for sb or sth; to sit up and take notice (of sb's improved performance etc),guāmùxiāngkàn
担子,carrying pole and the loads on it; burden; task; responsibility,dànzi
走后门,lit. to enter by the back door; fig. to gain influence by pull or unofficial channels; back door or under the counter connections,zǒuhòumén
按说,in the ordinary course of events; ordinarily; normally,ànshuō
豁达,optimistic; sanguine; generous; magnanimous; open-minded,huòdá
溜达,to stroll; to go for a walk,liūda
硕果,major achievement; great work; triumphant success,shuòguǒ
哭笑不得,lit. not to know whether to laugh or cry (idiom); both funny and extremely embarrassing; between laughter and tears,kūxiàobùdé
不相上下,equally matched; about the same,bùxiāngshàngxià
半途而废,to give up halfway (idiom); leave sth unfinished,bàntúérfèi
不屑一顾,to disdain as beneath contempt (idiom),bùxièyīgù
花言巧语,"graceful words, flowery speech (idiom); elegant but insincere words; cheating wheedling; dishonest rhetoric",huāyánqiǎoyǔ
奄奄一息,dying; at one's last gasp,yǎnyǎnyīxī
遇险,to get into difficulties; to meet with danger,yùxiǎn
车轴,axle,chēzhóu
不亦乐乎,lit. isn't that a joy? (quote from Confucius); fig. (jocularly) extremely; awfully,bùyìlèhū
超车,to overtake (another car),chāochē
闭幕式,closing ceremony,bìmùshì
抗旱,drought-resistant; to weather a drought,kànghàn
卧铺,a bed (on a train); a couchette,wòpù
此起彼伏,"up here, down there (idiom); to rise and fall in succession; no sooner one subsides, the next arises; repeating continuously; occurring again and again (of applause, fires, waves, protests, conflicts, uprisings etc)",cǐqǐbǐfú
秀美,elegant; graceful,xiùměi
温度计,thermometer; thermograph,wēndùjì
兆头,omen; portent; sign,zhàotou
和蔼,kindly; nice; amiable,héǎi
出风头,to push oneself forward; to seek fame; to be in the limelight; same as 出鋒頭|出锋头[chu1 feng1 tou5],chūfēngtou
惊诧,to be surprised; to be amazed; to be stunned,jīngchà
神态,appearance; manner; bearing; deportment; look; expression; mien,shéntài
禁不住,can't help it; can't bear it,jīnbuzhù
童心,childish heart; childish innocence,tóngxīn
口吃,to stammer; to stutter; also pr. [kou3 ji2],kǒuchī
苗头,first signs; development (of a situation),miáotou
休想,don't think (that); don't imagine (that),xiūxiǎng
岂不,how couldn't...?; wouldn't it...?,qǐbù
得不偿失,the gains do not make up for the losses (idiom),débùchángshī
航天员,astronaut,hángtiānyuán
长效,to be effective over an extended period,chángxiào
毫无犹豫,N/A,N/A
归根到底,after all; in the final analysis; ultimately,guīgēndàodǐ
欣欣向荣,(idiom) flourishing; thriving,xīnxīnxiàngróng
纽扣,button,niǔkòu
宽厚,tolerant; generous; magnanimous; thick and broad (build); thick and deep (voice),kuānhòu
俗话,common saying; proverb,súhuà
苦笑,to force a smile; a bitter laugh,kǔxiào
吵嘴,to quarrel,chǎozuǐ
衣架,clothes hanger; clothes rack,yījià
喜糖,sweet given on a happy occasion (esp. wedding),xǐtáng
血栓,blood clot; thrombosis,xuèshuān
昌盛,prosperous,chāngshèng
定做,to have something made to order,dìngzuò
就餐,to dine,jiùcān
特快,"express (train, delivery etc)",tèkuài
成群结队,"making up a group, forming a troupe (idiom); in large numbers; as a large crowd",chéngqúnjiéduì
相依为命,mutually dependent for life (idiom); to rely upon one another for survival; interdependent,xiāngyīwéimìng
门铃,doorbell,ménlíng
遗愿,final wishes of the departed,yíyuàn
阴天,cloudy day; overcast sky,yīntiān
宽泛,wide-ranging,kuānfàn
通红,very red; red through and through; to blush (deep red),tōnghóng
隐情,sth one wishes to keep secret; ulterior motive; a subject best avoided,yǐnqíng
鲜美,delicious; tasty,xiānměi
心病,anxiety; sore point; secret worry; mental disorder; heart disease (medicine),xīnbìng
没辙,at one's wit's end; unable to find a way out,méizhé
填空,to fill a job vacancy; to fill in a blank (e.g. on questionnaire or exam paper),tiánkòng
这就是说,N/A,N/A
鸭蛋,N/A,N/A
串门,to call on sb; to drop in; to visit sb's home,chuànmén
插槽,slot,chācáo
譬如说,N/A,N/A
贺信,N/A,N/A
悉心,to put one's heart (and soul) into sth; with great care,xīxīn
心肠,heart; intention; one's inclination; state of mind; to have the heart for sth; mood,xīncháng
着落,whereabouts; place to settle; reliable source (of funds etc); (of responsibility for a matter) to rest with sb; settlement; solution,zhuóluò
恰如其分,(idiom) appropriate; apt; just right,qiàrúqífèn
硬朗,robust; healthy,yìnglǎng
高粱,sorghum; common sorghum (Sorghum vulgare),gāoliáng
爱面子,to like to look good in the eyes of others; sensitive about how one is regarded by others; proud,àimiànzi
按理说,it is reasonable to say that...,ànlǐshuō
讹诈,to extort under false pretenses; to blackmail; to bluff; to defraud,ézhà
够呛,unbearable; terrible; enough; unlikely,gòuqiàng
祖传,passed on from ancestors; handed down from generation to generation,zǔchuán
套子,sheath; case; cover; conventional method; cliché; trick; (coll.) condom,tàozi
瞻仰,to revere; to admire,zhānyǎng
千篇一律,"thousand articles, same rule (idiom); stereotyped and repetitive; once you've seen one, you've seen them all",qiānpiānyīlǜ
心安理得,to have a clear conscience; to have no qualms about sth,xīnānlǐdé
贺电,congratulatory telegram,hèdiàn
顾不得,unable to change sth; unable to deal with,gùbude
野营,to camp; field lodgings,yěyíng
脏乱,dirty and disordered; in a mess,zāngluàn
泰斗,(abbr. for 泰山北斗[Tai4 Shan1 Bei3 dou3]) distinguished figure; doyen; revered authority,tàidǒu
垫子,cushion; mat; pad,diànzi
古琴,"guqin or qin, a long zither with seven strings, plucked with the fingers",gǔqín
助威,to cheer for; to encourage; to boost the morale of,zhùwēi
尊长,one's superior; one's elders and betters,zūnzhǎng
猜谜,N/A,N/A
沾光,to bask in the light; fig. to benefit from association with sb or sth; reflected glory,zhānguāng
窗台,window sill; window ledge,chuāngtái
睡袋,sleeping bag,shuìdài
抬举,"to lift sth up; to elevate sb; to honor sb (with compliments, gifts, promotions etc); to show great regard; to speak highly; Taiwan pr. [tai2 ju3]",táiju
盒饭,meal in a partitioned box,héfàn
圣诞老人,Father Christmas; Santa Claus,shèngdànlǎorén
抬价,N/A,N/A
预祝,to congratulate beforehand; to offer best wishes for,yùzhù
民事诉讼,common plea; civil appeal (as opposed to criminal case),mínshìsùsòng
报亭,kiosk; newsstand,bàotíng
刺骨,piercing; cutting; bone-chilling; penetrating (cold),cìgǔ
请帖,invitation card; written invitation,qǐngtiě
戒酒,to give up drinking; to abstain from drinking,jièjiǔ
叉子,fork,chāzi
不服气,N/A,N/A
烤鸭,roast duck,kǎoyā
推辞,"to decline (an appointment, invitation etc)",tuīcí
互访,exchange visits,hùfǎng
包装盒,N/A,N/A
毒辣,cruel; sinister; vicious,dúlà
干戈,weapons of war; arms,gāngē
抚养费,child support payment (after a divorce),fǔyǎngfèi
凯歌,triumphal hymn; victory song; paean,kǎigē
栋梁,ridgepole; ridgepole and beams; person able to bear heavy responsibility; mainstay (of organization); pillar (of state),dòngliáng
申领,"to apply (for license, visa etc)",shēnlǐng
痴心,infatuation,chīxīn
预习,to prepare a lesson,yùxí
木桶,cask,mùtǒng
锦旗,N/A,N/A
火候,heat control; maturity; crucial moment,huǒhòu
一晃,(of passing time) in an instant; (of a sight) in a flash,yīhuǎng
输液,intravenous infusion; to get put on an IV,shūyè
啦啦队,cheerleading squad,lālāduì
珍重,precious; extremely valuable; (honorific) Please take good care of yourself!,zhēnzhòng
腊月,twelfth lunar month,làyuè
美中不足,everything is fine except for one small defect (idiom); the fly in the ointment,měizhōngbùzú
碧绿,dark green,bìlǜ
稍候,N/A,N/A
心慌,to be flustered; (dialect) irregular heart-beat,xīnhuāng
书柜,bookcase,shūguì
瑞雪,timely snow,ruìxuě
诀别,to bid farewell; to part (usually with little hope of meeting again),juébié
耍赖,"to act shamelessly; to refuse to acknowledge that one has lost the game, or made a promise etc; to act dumb; to act as if sth never happened",shuǎlài
慌忙,in a great rush; in a flurry,huāngmáng
煎蛋,fried egg,jiāndàn
尺子,rule; ruler (measuring instrument),chǐzi
红肿,inflamed; red and swollen,hóngzhǒng
欢声,cheers; cries of joy or approval,huānshēng
淡季,off season; slow business season; see also 旺季[wang4 ji4],dànjì
大姨妈,great aunt; (slang) menstruation; period,dàyímā
纯净水,N/A,N/A
默读,to read in silence,mòdú
铲子,shovel; spade; trowel; spatula (kitchen utensil),chǎnzi
纳闷儿,erhua variant of 納悶|纳闷[na4 men4],nàmènr
个头儿,size; height; stature,gètóur
串串,N/A,N/A
错别字,incorrectly written or mispronounced characters,cuòbiézì
打搅,to disturb; to trouble,dǎjiǎo
渣子,N/A,N/A
山冈,mound; small hill,shāngāng
酱紫,dark reddish purple; Internet slang abbr. for 這樣子|这样子[zhe4 yang4 zi5],jiàngzǐ
公函,official letter,gōnghán
佐料,condiments; seasoning,zuǒliào
纯朴,,chúnpǔ
汉语蓝图,N/A,N/A
豆制品,N/A,N/A
勤快,diligent; hardworking,qínkuài
大有可为,with great prospects for the future (idiom); well worth doing,dàyǒukěwéi
好心人,N/A,N/A
洪亮,loud and clear; resonant,hóngliàng
壮实,robust; sturdy,zhuàngshi
棱角,edge and corner; protrusion; sharpness (of a protrusion); craggy; ridge corner,léngjiǎo
歌咏,singing,gēyǒng
扭头,to turn one's head; to turn around,niǔtóu
焦距,focal length; focal distance,jiāojù
犯愁,to worry; to be anxious,fànchóu
莲子,lotus seed,liánzǐ
别提了,say no more; don't bring it up; drop the subject,biétíle
圣贤,a sage; wise and holy man; virtuous ruler; Buddhist lama; wine,shèngxián
烦闷,moody; gloomy,fánmèn
咧嘴,to grin,liězuǐ
造纸术,N/A,N/A
登机牌,boarding pass,dēngjīpái
忌口,abstain from certain food (as when ill); avoid certain foods; be on a diet,jìkǒu
勾画,to sketch out; to delineate,gōuhuà
后备箱,trunk; boot (of a car),hòubèixiāng
橙子,orange,chéngzi
难为情,embarrassed,nánwéiqíng
凑巧,fortuitously; luckily; as chance has it,còuqiǎo
发愣,to daydream; in a daze,fālèng
冷酷无情,cold-hearted; unfeeling; callous,lěngkùwúqíng
欢聚,to get together socially; to celebrate; party; celebration,huānjù
电铃,electric bell,diànlíng
晃荡,to rock; to sway; to shake,huàngdang
胆小鬼,coward,dǎnxiǎoguǐ
火暴,,huǒbào
伤脑筋,to be a real headache; to find sth a real headache; to beat one's brains,shāngnǎojīn
排卵,to ovulate,páiluǎn
下坠,N/A,N/A
古今中外,at all times and in all places (idiom),gǔjīnzhōngwài
洗衣粉,laundry detergent; washing powder,xǐyīfěn
柏树,cypress tree; Taiwan pr. [bo2 shu4],bǎishù
孝敬,to show filial respect; to give presents (to one's elders or superiors); to support one's aged parents,xiàojìng
浮力,buoyancy,fúlì
离谱儿,N/A,N/A
写字台,writing desk,xiězìtái
桃树,peach tree,táoshù
碰钉子,to meet with a rebuff,pèngdīngzi
磁卡,magnetic card; IC Card (telephone),cíkǎ
壮胆,N/A,N/A
沐浴露,shower gel,mùyùlù
左拐,N/A,N/A
一路顺风,to have a pleasant journey (idiom),yīlùshùnfēng
急转弯,to make a sudden turn,jízhuǎnwān
消炎,to reduce fever; antipyretic; to decrease inflammation,xiāoyán
本报讯,N/A,N/A
右拐,N/A,N/A
大棚,N/A,N/A
贪玩儿,N/A,N/A
醇厚,mellow and rich; simple and kind,chúnhòu
抽筋,cramp; charley horse; to pull a tendon,chōujīn
砂糖,granulated sugar,shātáng
贬义,derogatory sense; negative connotation,biǎnyì
敦厚,genuine; honest and sincere,dūnhòu
脸盆,washbowl; basin for washing hands and face,liǎnpén
哗变,mutiny; rebellion,huábiàn
燃放,to light; to set off (firecrackers etc),ránfàng
出口成章,(idiom) (of one's speech) eloquent; articulate,chūkǒuchéngzhāng
船桨,N/A,N/A
悔过,to regret; to repent,huǐguò
腹腔,abdominal cavity,fùqiāng
迷惑不解,to feel puzzled,míhuòbùjiě
娇气,delicate; squeamish; finicky,jiāoqì
开夜车,to burn the midnight oil; to work late into the night,kāiyèchē
洗手液,liquid hand soap,xǐshǒuyè
纵横交错,criss-crossed (idiom),zònghéngjiāocuò
廉正,N/A,N/A
聋人,N/A,N/A
泄气,to leak (gas); to be discouraged; to despair; (disparaging) pathetic; to vent one's anger; (of a tire) to be flat,xièqì
拐弯,to go round a curve; to turn a corner; fig. a new direction,guǎiwān
难得一见,rarely seen,nándéyījiàn
取款机,ATM,qǔkuǎnjī
橙汁,orange juice,chéngzhī
一年到头,all year round,yīniándàotóu
肉馅,ground meat; mincemeat,ròuxiàn
没准儿,not sure; maybe,méizhǔnr
馅儿,erhua variant of 餡|馅[xian4],xiànr
夺魁,to seize; to win,duókuí
春耕,to plow a field in the spring,chūngēng
赞叹不已,to be full of praise (idiom),zàntànbùyǐ
止咳,to suppress coughing,zhǐké
躺椅,deck chair; recliner; couch; lounge,tǎngyǐ
跑龙套,to play a small role,pǎolóngtào
旭日,the rising sun,xùrì
私房钱,secret purse; secret stash of money,sīfángqián
仙鹤,red-crowned crane (Grus japonensis),xiānhè
有劲儿,N/A,N/A
一个劲儿,erhua variant of 一個勁|一个劲[yi1 ge4 jin4],yīgèjìnr
禾苗,seedling (of rice or other grain),hémiáo
清脆,sharp and clear; crisp; melodious; ringing; tinkling; silvery (of sound); fragile; frail; also written 輕脆|轻脆,qīngcuì
鱼鳞,fish scales,yúlín
洗涤剂,cleaning agent; detergent,xǐdíjì
畏缩,to cower; to flinch; to quail; to recoil,wèisuō
翠绿,greenish-blue; emerald green,cuìlǜ
茶馆儿,a teashop,cháguǎnr
斧子,axe; hatchet,fǔzi
举世闻名,world-famous (idiom),jǔshìwénmíng
有声有色,having sound and color (idiom); vivid; dazzling,yǒushēngyǒusè
泼冷水,lit. to pour cold water on; fig. to dampen one's enthusiasm,pōlěngshuǐ
说闲话,N/A,N/A
目中无人,to consider everyone else beneath one (idiom); so arrogant that no-one else matters; condescending; to go about with one's nose in the air,mùzhōngwúrén
年夜饭,New Year's Eve family dinner,niányèfàn
保质期,date of use (on foodstuffs); best before date,bǎozhìqī
慰劳,"to show appreciation (by kind words, small gifts etc); to comfort",wèiláo
请柬,invitation card; written invitation,qǐngjiǎn
朝夕,morning and night; all the time,zhāoxī
滑梯,(children's) sliding board; a slide,huátī
杠铃,barbell,gànglíng
新冠肺炎,"COVID-19, the coronavirus disease identified in 2019",xīnguānfèiyán
娇惯,to pamper; to coddle; to spoil,jiāoguàn
卤味,food prepared by stewing in soy sauce and spices,lǔwèi
举世瞩目,to receive worldwide attention,jǔshìzhǔmù
大公无私,selfless; impartial,dàgōngwúsī
巫婆,witch; sorceress; female shaman,wūpó
奸诈,treachery; devious; a rogue,jiānzhà
炉灶,stove,lúzào
心眼儿,one's thoughts; mind; intention; willingness to accept new ideas; baseless suspicions,xīnyǎnr
遛狗,to walk a dog,liùgǒu
侍候,to serve; to wait upon,shìhòu
诚心诚意,earnestly and sincerely (idiom); with all sincerity,chéngxīnchéngyì
远近闻名,N/A,N/A
一言一行,every word and action (idiom),yīyányīxíng
势不可当,impossible to resist (idiom); an irresistible force,shìbùkědāng
呜咽,to sob; to whimper,wūyè
蚊帐,mosquito net,wénzhàng
穿小鞋,lit. to make sb wear tight shoes (idiom); to make life difficult for sb,chuānxiǎoxié
马后炮,lit. firing after the horse; fig. belated action; giving advice in hindsight,mǎhòupào
火辣辣,painful heat; scorching; painful heat; rude and forthright; provocative; hot; sexy,huǒlàlà
骤然,suddenly; abruptly,zhòurán
人缘儿,erhua variant of 人緣|人缘[ren2 yuan2],rényuánr
刚毅,resolute; steadfast; stalwart,gāngyì
防盗门,security door,fángdàomén
钳子,pliers; pincers; tongs; forceps; vise; clamp; claw (of a crab etc); (dialect) earring,qiánzi
藤椅,rattan chair,téngyǐ
抗菌药,antibacterial,kàngjūnyào
舵手,helmsman,duòshǒu
久仰,honorific: I've long looked forward to meeting you.; It's an honor to meet you at last.,jiǔyǎng
大雁,wild goose,dàyàn
禅杖,the staff of a Buddhist monk,chánzhàng
口哨,whistle,kǒushào
迪斯尼/迪士尼,N/A,N/A
迭起,continuously arising; to arise repeatedly,diéqǐ
一概而论,to lump different matters together (idiom),yīgàiérlùn
树荫,shade of a tree,shùyìn
俊俏,attractive and intelligent; charming; elegant,jùnqiào
卸妆,to remove makeup; (old) to take off formal dress and ornaments,xièzhuāng
说干就干,N/A,N/A
凹凸,concave or convex; bumps and holes; uneven (surface); rugged,āotū
混浊,turbid; muddy; dirty,hùnzhuó
鼻涕虫,a slug; sb with a runny nose,bítìchóng
举世无双,unrivaled (idiom); world number one; unique; unequaled,jǔshìwúshuāng
吃喝玩乐,"to eat, drink and be merry (idiom); to abandon oneself to a life of pleasure",chīhēwánlè
帘子,curtain,liánzi
逞能,to show off one's ability; to boast one's merits,chěngnéng
不正之风,unhealthy tendency,bùzhèngzhīfēng
转悠,to roll; to wander around; to appear repeatedly,zhuànyou
括弧,parenthesis,kuòhú
后悔莫及,too late for regrets (idiom); It is useless to repent after the event.,hòuhuǐmòjí
淋巴结,lymphatic node; lymph gland,línbājié
走弯路,to take an indirect route; to waste one's time by using an inappropriate method,zǒuwānlù
腰椎,lumbar vertebra (lower backbone),yāozhuī
老伴儿,erhua variant of 老伴[lao3 ban4],lǎobànr
耿直,honest; frank; candid,gěngzhí
心想事成,to have one's wishes come true; wish you the best!,xīnxiǎngshìchéng
颈椎,cervical vertebra; the seven cervical vertebrae in the neck of humans and most mammals,jǐngzhuī
陶冶,lit. to fire pots and smelt metal; fig. to educate,táoyě
朝气蓬勃,full of youthful energy (idiom); vigorous; energetic; a bright spark,zhāoqìpéngbó
彩霞,clouds tinged with sunset hues,cǎixiá
闹着玩儿,to play games; to joke around; to play a joke on sb,nàozhewánr
簇拥,to crowd around; to escort,cùyōng
树梢,the tip of a tree; treetop,shùshāo
烘托,background (of a painting); backdrop; a foil (to set off something to advantage); to offset (something to advantage),hōngtuō
顾不上,cannot attend to or manage,gùbushàng
过意不去,to feel very apologetic,guòyìbùqù
中提琴,viola,zhōngtíqín
半边天,half the sky; women of the new society; womenfolk,bànbiāntiān
讨人喜欢,to attract people's affection; charming; delightful,tǎorénxǐhuan
艰险,difficult and dangerous; hardships and perils,jiānxiǎn
爆冷门,an upset (esp. in sports); unexpected turn of events; to pull off a coup; a breakthrough,bàolěngmén
漠然,indifferent; apathetic; cold,mòrán
自强不息,to strive unremittingly; self-improvement,zìqiángbùxī
钻空子,lit. to drill a hole; to take advantage of a loophole; to exploit an advantage; to seize the opportunity (esp. to do sth bad),zuānkòngzi
无情无义,completely lacking any feeling or sense of justice (idiom); cold and ruthless,wúqíngwúyì
喜洋洋,radiant with joy,xǐyángyáng
耳闻目睹,to witness personally,ěrwénmùdǔ
在所不惜,N/A,N/A
电饭锅,electric rice cooker,diànfànguō
自私自利,everything for self and selfish profit (idiom); with no regard for others; selfish; mercenary,zìsīzìlì
懒洋洋,lazily,lǎnyāngyāng
出洋相,to make a fool of oneself,chūyángxiàng
冰淇淋/冰激凌,N/A,N/A
焰火,fireworks,yànhuǒ
低音大提琴,double bass; contrabass,dīyīndàtíqín
千家万户,every family (idiom),qiānjiāwànhù
灼热,burning hot; scorching; worried,zhuórè
连绵,"continuous; unbroken; uninterrupted; extending forever into the distance (of mountain range, river etc)",liánmián
书橱,bookcase,shūchú
不假思索,to act without taking time to think (idiom); to react instantly; to fire from the hip,bùjiǎsīsuǒ
水灵灵,see 水靈|水灵[shui3 ling2],shuǐlínglíng
随大溜,N/A,N/A
野炊,to cook a meal over a campfire (usu. for a group of people on an outing); cookout,yěchuī
前无古人,N/A,N/A
芦花,N/A,N/A
时好时坏,"sometimes good, sometimes bad",shíhǎoshíhuài
定心丸,tranquilizer; sth that sets one's mind at ease,dìngxīnwán
红扑扑,red; rosy; flushed,hóngpūpū
导火索,fuse (for explosive),dǎohuǒsuǒ
风风雨雨,N/A,N/A
爱理不理,to look cold and indifferent; standoffish,àilǐbùlǐ
一言不发,to not say a word (idiom),yīyánbùfā
瑰宝,gem; (fig.) rare and valuable item; gem; treasure,guībǎo
槐树,locust tree (Sophora japonica),huáishù
酣睡,to sleep soundly; to fall into a deep sleep,hānshuì
易拉罐,pull-top can; easy-open can (with ring-pull),yìlāguàn
捉迷藏,to play hide-and-seek,zhuōmícáng
素不相识,to be total strangers (idiom),sùbùxiāngshí
一日俱进,N/A,N/A
一长一短,N/A,N/A
怜惜,to take pity on; to feel tenderness toward,liánxī
怠慢,to slight; to neglect,dàimàn
名符其实,N/A,N/A
怠工,to slacken off in one's work; to go slow (as a form of strike),dàigōng
阔绰,ostentatious; extravagant; liberal with money,kuòchuò
耸立,to stand tall; to tower aloft,sǒnglì
心灵手巧,capable; clever; dexterous,xīnlíngshǒuqiǎo
力不从心,less capable than desirable (idiom); not as strong as one would wish; the spirit is willing but the flesh is weak,lìbùcóngxīn
荡漾,to ripple; to undulate; also written 蕩漾|荡漾,dàngyàng
有口无心,to speak harshly but without any bad intent (idiom),yǒukǒuwúxīn
哆嗦,to tremble; to shiver; uncontrolled shaking of the body,duōsuo
酣畅,"unrestrained; cheerful lack of inhibition, esp. for drinking or sleeping; to drink with abandon",hānchàng
冒昧,bold; presumptuous; to take the liberty of,màomèi
耸肩,to shrug one's shoulders,sǒngjiān
嬉笑,to be laughing and playing; to giggle,xīxiào
俯首,to bend one's head,fǔshǒu
顾全大局,to take the big picture into consideration (idiom); to work for the benefits of all,gùquándàjú
敲边鼓,to back sb up; to support sb in an argument; (lit. to beat nearby drum),qiāobiāngǔ
扣人心弦,to excite; to thrill; exciting; thrilling; cliff-hanging,kòurénxīnxián
一锅粥,(lit.) a pot of porridge; (fig.) a complete mess,yīguōzhōu
天经地义,lit. heaven's law and earth's principle (idiom); fig. right and proper; right and unalterable; a matter of course,tiānjīngdìyì
僻静,lonely; secluded,pìjìng
旷课,to play truant; to cut classes,kuàngkè
投机取巧,to seize every opportunity; to be full of tricks,tóujīqǔqiǎo
抠门儿,(dialect) stingy,kōuménr
无理取闹,to make trouble without reason (idiom); to be deliberately provocative,wúlǐqǔnào
输卵管,Fallopian tube; oviduct,shūluǎnguǎn
打岔,interruption; to interrupt (esp. talk); to change the subject,dǎchà
冰棍儿,ice lolly; popsicle,bīnggùnr
三番五次,over and over again (idiom),sānfānwǔcì
圆珠笔,ballpoint pen,yuánzhūbǐ
从早到晚,N/A,N/A
无微不至,in every possible way (idiom); meticulous,wúwēibùzhì
晶莹,sparkling and translucent,jīngyíng
门当户对,the families are well-matched in terms of social status (idiom); (of a prospective marriage partner) an appropriate match,méndānghùduì
约定俗成,established by popular usage (idiom); common usage agreement; customary convention,yuēdìngsúchéng
潮气蓬勃,N/A,N/A
舅父,mother's brother; maternal uncle,jiùfù
得意扬扬,,déyìyángyáng
一揽子,all-inclusive; undiscriminating,yīlǎnzi
潦草,careless; slovenly; illegible (of handwriting),liáocǎo
酌情,to use discretion; to take circumstances into account; to make allowances pertinent to a situation,zhuóqíng
豁出去,to throw caution to the wind; to press one's luck; to go for broke,huōchuqu
哄堂大笑,the whole room roaring with laughter (idiom),hōngtángdàxiào
无可奉告,"(idiom) ""no comment""",wúkěfènggào
举一反三,to raise one and infer three; to deduce many things from one case (idiom),jǔyīfǎnsān
半真半假,(idiom) half true and half false,bànzhēnbànjiǎ
秧歌,"Yangge, a popular rural folk dance",yāngge
粗心大意,negligent; careless; inadvertent,cūxīndàyì
侃大山,to chatter idly; to gossip; to boast or brag,kǎndàshān
综上所述,to summarize; to sum up,zōngshàngsuǒshù
害臊,to be bashful; to feel ashamed,hàisào
纵恨交错,N/A,N/A
青霉素,penicillin,qīngméisù
峰回路转,the mountain road twists around each new peak (idiom); (of a mountain road) twisting and turning; fig. an opportunity has come unexpectedly; things have taken a new turn,fēnghuílùzhuǎn
鹏程万里,the fabled roc flies ten thousand miles (idiom); one's future prospects are brilliant,péngchéngwànlǐ
千军万马,magnificent army with thousands of men and horses (idiom); impressive display of manpower; all the King's horses and all the King's men,qiānjūnwànmǎ
头头是道,clear and logical,tóutóushìdào
姥爷,maternal grandfather (dialectal),lǎoye
见钱眼开,to open one's eyes wide at the sight of profit (idiom); thinking of nothing but personal gain; money-grubbing,jiànqiányǎnkāi
分赃,to share the booty; to divide ill-gotten gains,fēnzāng
大大咧咧,carefree; offhand; casual,dàdàliēliē
无恶不作,not to shrink from any crime (idiom); to commit any imaginable misdeed,wúèbùzuò
异口同声,"different mouths, same voice; to speak in unison (idiom)",yìkǒutóngshēng
对弈,"to play go, chess etc",duìyì
各奔前程,each goes his own way (idiom); each person has his own life to lead,gèbènqiánchéng
从容不迫,calm; unruffled,cóngróngbùpò
异想天开,to imagine the wildest thing; to indulge in fantasy,yìxiǎngtiānkāi
容光焕发,face glowing (idiom); looking radiant; all smiles,róngguānghuànfā
千变万化,countless changes; constant permutation,qiānbiànwànhuà
絮叨,long-winded; garrulous; to talk endlessly without getting to the point,xùdao
有两下子,to have real skill; to know one's stuff,yǒuliǎngxiàzi
原汁原味,original; authentic,yuánzhīyuánwèi
东张西望,to look in all directions (idiom); to glance around,dōngzhāngxīwàng
杂乱无章,disordered and in a mess (idiom); all mixed up and chaotic,záluànwúzhāng
万古长青,remain fresh; last forever; eternal,wàngǔchángqīng
大腕儿,N/A,N/A
朝夕相处,N/A,N/A
可乘之机,N/A,N/A
似是而非,apparently right but actually wrong; specious (idiom),sìshìérfēi
寥寥无几,just a very few (idiom); tiny number; not many at all; You count them on your fingers.,liáoliáowújǐ
变幻莫测,to change unpredictably; unpredictable; erratic; treacherous,biànhuànmòcè
踱步,to pace; to stroll,duóbù
夜以继日,night and day (idiom); continuous strenuous effort,yèyǐjìrì
赞不绝口,to praise without cease (idiom); praise sb to high heaven,zànbùjuékǒu
吃苦耐劳,hardworking and enduring hardships (idiom),chīkǔnàiláo
水涨船高,"the tide rises, the boat floats (idiom); fig. to change with the overall trend; to develop according to the situation",shuǐzhǎngchuángāo
生龙活虎,lit. lively dragon and animated tiger (idiom); fig. vigorous and lively,shēnglónghuóhǔ
灵机一动,a bright idea suddenly occurs (idiom); to hit upon an inspiration; to be struck by a brainwave,língjīyīdòng
众志成城,unity of will is an impregnable stronghold (idiom),zhòngzhìchéngchéng
连滚带爬,rolling and crawling; trying frantically to escape (idiom),liángǔndàipá
热腾腾,N/A,N/A
居高临下,to live high and look down (idiom); to overlook; to tower above; to occupy the high ground; fig. arrogance based on one's social position,jūgāolínxià
水落石出,"as the water recedes, the rocks appear (idiom); the truth comes to light",shuǐluòshíchū
思前想后,to consider past cause and future effect (idiom); to think over the past and future; to ponder over reasons and connection,sīqiánxiǎnghòu
慕名而来,to come to a place on account of its reputation (idiom); attracted to visit a famous location,mùmíngérlái
经久不息,N/A,N/A
扑面而来,lit. sth hits one in the face; directly in one's face; sth assaults the senses; blatant (advertising); eye-catching; (a smell) assaults the nostrils,pūmiànérlái
形影不离,inseparable (as form and shadow),xíngyǐngbùlí
马马虎虎,careless; casual; vague; not so bad; so-so; tolerable; fair,mǎmahūhū
暴风骤雨,violent wind and rainstorm; hurricane; tempest,bàofēngzhòuyǔ
风和日丽,"moderate wind, beautiful sun (idiom); fine sunny weather, esp. in springtime",fēnghérìlì
无精打采,dispirited and downcast (idiom); listless; in low spirits; washed out,wújīngdǎcǎi
多劳多得,work more and get more,duōláoduōdé
川流不息,the stream flows without stopping (idiom); unending flow,chuānliúbùxī
讥笑,to sneer,jīxiào
抬不起头,N/A,N/A
身不由己,without the freedom to act independently (idiom); involuntary; not of one's own volition; in spite of oneself,shēnbùyóujǐ
忍饥挨饿,starving; famished,rěnjīáiè
衣食住行,"clothing, food, housing and transport (idiom); people's basic needs",yīshízhùxíng
千钧一发,a thousand pounds hangs by a thread (idiom); imminent peril; a matter of life or death,qiānjūnyīfà
羽绒服,down-filled garment,yǔróngfú
损人利己,harming others for one's personal benefit (idiom); personal gain to the detriment of others,sǔnrénlìjǐ
天长地久,enduring while the world lasts (idiom); eternal,tiānchángdìjiǔ
惊天动地,world-shaking (idiom),jīngtiāndòngdì
事半功倍,"half the work, twice the effect (idiom); the right approach saves effort and leads to better results; a stitch in time saves nine",shìbàngōngbèi
奇花异草,"very rarely seen, unusual (idiom)",qíhuāyìcǎo
一技之长,proficiency in a particular field (idiom); skill in a specialized area (idiom),yījìzhīcháng
滔滔不绝,unceasing torrent (idiom); talking non-stop; gabbling forty to the dozen,tāotāobùjué
爱不释手,to love sth too much to part with it (idiom); to fondle admiringly,àibùshìshǒu
依依不舍,reluctant to part (idiom); broken-hearted at having to leave,yīyībùshě
前赴后继,to advance dauntlessly in wave upon wave (idiom),qiánfùhòujì
精打细算,meticulous planning and careful accounting (idiom),jīngdǎxìsuàn
东奔西走,to run this way and that (idiom); to rush about busily; to bustle about; to hopscotch; also 東跑西顛|东跑西颠[dong1 pao3 xi1 dian1],dōngbēnxīzǒu
大名鼎鼎,grand reputation; renowned; famous,dàmíngdǐngdǐng
喜出望外,to be pleased beyond one's expectations (idiom); overjoyed at the turn of events,xǐchūwàngwài
大包大揽,to take complete charge (idiom),dàbāodàlǎn
死心塌地,to be hell-bent on; dead set on sth; unswerving,sǐxīntādì
恋恋不舍,reluctant to part,liànliànbùshě
敬而远之,to show respect from a distance (idiom); to remain at a respectful distance,jìngéryuǎnzhī
一毛不拔,stingy (idiom),yīmáobùbá
美滋滋,very happy; elated,měizīzī
争分夺秒,"lit. fight minutes, snatch seconds (idiom); a race against time; making every second count",zhēngfēnduómiǎo
不翼而飞,to disappear without trace; to vanish all of a sudden; to spread fast; to spread like wildfire,bùyìérfēi
风餐露宿,N/A,N/A
交头接耳,to whisper to one another's ear,jiāotóujiēěr
不辞而别,to leave without saying good-bye,bùcíérbié
大模大样,boldly; ostentatiously; poised; self-assured; Taiwan pr. [da4 mo2 da4 yang4],dàmúdàyàng
聚精会神,to concentrate one's attention (idiom),jùjīnghuìshén
岂有此理,how can this be so? (idiom); preposterous; ridiculous; absurd,qǐyǒucǐlǐ
改邪归正,to mend one's ways (idiom); to turn over a new leaf,gǎixiéguīzhèng
垂头丧气,hanging one's head dispiritedly (idiom); dejected; crestfallen,chuítóusàngqì
斩草除根,to cut weeds and eliminate the roots (idiom); to destroy root and branch; to eliminate completely,zhǎncǎochúgēn
引经据典,lit. to quote the classics; to quote chapter and verse (idiom),yǐnjīngjùdiǎn
张灯结彩,to be decorated with lanterns and colored banners (idiom),zhāngdēngjiécǎi
一鼓作气,in a spurt of energy,yīgǔzuòqì
沉甸甸,heavy,chéndiàndiàn
搐动,N/A,N/A
半信半疑,half doubting; dubious; skeptical,bànxìnbànyí
胸有成竹,to plan in advance (idiom); a card up one's sleeve; forewarned is forearmed,xiōngyǒuchéngzhú
面面俱到,(idiom) take care of everything; handle everything,miànmiànjùdào
足智多谋,resourceful; full of stratagems,zúzhìduōmóu
笑眯眯,beaming; all smiles,xiàomīmī
萍水相逢,strangers coming together by chance (idiom),píngshuǐxiāngféng
鸦雀无声,lit. crow and peacock make no sound; absolute silence (idiom); not a single voice can be heard; absolute silence,yāquèwúshēng
一筹莫展,to be unable to find a solution; to be at wits' end,yīchóumòzhǎn
面红耳赤,flushed with anger (or excitement),miànhóngěrchì
暖烘烘,nice and warm; cozy; heartwarming,nuǎnhōnghōng
见仁见智,opinions differ (idiom),jiànrénjiànzhì
画蛇添足,lit. draw legs on a snake (idiom); fig. to ruin the effect by adding sth superfluous; to overdo it,huàshétiānzú
如醉如痴,lit. as if drunk and stupefied (idiom); intoxicated by sth; obsessed with; mad about sth; also written 如癡如醉|如痴如醉[ru2 chi1 ru2 zui4],rúzuìrúchī
欢声笑语,N/A,N/A
绘声绘色,vivid and colorful (idiom); true to life; lively and realistic,huìshēnghuìsè
优胜劣汰,survival of the fittest (idiom),yōushèngliètài
一声不吭,to not say a word,yīshēngbùkēng
七嘴八舌,lively discussion with everybody talking at once,qīzuǐbāshé
夸夸其谈,to talk big; to sound off; bombastic; grandiloquent,kuākuāqítán
节衣缩食,to save on food and clothing (idiom); to live frugally,jiéyīsuōshí
左顾右盼,glancing to left and right (idiom); to look all around,zuǒgùyòupàn
光明磊落,open and candid (idiom); straightforward and upright,guāngmínglěiluò
窟窿,hole; pocket; cavity; loophole; debt,kūlong
挨家挨户,to go from house to house,āijiāāihù
酸甜苦辣,"sour, sweet, bitter and spicy hot; fig. the joys and sorrows of life",suāntiánkǔlà
开天辟地,to split heaven and earth apart (idiom); refers to the Pangu 盤古|盘古[Pan2 gu3] creation myth,kāitiānpìdì
任人宰割,to get trampled on (idiom); to be taken advantage of,rènrénzǎigē
耐人寻味,thought-provoking; worth thinking over; to provide food for thought,nàirénxúnwèi
津津有味,with keen interest (idiom); with great pleasure; with gusto; eagerly,jīnjīnyǒuwèi
打盹儿,erhua variant of 打盹[da3 dun3],dǎdǔnr
乘人之危,to take advantage of sb's precarious position,chéngrénzhīwēi
朝三暮四,lit. say three in the morning but four in the evening (idiom); to change sth that is already settled upon; indecisive; to blow hot and cold,zhāosānmùsì
亡羊补牢,lit. to mend the pen after sheep are lost (idiom); fig. to act belatedly; better late than never; to lock the stable door after the horse has bolted,wángyángbǔláo
翻来覆去,to toss and turn (sleeplessly); again and again,fānláifùqù
守株待兔,"lit. to guard a tree-stump, waiting for rabbits (idiom); to wait idly for opportunities; to trust to chance rather than show initiative",shǒuzhūdàitù
化险为夷,to turn peril into safety (idiom); to avert disaster,huàxiǎnwéiyí
不耻下问,not feel ashamed to ask and learn from one's subordinates,bùchǐxiàwèn
鹤立鸡群,a crane in a flock of chicken (idiom); way above the common; manifestly superior,hèlìjīqún
耳熟能详,what's frequently heard can be repeated in detail (idiom),ěrshúnéngxiáng
盛气凌人,overbearing; arrogant bully,shèngqìlíngrén
精益求精,to perfect sth that is already outstanding (idiom); constantly improving,jīngyìqiújīng
横七竖八,in disorder; at sixes and sevens (idiom),héngqīshùbā
有的放矢,N/A,N/A
悲欢离合,joys and sorrows; partings and reunions; the vicissitudes of life,bēihuānlíhé
愚公移山,"the old man moves mountains (idiom); fig. where there's a will, there's a way",yúgōngyíshān
眉开眼笑,"brows raised in delight, eyes laughing (idiom); beaming with joy; all smiles",méikāiyǎnxiào
怡然自得,happy and content (idiom),yíránzìdé
忽高忽低,N/A,N/A
喜怒哀乐,"four types of human emotions, namely: happiness 歡喜|欢喜[huan1 xi3], anger 憤怒|愤怒[fen4 nu4], sorrow 悲哀[bei1 ai1] and joy 快樂|快乐[kuai4 le4]",xǐnùāilè
别具匠心,N/A,N/A
前仰后合,to sway to and fro; to rock back and forth,qiányǎnghòuhé
可歌可泣,lit. you can sing or you can cry (idiom); fig. deeply moving; happy and sad; inspiring and tragic,kěgēkěqì
同舟共济,cross a river in the same boat (idiom); fig. having common interests; obliged to collaborate towards common goals,tóngzhōugòngjì
愁眉苦脸,to look anxious (idiom); to look miserable,chóuméikǔliǎn
刻舟求剑,lit. a notch on the side of a boat to locate a sword dropped overboard (idiom); fig. an action made pointless by changed circumstances,kèzhōuqiújiàn
心急如焚,N/A,N/A
废寝忘食,to neglect sleep and forget about food (idiom); to skip one's sleep and meals; to be completely wrapped up in one's work,fèiqǐnwàngshí
呼风唤雨,to call the wind and summon the rain (idiom); to exercise magical powers; fig. to stir up troubles,hūfēnghuànyǔ
目不转睛,unable to take one's eyes off (idiom); to gaze steadily; to stare,mùbùzhuǎnjīng
画龙点睛,to paint a dragon and dot in the eyes (idiom); fig. to add the vital finishing touch; the crucial point that brings the subject to life; a few words to clinch the point,huàlóngdiǎnjīng
发愤图强,to be strongly determined to succeed (idiom),fāfèntúqiáng
彬彬有礼,refined and courteous; urbane,bīnbīnyǒulǐ
抑扬顿挫,see 頓挫抑揚|顿挫抑扬[dun4 cuo4 yi4 yang2],yìyángdùncuò
沽名钓誉,to angle for fame (idiom); to fish for compliments,gūmíngdiàoyù
勤工俭学,to work part time while studying; work-study program,qíngōngjiǎnxué
恼羞成怒,to fly into a rage out of humiliation; to be ashamed into anger (idiom),nǎoxiūchéngnù
孤陋寡闻,ignorant and inexperienced; ill-informed and narrow-minded,gūlòuguǎwén
兢兢业业,cautious and conscientious,jīngjīngyèyè
踱来踱去,N/A,N/A
熙熙攘攘,bustling with activity (idiom),xīxīrǎngrǎng
温和 he,N/A,N/A
同行 háng,N/A,N/A
调 tiáo,N/A,N/A
同行 xíng,N/A,N/A
温和 huo,N/A,N/A
炸 zhá,N/A,N/A
炸 zhà,N/A,N/A
伺机 sìjī,N/A,N/A
调 diào,N/A,N/A
